base_id,modelo,origin_time,target_time,y_true,y_pred,training_target_cutoff,residual
base_02,sarimax,2017-11-16 20:00:00,2017-11-16 21:00:00,3069.0,3188.2909550336385,2017-11-16 20:00:00,-119.29095503363851
base_02,sarimax,2017-11-16 21:00:00,2017-11-16 22:00:00,3643.0,3215.8936412414278,2017-11-16 21:00:00,427.10635875857224
base_02,sarimax,2017-11-16 22:00:00,2017-11-16 23:00:00,2158.0,3769.6461295830104,2017-11-16 22:00:00,-1611.6461295830104
base_02,sarimax,2017-11-16 23:00:00,2017-11-17 00:00:00,760.0,2204.6305930705757,2017-11-16 23:00:00,-1444.6305930705757
base_02,sarimax,2017-11-17 00:00:00,2017-11-17 01:00:00,469.0,773.3874551139886,2017-11-17 00:00:00,-304.3874551139886
base_02,sarimax,2017-11-17 01:00:00,2017-11-17 02:00:00,316.0,412.76043063751354,2017-11-17 01:00:00,-96.76043063751354
base_02,sarimax,2017-11-17 02:00:00,2017-11-17 03:00:00,405.0,473.8839826905862,2017-11-17 02:00:00,-68.88398269058621
base_02,sarimax,2017-11-17 03:00:00,2017-11-17 04:00:00,851.0,550.5640587015357,2017-11-17 03:00:00,300.4359412984643
base_02,sarimax,2017-11-17 04:00:00,2017-11-17 05:00:00,2809.0,881.6766699281976,2017-11-17 04:00:00,1927.3233300718025
base_02,sarimax,2017-11-17 05:00:00,2017-11-17 06:00:00,5672.0,2831.218040586158,2017-11-17 05:00:00,2840.781959413842
base_02,sarimax,2017-11-17 06:00:00,2017-11-17 07:00:00,5849.0,5669.659579613096,2017-11-17 06:00:00,179.34042038690404
base_02,sarimax,2017-11-17 07:00:00,2017-11-17 08:00:00,5344.0,5806.33232399447,2017-11-17 07:00:00,-462.33232399447024
base_02,sarimax,2017-11-17 08:00:00,2017-11-17 09:00:00,5132.0,5140.867845543281,2017-11-17 08:00:00,-8.867845543280964
base_02,sarimax,2017-11-17 09:00:00,2017-11-17 10:00:00,4706.0,4832.099073135571,2017-11-17 09:00:00,-126.09907313557142
base_02,sarimax,2017-11-17 10:00:00,2017-11-17 11:00:00,5128.0,4690.657924096861,2017-11-17 10:00:00,437.3420759031387
base_02,sarimax,2017-11-17 11:00:00,2017-11-17 12:00:00,5308.0,5187.505532685442,2017-11-17 11:00:00,120.49446731455828
base_02,sarimax,2017-11-17 12:00:00,2017-11-17 13:00:00,5105.0,5329.719538661675,2017-11-17 12:00:00,-224.71953866167496
base_02,sarimax,2017-11-17 13:00:00,2017-11-17 14:00:00,5488.0,5149.478881042233,2017-11-17 13:00:00,338.5211189577667
base_02,sarimax,2017-11-17 14:00:00,2017-11-17 15:00:00,5906.0,5447.72445369874,2017-11-17 14:00:00,458.27554630125996
base_02,sarimax,2017-11-17 15:00:00,2017-11-17 16:00:00,6629.0,5896.234232755418,2017-11-17 15:00:00,732.7657672445821
base_02,sarimax,2017-11-17 16:00:00,2017-11-17 17:00:00,5965.0,6647.11511097172,2017-11-17 16:00:00,-682.1151109717202
base_02,sarimax,2017-11-17 17:00:00,2017-11-17 18:00:00,5100.0,5924.326383143903,2017-11-17 17:00:00,-824.3263831439026
base_02,sarimax,2017-11-17 18:00:00,2017-11-17 19:00:00,3774.0,5053.28413970462,2017-11-17 18:00:00,-1279.2841397046204
base_02,sarimax,2017-11-17 19:00:00,2017-11-17 20:00:00,3077.0,3698.9731668722366,2017-11-17 19:00:00,-621.9731668722366
base_02,sarimax,2017-11-17 20:00:00,2017-11-17 21:00:00,3030.0,3145.3708846546774,2017-11-17 20:00:00,-115.37088465467741
base_02,sarimax,2017-11-17 21:00:00,2017-11-17 22:00:00,2630.0,3112.130814246643,2017-11-17 21:00:00,-482.1308142466428
base_02,sarimax,2017-11-17 22:00:00,2017-11-17 23:00:00,2657.0,2766.8735420185117,2017-11-17 22:00:00,-109.87354201851167
base_02,sarimax,2017-11-17 23:00:00,2017-11-18 00:00:00,1222.0,2724.97785974838,2017-11-17 23:00:00,-1502.97785974838
base_02,sarimax,2017-11-18 00:00:00,2017-11-18 01:00:00,709.0,1223.1156580386348,2017-11-18 00:00:00,-514.1156580386348
base_02,sarimax,2017-11-18 01:00:00,2017-11-18 02:00:00,496.0,740.3283545635641,2017-11-18 01:00:00,-244.32835456356406
base_02,sarimax,2017-11-18 02:00:00,2017-11-18 03:00:00,433.0,491.40150717346756,2017-11-18 02:00:00,-58.401507173467564
base_02,sarimax,2017-11-18 03:00:00,2017-11-18 04:00:00,392.0,579.7528671276463,2017-11-18 03:00:00,-187.75286712764625
base_02,sarimax,2017-11-18 04:00:00,2017-11-18 05:00:00,801.0,443.9155918402625,2017-11-18 04:00:00,357.0844081597375
base_02,sarimax,2017-11-18 05:00:00,2017-11-18 06:00:00,1385.0,819.943267771803,2017-11-18 05:00:00,565.056732228197
base_02,sarimax,2017-11-18 06:00:00,2017-11-18 07:00:00,2115.0,1384.5538136436815,2017-11-18 06:00:00,730.4461863563185
base_02,sarimax,2017-11-18 07:00:00,2017-11-18 08:00:00,3136.0,2109.0299850412534,2017-11-18 07:00:00,1026.9700149587466
base_02,sarimax,2017-11-18 08:00:00,2017-11-18 09:00:00,3676.0,3085.171435300328,2017-11-18 08:00:00,590.8285646996719
base_02,sarimax,2017-11-18 09:00:00,2017-11-18 10:00:00,4034.0,3612.7946352069607,2017-11-18 09:00:00,421.2053647930393
base_02,sarimax,2017-11-18 10:00:00,2017-11-18 11:00:00,4517.0,3952.8373588622403,2017-11-18 10:00:00,564.1626411377597
base_02,sarimax,2017-11-18 11:00:00,2017-11-18 12:00:00,4590.0,4434.932807672421,2017-11-18 11:00:00,155.0671923275786
base_02,sarimax,2017-11-18 12:00:00,2017-11-18 13:00:00,4876.0,4546.219274675649,2017-11-18 12:00:00,329.7807253243509
base_02,sarimax,2017-11-18 13:00:00,2017-11-18 14:00:00,4729.0,4844.638443381785,2017-11-18 13:00:00,-115.63844338178478
base_02,sarimax,2017-11-18 14:00:00,2017-11-18 15:00:00,4754.0,4682.823557221728,2017-11-18 14:00:00,71.17644277827185
base_02,sarimax,2017-11-18 15:00:00,2017-11-18 16:00:00,4939.0,4736.417032984941,2017-11-18 15:00:00,202.58296701505878
base_02,sarimax,2017-11-18 16:00:00,2017-11-18 17:00:00,4852.0,4892.11508948878,2017-11-18 16:00:00,-40.11508948877963
base_02,sarimax,2017-11-18 17:00:00,2017-11-18 18:00:00,4556.0,4844.135891393109,2017-11-18 17:00:00,-288.135891393109
base_02,sarimax,2017-11-18 18:00:00,2017-11-18 19:00:00,3733.0,4532.490305133796,2017-11-18 18:00:00,-799.490305133796
base_02,sarimax,2017-11-18 19:00:00,2017-11-18 20:00:00,3181.0,3702.529552961338,2017-11-18 19:00:00,-521.5295529613381
base_02,sarimax,2017-11-18 20:00:00,2017-11-18 21:00:00,3011.0,3166.106826375651,2017-11-18 20:00:00,-155.10682637565105
base_02,sarimax,2017-11-18 21:00:00,2017-11-18 22:00:00,3358.0,3014.8866658761003,2017-11-18 21:00:00,343.1133341238997
base_02,sarimax,2017-11-18 22:00:00,2017-11-18 23:00:00,3347.0,3428.220111348987,2017-11-18 22:00:00,-81.22011134898685
base_02,sarimax,2017-11-18 23:00:00,2017-11-19 00:00:00,1529.0,3397.765850832104,2017-11-18 23:00:00,-1868.7658508321042
base_02,sarimax,2017-11-19 00:00:00,2017-11-19 01:00:00,996.0,1537.8777622137795,2017-11-19 00:00:00,-541.8777622137795
base_02,sarimax,2017-11-19 01:00:00,2017-11-19 02:00:00,726.0,950.279028548807,2017-11-19 01:00:00,-224.279028548807
base_02,sarimax,2017-11-19 02:00:00,2017-11-19 03:00:00,439.0,720.9863022673393,2017-11-19 02:00:00,-281.9863022673393
base_02,sarimax,2017-11-19 03:00:00,2017-11-19 04:00:00,407.0,617.6482997536658,2017-11-19 03:00:00,-210.6482997536658
base_02,sarimax,2017-11-19 04:00:00,2017-11-19 05:00:00,738.0,457.85453114455225,2017-11-19 04:00:00,280.14546885544775
base_02,sarimax,2017-11-19 05:00:00,2017-11-19 06:00:00,1138.0,761.4710858873607,2017-11-19 05:00:00,376.5289141126393
base_02,sarimax,2017-11-19 06:00:00,2017-11-19 07:00:00,1498.0,1157.870633530918,2017-11-19 06:00:00,340.129366469082
base_02,sarimax,2017-11-19 07:00:00,2017-11-19 08:00:00,2214.0,1494.468678479314,2017-11-19 07:00:00,719.5313215206861
base_02,sarimax,2017-11-19 08:00:00,2017-11-19 09:00:00,3432.0,2182.937885656415,2017-11-19 08:00:00,1249.062114343585
base_02,sarimax,2017-11-19 09:00:00,2017-11-19 10:00:00,4460.0,3413.308719500269,2017-11-19 09:00:00,1046.691280499731
base_02,sarimax,2017-11-19 10:00:00,2017-11-19 11:00:00,4195.0,4455.729910908428,2017-11-19 10:00:00,-260.7299109084279
base_02,sarimax,2017-11-19 11:00:00,2017-11-19 12:00:00,4185.0,4161.89766223522,2017-11-19 11:00:00,23.102337764779804
base_02,sarimax,2017-11-19 12:00:00,2017-11-19 13:00:00,4115.0,4094.617602571112,2017-11-19 12:00:00,20.382397428887998
base_02,sarimax,2017-11-19 13:00:00,2017-11-19 14:00:00,4121.0,4043.749920646015,2017-11-19 13:00:00,77.2500793539848
base_02,sarimax,2017-11-19 14:00:00,2017-11-19 15:00:00,4329.0,4185.1156446894765,2017-11-19 14:00:00,143.88435531052346
base_02,sarimax,2017-11-19 15:00:00,2017-11-19 16:00:00,4555.0,4360.888956950861,2017-11-19 15:00:00,194.11104304913897
base_02,sarimax,2017-11-19 16:00:00,2017-11-19 17:00:00,4505.0,4578.52240110503,2017-11-19 16:00:00,-73.52240110503044
base_02,sarimax,2017-11-19 17:00:00,2017-11-19 18:00:00,3560.0,4485.771908333962,2017-11-19 17:00:00,-925.7719083339616
base_02,sarimax,2017-11-19 18:00:00,2017-11-19 19:00:00,2989.0,3494.40446409795,2017-11-19 18:00:00,-505.40446409795004
base_02,sarimax,2017-11-19 19:00:00,2017-11-19 20:00:00,2477.0,2958.5344583186106,2017-11-19 19:00:00,-481.53445831861063
base_02,sarimax,2017-11-19 20:00:00,2017-11-19 21:00:00,1898.0,2490.9617228312854,2017-11-19 20:00:00,-592.9617228312854
base_02,sarimax,2017-11-19 21:00:00,2017-11-19 22:00:00,1413.0,1995.4786093309172,2017-11-19 21:00:00,-582.4786093309172
base_02,sarimax,2017-11-19 22:00:00,2017-11-19 23:00:00,991.0,1474.3780937815905,2017-11-19 22:00:00,-483.37809378159045
base_02,sarimax,2017-11-19 23:00:00,2017-11-20 00:00:00,484.0,1032.554364302998,2017-11-19 23:00:00,-548.554364302998
base_02,sarimax,2017-11-20 00:00:00,2017-11-20 01:00:00,331.0,544.9277952018715,2017-11-20 00:00:00,-213.9277952018715
base_02,sarimax,2017-11-20 01:00:00,2017-11-20 02:00:00,239.0,373.2917204762788,2017-11-20 01:00:00,-134.29172047627878
base_02,sarimax,2017-11-20 02:00:00,2017-11-20 03:00:00,373.0,269.32746603502835,2017-11-20 02:00:00,103.67253396497165
base_02,sarimax,2017-11-20 03:00:00,2017-11-20 04:00:00,848.0,416.6376836988054,2017-11-20 03:00:00,431.3623163011946
base_02,sarimax,2017-11-20 04:00:00,2017-11-20 05:00:00,2851.0,862.6806818232795,2017-11-20 04:00:00,1988.3193181767206
base_02,sarimax,2017-11-20 05:00:00,2017-11-20 06:00:00,5208.0,2858.1596662048255,2017-11-20 05:00:00,2349.8403337951745
base_02,sarimax,2017-11-20 06:00:00,2017-11-20 07:00:00,6600.0,5195.402021482046,2017-11-20 06:00:00,1404.5979785179543
base_02,sarimax,2017-11-20 07:00:00,2017-11-20 08:00:00,5918.0,6543.582922676544,2017-11-20 07:00:00,-625.5829226765436
base_02,sarimax,2017-11-20 08:00:00,2017-11-20 09:00:00,5020.0,5709.6162070595,2017-11-20 08:00:00,-689.6162070595001
base_02,sarimax,2017-11-20 09:00:00,2017-11-20 10:00:00,4583.0,4793.7672807305,2017-11-20 09:00:00,-210.7672807304998
base_02,sarimax,2017-11-20 10:00:00,2017-11-20 11:00:00,4556.0,4480.746660982008,2017-11-20 10:00:00,75.2533390179924
base_02,sarimax,2017-11-20 11:00:00,2017-11-20 12:00:00,4812.0,4657.056985850067,2017-11-20 11:00:00,154.94301414993333
base_02,sarimax,2017-11-20 12:00:00,2017-11-20 13:00:00,4866.0,4936.545993521285,2017-11-20 12:00:00,-70.5459935212848
base_02,sarimax,2017-11-20 13:00:00,2017-11-20 14:00:00,5095.0,4927.36120900238,2017-11-20 13:00:00,167.63879099762016
base_02,sarimax,2017-11-20 14:00:00,2017-11-20 15:00:00,5769.0,5116.805583701419,2017-11-20 14:00:00,652.194416298581
base_02,sarimax,2017-11-20 15:00:00,2017-11-20 16:00:00,6629.0,5752.623669869418,2017-11-20 15:00:00,876.3763301305817
base_02,sarimax,2017-11-20 16:00:00,2017-11-20 17:00:00,6013.0,6632.01106135806,2017-11-20 16:00:00,-619.01106135806
base_02,sarimax,2017-11-20 17:00:00,2017-11-20 18:00:00,4162.0,5990.729506361426,2017-11-20 17:00:00,-1828.7295063614256
base_02,sarimax,2017-11-20 18:00:00,2017-11-20 19:00:00,3029.0,4087.7107285333027,2017-11-20 18:00:00,-1058.7107285333027
base_02,sarimax,2017-11-20 19:00:00,2017-11-20 20:00:00,2612.0,2938.258332640489,2017-11-20 19:00:00,-326.2583326404888
base_02,sarimax,2017-11-20 20:00:00,2017-11-20 21:00:00,2595.0,2661.3987449184156,2017-11-20 20:00:00,-66.39874491841556
base_02,sarimax,2017-11-20 21:00:00,2017-11-20 22:00:00,3268.0,2790.996103002981,2017-11-20 21:00:00,477.0038969970192
base_02,sarimax,2017-11-20 22:00:00,2017-11-20 23:00:00,1174.0,3377.769134707892,2017-11-20 22:00:00,-2203.769134707892
base_02,sarimax,2017-11-20 23:00:00,2017-11-21 00:00:00,560.0,1217.9756335549805,2017-11-20 23:00:00,-657.9756335549805
base_02,sarimax,2017-11-21 00:00:00,2017-11-21 01:00:00,373.0,554.6169455242482,2017-11-21 00:00:00,-181.6169455242482
base_02,sarimax,2017-11-21 01:00:00,2017-11-21 02:00:00,247.0,278.5288566492535,2017-11-21 01:00:00,-31.5288566492535
base_02,sarimax,2017-11-21 02:00:00,2017-11-21 03:00:00,381.0,432.0015574631697,2017-11-21 02:00:00,-51.00155746316972
base_02,sarimax,2017-11-21 03:00:00,2017-11-21 04:00:00,867.0,416.98647549892996,2017-11-21 03:00:00,450.01352450107004
base_02,sarimax,2017-11-21 04:00:00,2017-11-21 05:00:00,2906.0,860.3629453101598,2017-11-21 04:00:00,2045.6370546898402
base_02,sarimax,2017-11-21 05:00:00,2017-11-21 06:00:00,5793.0,2886.5281404510815,2017-11-21 05:00:00,2906.4718595489185
base_02,sarimax,2017-11-21 06:00:00,2017-11-21 07:00:00,6796.0,5762.2472511616015,2017-11-21 06:00:00,1033.7527488383985
base_02,sarimax,2017-11-21 07:00:00,2017-11-21 08:00:00,5932.0,6741.996723605258,2017-11-21 07:00:00,-809.996723605258
base_02,sarimax,2017-11-21 08:00:00,2017-11-21 09:00:00,5354.0,5700.598286985172,2017-11-21 08:00:00,-346.5982869851723
base_02,sarimax,2017-11-21 09:00:00,2017-11-21 10:00:00,4682.0,5037.3139385083405,2017-11-21 09:00:00,-355.31393850834047
base_02,sarimax,2017-11-21 10:00:00,2017-11-21 11:00:00,4877.0,4567.057324982526,2017-11-21 10:00:00,309.94267501747436
base_02,sarimax,2017-11-21 11:00:00,2017-11-21 12:00:00,5069.0,4983.363963610464,2017-11-21 11:00:00,85.63603638953555
base_02,sarimax,2017-11-21 12:00:00,2017-11-21 13:00:00,5268.0,5138.076333948449,2017-11-21 12:00:00,129.92366605155075
base_02,sarimax,2017-11-21 13:00:00,2017-11-21 14:00:00,5314.0,5349.098810948224,2017-11-21 13:00:00,-35.09881094822413
base_02,sarimax,2017-11-21 14:00:00,2017-11-21 15:00:00,5823.0,5299.225487900288,2017-11-21 14:00:00,523.7745120997124
base_02,sarimax,2017-11-21 15:00:00,2017-11-21 16:00:00,6669.0,5820.553756457922,2017-11-21 15:00:00,848.4462435420783
base_02,sarimax,2017-11-21 16:00:00,2017-11-21 17:00:00,6379.0,6641.609938053007,2017-11-21 16:00:00,-262.6099380530068
base_02,sarimax,2017-11-21 17:00:00,2017-11-21 18:00:00,4670.0,6361.971589389838,2017-11-21 17:00:00,-1691.9715893898383
base_02,sarimax,2017-11-21 18:00:00,2017-11-21 19:00:00,3208.0,4601.136245894419,2017-11-21 18:00:00,-1393.1362458944186
base_02,sarimax,2017-11-21 19:00:00,2017-11-21 20:00:00,2807.0,3106.8195327350218,2017-11-21 19:00:00,-299.81953273502177
base_02,sarimax,2017-11-21 20:00:00,2017-11-21 21:00:00,2583.0,2825.0123322963627,2017-11-21 20:00:00,-242.01233229636273
base_02,sarimax,2017-11-21 21:00:00,2017-11-21 22:00:00,1848.0,2740.1864432183806,2017-11-21 21:00:00,-892.1864432183806
base_02,sarimax,2017-11-21 22:00:00,2017-11-21 23:00:00,1111.0,1985.6643911927256,2017-11-21 22:00:00,-874.6643911927256
base_02,sarimax,2017-11-21 23:00:00,2017-11-22 00:00:00,633.0,1138.143425063945,2017-11-21 23:00:00,-505.14342506394496
base_02,sarimax,2017-11-22 00:00:00,2017-11-22 01:00:00,422.0,648.7464685635084,2017-11-22 00:00:00,-226.74646856350842
base_02,sarimax,2017-11-22 01:00:00,2017-11-22 02:00:00,320.0,483.33051615320267,2017-11-22 01:00:00,-163.33051615320267
base_02,sarimax,2017-11-22 02:00:00,2017-11-22 03:00:00,380.0,382.37754766980345,2017-11-22 02:00:00,-2.377547669803448
base_02,sarimax,2017-11-22 03:00:00,2017-11-22 04:00:00,861.0,429.440403916208,2017-11-22 03:00:00,431.559596083792
base_02,sarimax,2017-11-22 04:00:00,2017-11-22 05:00:00,2761.0,874.9721556616414,2017-11-22 04:00:00,1886.0278443383586
base_02,sarimax,2017-11-22 05:00:00,2017-11-22 06:00:00,5385.0,2757.0903936708573,2017-11-22 05:00:00,2627.9096063291427
base_02,sarimax,2017-11-22 06:00:00,2017-11-22 07:00:00,5983.0,5372.483439300486,2017-11-22 06:00:00,610.5165606995142
base_02,sarimax,2017-11-22 07:00:00,2017-11-22 08:00:00,5411.0,5926.102147986293,2017-11-22 07:00:00,-515.102147986293
base_02,sarimax,2017-11-22 08:00:00,2017-11-22 09:00:00,5036.0,5212.062693465725,2017-11-22 08:00:00,-176.0626934657248
base_02,sarimax,2017-11-22 09:00:00,2017-11-22 10:00:00,4830.0,4799.300722338614,2017-11-22 09:00:00,30.699277661386077
base_02,sarimax,2017-11-22 10:00:00,2017-11-22 11:00:00,5165.0,4806.4653365684335,2017-11-22 10:00:00,358.5346634315665
base_02,sarimax,2017-11-22 11:00:00,2017-11-22 12:00:00,5484.0,5244.34438045948,2017-11-22 11:00:00,239.6556195405201
base_02,sarimax,2017-11-22 12:00:00,2017-11-22 13:00:00,5650.0,5536.260400869005,2017-11-22 12:00:00,113.73959913099497
base_02,sarimax,2017-11-22 13:00:00,2017-11-22 14:00:00,5916.0,5688.335025660168,2017-11-22 13:00:00,227.66497433983204
base_02,sarimax,2017-11-22 14:00:00,2017-11-22 15:00:00,5793.0,5899.3302304740355,2017-11-22 14:00:00,-106.33023047403549
base_02,sarimax,2017-11-22 15:00:00,2017-11-22 16:00:00,6032.0,5768.309142698192,2017-11-22 15:00:00,263.69085730180814
base_02,sarimax,2017-11-22 16:00:00,2017-11-22 17:00:00,5177.0,6031.507581064752,2017-11-22 16:00:00,-854.5075810647522
base_02,sarimax,2017-11-22 17:00:00,2017-11-22 18:00:00,4347.0,5158.477000554541,2017-11-22 17:00:00,-811.4770005545406
base_02,sarimax,2017-11-22 18:00:00,2017-11-22 19:00:00,3179.0,4363.541480277326,2017-11-22 18:00:00,-1184.5414802773257
base_02,sarimax,2017-11-22 19:00:00,2017-11-22 20:00:00,2860.0,3162.673231020471,2017-11-22 19:00:00,-302.6732310204711
base_02,sarimax,2017-11-22 20:00:00,2017-11-22 21:00:00,2638.0,2958.2942286794278,2017-11-22 20:00:00,-320.29422867942776
base_02,sarimax,2017-11-22 21:00:00,2017-11-22 22:00:00,2077.0,2731.7930601957046,2017-11-22 21:00:00,-654.7930601957046
base_02,sarimax,2017-11-22 22:00:00,2017-11-22 23:00:00,1474.0,2196.45577068994,2017-11-22 22:00:00,-722.45577068994
base_02,sarimax,2017-11-22 23:00:00,2017-11-23 00:00:00,1324.0,1503.897538216478,2017-11-22 23:00:00,-179.8975382164781
base_02,sarimax,2017-11-23 00:00:00,2017-11-23 01:00:00,601.0,1340.0679704534984,2017-11-23 00:00:00,-739.0679704534984
base_02,sarimax,2017-11-23 01:00:00,2017-11-23 02:00:00,416.0,640.8046418618543,2017-11-23 01:00:00,-224.8046418618543
base_02,sarimax,2017-11-23 02:00:00,2017-11-23 03:00:00,320.0,449.49334320895935,2017-11-23 02:00:00,-129.49334320895935
base_02,sarimax,2017-11-23 03:00:00,2017-11-23 04:00:00,266.0,323.8153202689451,2017-11-23 03:00:00,-57.81532026894507
base_02,sarimax,2017-11-23 04:00:00,2017-11-23 05:00:00,423.0,327.10321699945234,2017-11-23 04:00:00,95.89678300054766
base_02,sarimax,2017-11-23 05:00:00,2017-11-23 06:00:00,834.0,437.6846015043823,2017-11-23 05:00:00,396.3153984956177
base_02,sarimax,2017-11-23 06:00:00,2017-11-23 07:00:00,991.0,832.1440645582727,2017-11-23 06:00:00,158.8559354417273
base_02,sarimax,2017-11-23 07:00:00,2017-11-23 08:00:00,1267.0,992.0295671388747,2017-11-23 07:00:00,274.97043286112535
base_02,sarimax,2017-11-23 08:00:00,2017-11-23 09:00:00,2227.0,1237.9194177881595,2017-11-23 08:00:00,989.0805822118405
base_02,sarimax,2017-11-23 09:00:00,2017-11-23 10:00:00,2817.0,2223.9661111576493,2017-11-23 09:00:00,593.0338888423507
base_02,sarimax,2017-11-23 10:00:00,2017-11-23 11:00:00,3347.0,2857.4674398753596,2017-11-23 10:00:00,489.53256012464044
base_02,sarimax,2017-11-23 11:00:00,2017-11-23 12:00:00,3169.0,3358.5407914481784,2017-11-23 11:00:00,-189.54079144817842
base_02,sarimax,2017-11-23 12:00:00,2017-11-23 13:00:00,3049.0,3105.134520051786,2017-11-23 12:00:00,-56.134520051785785
base_02,sarimax,2017-11-23 13:00:00,2017-11-23 14:00:00,2935.0,3026.061937412333,2017-11-23 13:00:00,-91.06193741233301
base_02,sarimax,2017-11-23 14:00:00,2017-11-23 15:00:00,3278.0,2910.1561343439203,2017-11-23 14:00:00,367.84386565607974
base_02,sarimax,2017-11-23 15:00:00,2017-11-23 16:00:00,3212.0,3316.785794212604,2017-11-23 15:00:00,-104.78579421260383
base_02,sarimax,2017-11-23 16:00:00,2017-11-23 17:00:00,3340.0,3229.2053287748613,2017-11-23 16:00:00,110.7946712251387
base_02,sarimax,2017-11-23 17:00:00,2017-11-23 18:00:00,3267.0,3337.779058044034,2017-11-23 17:00:00,-70.77905804403417
base_02,sarimax,2017-11-23 18:00:00,2017-11-23 19:00:00,3194.0,3204.142191870411,2017-11-23 18:00:00,-10.142191870410898
base_02,sarimax,2017-11-23 19:00:00,2017-11-23 20:00:00,2989.0,3203.9744518060024,2017-11-23 19:00:00,-214.97445180600243
base_02,sarimax,2017-11-23 20:00:00,2017-11-23 21:00:00,2730.0,2976.87378651371,2017-11-23 20:00:00,-246.87378651371
base_02,sarimax,2017-11-23 21:00:00,2017-11-23 22:00:00,1962.0,2738.3457527636274,2017-11-23 21:00:00,-776.3457527636274
base_02,sarimax,2017-11-23 22:00:00,2017-11-23 23:00:00,1313.0,1973.9262378178823,2017-11-23 22:00:00,-660.9262378178823
base_02,sarimax,2017-11-23 23:00:00,2017-11-24 00:00:00,770.0,1358.0666950302204,2017-11-23 23:00:00,-588.0666950302204
base_02,sarimax,2017-11-24 00:00:00,2017-11-24 01:00:00,467.0,809.131915920549,2017-11-24 00:00:00,-342.131915920549
base_02,sarimax,2017-11-24 01:00:00,2017-11-24 02:00:00,271.0,553.8345979733216,2017-11-24 01:00:00,-282.8345979733216
base_02,sarimax,2017-11-24 02:00:00,2017-11-24 03:00:00,257.0,336.14677682359405,2017-11-24 02:00:00,-79.14677682359405
base_02,sarimax,2017-11-24 03:00:00,2017-11-24 04:00:00,403.0,315.34837639757524,2017-11-24 03:00:00,87.65162360242476
base_02,sarimax,2017-11-24 04:00:00,2017-11-24 05:00:00,1045.0,430.218184985306,2017-11-24 04:00:00,614.7818150146941
base_02,sarimax,2017-11-24 05:00:00,2017-11-24 06:00:00,2101.0,1059.953338302448,2017-11-24 05:00:00,1041.046661697552
base_02,sarimax,2017-11-24 06:00:00,2017-11-24 07:00:00,2419.0,2103.314974447817,2017-11-24 06:00:00,315.6850255521831
base_02,sarimax,2017-11-24 07:00:00,2017-11-24 08:00:00,2480.0,2402.281387093399,2017-11-24 07:00:00,77.71861290660081
base_02,sarimax,2017-11-24 08:00:00,2017-11-24 09:00:00,2909.0,2411.298829117982,2017-11-24 08:00:00,497.7011708820178
base_02,sarimax,2017-11-24 09:00:00,2017-11-24 10:00:00,3405.0,2823.4693461685547,2017-11-24 09:00:00,581.5306538314453
base_02,sarimax,2017-11-24 10:00:00,2017-11-24 11:00:00,4017.0,3398.623113929542,2017-11-24 10:00:00,618.3768860704581
base_02,sarimax,2017-11-24 11:00:00,2017-11-24 12:00:00,4321.0,4055.5334419368064,2017-11-24 11:00:00,265.4665580631936
base_02,sarimax,2017-11-24 12:00:00,2017-11-24 13:00:00,4334.0,4308.128225725503,2017-11-24 12:00:00,25.8717742744966
base_02,sarimax,2017-11-24 13:00:00,2017-11-24 14:00:00,4749.0,4293.08810466505,2017-11-24 13:00:00,455.9118953349498
base_02,sarimax,2017-11-24 14:00:00,2017-11-24 15:00:00,4696.0,4713.2765928228455,2017-11-24 14:00:00,-17.276592822845487
base_02,sarimax,2017-11-24 15:00:00,2017-11-24 16:00:00,4482.0,4638.226725793517,2017-11-24 15:00:00,-156.2267257935173
base_02,sarimax,2017-11-24 16:00:00,2017-11-24 17:00:00,4858.0,4457.657811465801,2017-11-24 16:00:00,400.3421885341986
base_02,sarimax,2017-11-24 17:00:00,2017-11-24 18:00:00,5325.0,4783.465593601377,2017-11-24 17:00:00,541.5344063986231
base_02,sarimax,2017-11-24 18:00:00,2017-11-24 19:00:00,3279.0,5291.934784716353,2017-11-24 18:00:00,-2012.9347847163526
base_02,sarimax,2017-11-24 19:00:00,2017-11-24 20:00:00,2844.0,3285.4383284417804,2017-11-24 19:00:00,-441.4383284417804
base_02,sarimax,2017-11-24 20:00:00,2017-11-24 21:00:00,2802.0,2797.355440941776,2017-11-24 20:00:00,4.6445590582238765
base_02,sarimax,2017-11-24 21:00:00,2017-11-24 22:00:00,2297.0,2734.4562629949455,2017-11-24 21:00:00,-437.4562629949455
base_02,sarimax,2017-11-24 22:00:00,2017-11-24 23:00:00,1642.0,2495.6321454945746,2017-11-24 22:00:00,-853.6321454945746
base_02,sarimax,2017-11-24 23:00:00,2017-11-25 00:00:00,1079.0,1668.0192540371195,2017-11-24 23:00:00,-589.0192540371195
base_02,sarimax,2017-11-25 00:00:00,2017-11-25 01:00:00,655.0,1076.587990745996,2017-11-25 00:00:00,-421.58799074599597
base_02,sarimax,2017-11-25 01:00:00,2017-11-25 02:00:00,516.0,695.1431418630585,2017-11-25 01:00:00,-179.14314186305853
base_02,sarimax,2017-11-25 02:00:00,2017-11-25 03:00:00,372.0,573.7482962257106,2017-11-25 02:00:00,-201.74829622571065
base_02,sarimax,2017-11-25 03:00:00,2017-11-25 04:00:00,323.0,423.22148306425277,2017-11-25 03:00:00,-100.22148306425277
base_02,sarimax,2017-11-25 04:00:00,2017-11-25 05:00:00,595.0,352.26680389175505,2017-11-25 04:00:00,242.73319610824495
base_02,sarimax,2017-11-25 05:00:00,2017-11-25 06:00:00,1010.0,595.6820756953605,2017-11-25 05:00:00,414.3179243046395
base_02,sarimax,2017-11-25 06:00:00,2017-11-25 07:00:00,1539.0,1012.6453512607653,2017-11-25 06:00:00,526.3546487392347
base_02,sarimax,2017-11-25 07:00:00,2017-11-25 08:00:00,2133.0,1535.658616019008,2017-11-25 07:00:00,597.3413839809921
base_02,sarimax,2017-11-25 08:00:00,2017-11-25 09:00:00,3054.0,2091.427337367114,2017-11-25 08:00:00,962.572662632886
base_02,sarimax,2017-11-25 09:00:00,2017-11-25 10:00:00,3914.0,3015.0990502354575,2017-11-25 09:00:00,898.9009497645425
base_02,sarimax,2017-11-25 10:00:00,2017-11-25 11:00:00,4734.0,3869.709146996588,2017-11-25 10:00:00,864.2908530034119
base_02,sarimax,2017-11-25 11:00:00,2017-11-25 12:00:00,5167.0,4685.822696660167,2017-11-25 11:00:00,481.1773033398331
base_02,sarimax,2017-11-25 12:00:00,2017-11-25 13:00:00,4952.0,5085.52514242707,2017-11-25 12:00:00,-133.52514242707002
base_02,sarimax,2017-11-25 13:00:00,2017-11-25 14:00:00,4461.0,4868.059940803755,2017-11-25 13:00:00,-407.0599408037551
base_02,sarimax,2017-11-25 14:00:00,2017-11-25 15:00:00,4348.0,4393.990919130146,2017-11-25 14:00:00,-45.99091913014581
base_02,sarimax,2017-11-25 15:00:00,2017-11-25 16:00:00,4380.0,4307.519621048762,2017-11-25 15:00:00,72.48037895123798
base_02,sarimax,2017-11-25 16:00:00,2017-11-25 17:00:00,4490.0,4397.772513147041,2017-11-25 16:00:00,92.22748685295937
base_02,sarimax,2017-11-25 17:00:00,2017-11-25 18:00:00,4046.0,4515.933336800174,2017-11-25 17:00:00,-469.9333368001744
base_02,sarimax,2017-11-25 18:00:00,2017-11-25 19:00:00,3463.0,4030.384125441594,2017-11-25 18:00:00,-567.3841254415938
base_02,sarimax,2017-11-25 19:00:00,2017-11-25 20:00:00,3005.0,3438.9664722761495,2017-11-25 19:00:00,-433.9664722761495
base_02,sarimax,2017-11-25 20:00:00,2017-11-25 21:00:00,2800.0,2970.5776026664425,2017-11-25 20:00:00,-170.57760266644254
base_02,sarimax,2017-11-25 21:00:00,2017-11-25 22:00:00,2673.0,2820.3705556709556,2017-11-25 21:00:00,-147.37055567095558
base_02,sarimax,2017-11-25 22:00:00,2017-11-25 23:00:00,2584.0,2717.5733136956073,2017-11-25 22:00:00,-133.57331369560734
base_02,sarimax,2017-11-25 23:00:00,2017-11-26 00:00:00,1386.0,2611.0909934269325,2017-11-25 23:00:00,-1225.0909934269325
base_02,sarimax,2017-11-26 00:00:00,2017-11-26 01:00:00,938.0,1404.1907355919682,2017-11-26 00:00:00,-466.1907355919682
base_02,sarimax,2017-11-26 01:00:00,2017-11-26 02:00:00,701.0,944.7763974864029,2017-11-26 01:00:00,-243.77639748640286
base_02,sarimax,2017-11-26 02:00:00,2017-11-26 03:00:00,513.0,712.8149191747042,2017-11-26 02:00:00,-199.8149191747042
base_02,sarimax,2017-11-26 03:00:00,2017-11-26 04:00:00,454.0,642.3552917223842,2017-11-26 03:00:00,-188.3552917223842
base_02,sarimax,2017-11-26 04:00:00,2017-11-26 05:00:00,602.0,511.9910682982327,2017-11-26 04:00:00,90.00893170176732
base_02,sarimax,2017-11-26 05:00:00,2017-11-26 06:00:00,965.0,630.8296158187497,2017-11-26 05:00:00,334.17038418125026
base_02,sarimax,2017-11-26 06:00:00,2017-11-26 07:00:00,1240.0,998.614297687562,2017-11-26 06:00:00,241.38570231243796
base_02,sarimax,2017-11-26 07:00:00,2017-11-26 08:00:00,1769.0,1257.4039189628668,2017-11-26 07:00:00,511.5960810371332
base_02,sarimax,2017-11-26 08:00:00,2017-11-26 09:00:00,2404.0,1765.1611572128995,2017-11-26 08:00:00,638.8388427871005
base_02,sarimax,2017-11-26 09:00:00,2017-11-26 10:00:00,3280.0,2397.4205033070766,2017-11-26 09:00:00,882.5794966929234
base_02,sarimax,2017-11-26 10:00:00,2017-11-26 11:00:00,3886.0,3292.0367503376556,2017-11-26 10:00:00,593.9632496623444
base_02,sarimax,2017-11-26 11:00:00,2017-11-26 12:00:00,4299.0,3878.7360165423806,2017-11-26 11:00:00,420.26398345761936
base_02,sarimax,2017-11-26 12:00:00,2017-11-26 13:00:00,4860.0,4269.9232152320865,2017-11-26 12:00:00,590.0767847679135
base_02,sarimax,2017-11-26 13:00:00,2017-11-26 14:00:00,4871.0,4799.414096057419,2017-11-26 13:00:00,71.58590394258135
base_02,sarimax,2017-11-26 14:00:00,2017-11-26 15:00:00,4994.0,4839.416320366574,2017-11-26 14:00:00,154.58367963342607
base_02,sarimax,2017-11-26 15:00:00,2017-11-26 16:00:00,4933.0,4957.804865754321,2017-11-26 15:00:00,-24.804865754321327
base_02,sarimax,2017-11-26 16:00:00,2017-11-26 17:00:00,4794.0,4864.701463723516,2017-11-26 16:00:00,-70.7014637235161
base_02,sarimax,2017-11-26 17:00:00,2017-11-26 18:00:00,4392.0,4781.669881168046,2017-11-26 17:00:00,-389.66988116804623
base_02,sarimax,2017-11-26 18:00:00,2017-11-26 19:00:00,3341.0,4335.888122527385,2017-11-26 18:00:00,-994.8881225273853
base_02,sarimax,2017-11-26 19:00:00,2017-11-26 20:00:00,2839.0,3317.3491478648016,2017-11-26 19:00:00,-478.3491478648016
base_02,sarimax,2017-11-26 20:00:00,2017-11-26 21:00:00,2550.0,2842.9775517399744,2017-11-26 20:00:00,-292.9775517399744
base_02,sarimax,2017-11-26 21:00:00,2017-11-26 22:00:00,1640.0,2572.3874824169097,2017-11-26 21:00:00,-932.3874824169097
base_02,sarimax,2017-11-26 22:00:00,2017-11-26 23:00:00,1009.0,1729.1081454408843,2017-11-26 22:00:00,-720.1081454408843
base_02,sarimax,2017-11-26 23:00:00,2017-11-27 00:00:00,539.0,1035.8413318111104,2017-11-26 23:00:00,-496.8413318111104
base_02,sarimax,2017-11-27 00:00:00,2017-11-27 01:00:00,317.0,558.3672948022057,2017-11-27 00:00:00,-241.36729480220572
base_02,sarimax,2017-11-27 01:00:00,2017-11-27 02:00:00,213.0,396.61293276590186,2017-11-27 01:00:00,-183.61293276590186
base_02,sarimax,2017-11-27 02:00:00,2017-11-27 03:00:00,328.0,261.4871327180607,2017-11-27 02:00:00,66.5128672819393
base_02,sarimax,2017-11-27 03:00:00,2017-11-27 04:00:00,810.0,378.17615542111594,2017-11-27 03:00:00,431.82384457888406
base_02,sarimax,2017-11-27 04:00:00,2017-11-27 05:00:00,2875.0,849.5068914682691,2017-11-27 04:00:00,2025.4931085317307
base_02,sarimax,2017-11-27 05:00:00,2017-11-27 06:00:00,5636.0,2893.473683930725,2017-11-27 05:00:00,2742.526316069275
base_02,sarimax,2017-11-27 06:00:00,2017-11-27 07:00:00,6656.0,5637.524324647457,2017-11-27 06:00:00,1018.4756753525426
base_02,sarimax,2017-11-27 07:00:00,2017-11-27 08:00:00,5907.0,6628.369588466698,2017-11-27 07:00:00,-721.3695884666977
base_02,sarimax,2017-11-27 08:00:00,2017-11-27 09:00:00,5063.0,5701.398622621529,2017-11-27 08:00:00,-638.3986226215293
base_02,sarimax,2017-11-27 09:00:00,2017-11-27 10:00:00,4365.0,4796.55063973864,2017-11-27 09:00:00,-431.5506397386398
base_02,sarimax,2017-11-27 10:00:00,2017-11-27 11:00:00,4513.0,4305.4911153028,2017-11-27 10:00:00,207.5088846972003
base_02,sarimax,2017-11-27 11:00:00,2017-11-27 12:00:00,4933.0,4642.432777284041,2017-11-27 11:00:00,290.56722271595936
base_02,sarimax,2017-11-27 12:00:00,2017-11-27 13:00:00,4659.0,5070.305646765876,2017-11-27 12:00:00,-411.3056467658762
base_02,sarimax,2017-11-27 13:00:00,2017-11-27 14:00:00,4997.0,4767.615633724309,2017-11-27 13:00:00,229.3843662756908
base_02,sarimax,2017-11-27 14:00:00,2017-11-27 15:00:00,5748.0,5016.3942132418315,2017-11-27 14:00:00,731.6057867581685
base_02,sarimax,2017-11-27 15:00:00,2017-11-27 16:00:00,6674.0,5724.4772994611585,2017-11-27 15:00:00,949.5227005388415
base_02,sarimax,2017-11-27 16:00:00,2017-11-27 17:00:00,5937.0,6697.524504413093,2017-11-27 16:00:00,-760.5245044130934
base_02,sarimax,2017-11-27 17:00:00,2017-11-27 18:00:00,4171.0,5888.561192653795,2017-11-27 17:00:00,-1717.561192653795
base_02,sarimax,2017-11-27 18:00:00,2017-11-27 19:00:00,2984.0,4076.935310457327,2017-11-27 18:00:00,-1092.935310457327
base_02,sarimax,2017-11-27 19:00:00,2017-11-27 20:00:00,2399.0,2881.605802108838,2017-11-27 19:00:00,-482.6058021088379
base_02,sarimax,2017-11-27 20:00:00,2017-11-27 21:00:00,2051.0,2464.942063149676,2017-11-27 20:00:00,-413.94206314967596
base_02,sarimax,2017-11-27 21:00:00,2017-11-27 22:00:00,1431.0,2234.597149105644,2017-11-27 21:00:00,-803.5971491056439
base_02,sarimax,2017-11-27 22:00:00,2017-11-27 23:00:00,955.0,1545.4965444635493,2017-11-27 22:00:00,-590.4965444635493
base_02,sarimax,2017-11-27 23:00:00,2017-11-28 00:00:00,569.0,1022.1356118926903,2017-11-27 23:00:00,-453.13561189269035
base_02,sarimax,2017-11-28 00:00:00,2017-11-28 01:00:00,317.0,595.1866974615951,2017-11-28 00:00:00,-278.18669746159514
base_02,sarimax,2017-11-28 01:00:00,2017-11-28 02:00:00,254.0,362.26108428695653,2017-11-28 01:00:00,-108.26108428695653
base_02,sarimax,2017-11-28 02:00:00,2017-11-28 03:00:00,352.0,283.5156205064489,2017-11-28 02:00:00,68.4843794935511
base_02,sarimax,2017-11-28 03:00:00,2017-11-28 04:00:00,843.0,367.4285664907128,2017-11-28 03:00:00,475.5714335092872
base_02,sarimax,2017-11-28 04:00:00,2017-11-28 05:00:00,3058.0,855.3889847719719,2017-11-28 04:00:00,2202.611015228028
base_02,sarimax,2017-11-28 05:00:00,2017-11-28 06:00:00,5917.0,3052.374987879146,2017-11-28 05:00:00,2864.625012120854
base_02,sarimax,2017-11-28 06:00:00,2017-11-28 07:00:00,6649.0,5905.181929197058,2017-11-28 06:00:00,743.8180708029422
base_02,sarimax,2017-11-28 07:00:00,2017-11-28 08:00:00,6075.0,6590.69653007628,2017-11-28 07:00:00,-515.6965300762804
base_02,sarimax,2017-11-28 08:00:00,2017-11-28 09:00:00,5320.0,5834.936194874249,2017-11-28 08:00:00,-514.9361948742489
base_02,sarimax,2017-11-28 09:00:00,2017-11-28 10:00:00,4493.0,5029.873791665901,2017-11-28 09:00:00,-536.8737916659011
base_02,sarimax,2017-11-28 10:00:00,2017-11-28 11:00:00,4934.0,4421.475901827046,2017-11-28 10:00:00,512.5240981729539
base_02,sarimax,2017-11-28 11:00:00,2017-11-28 12:00:00,4980.0,5008.877105370013,2017-11-28 11:00:00,-28.87710537001294
base_02,sarimax,2017-11-28 12:00:00,2017-11-28 13:00:00,4837.0,5072.142467097371,2017-11-28 12:00:00,-235.14246709737108
base_02,sarimax,2017-11-28 13:00:00,2017-11-28 14:00:00,5024.0,4962.843673497608,2017-11-28 13:00:00,61.1563265023924
base_02,sarimax,2017-11-28 14:00:00,2017-11-28 15:00:00,5756.0,4989.753762519394,2017-11-28 14:00:00,766.2462374806064
base_02,sarimax,2017-11-28 15:00:00,2017-11-28 16:00:00,6731.0,5735.259712577535,2017-11-28 15:00:00,995.7402874224654
base_02,sarimax,2017-11-28 16:00:00,2017-11-28 17:00:00,5922.0,6729.811207617474,2017-11-28 16:00:00,-807.8112076174739
base_02,sarimax,2017-11-28 17:00:00,2017-11-28 18:00:00,4740.0,5899.5700734681195,2017-11-28 17:00:00,-1159.5700734681195
base_02,sarimax,2017-11-28 18:00:00,2017-11-28 19:00:00,3162.0,4619.134593418333,2017-11-28 18:00:00,-1457.1345934183328
base_02,sarimax,2017-11-28 19:00:00,2017-11-28 20:00:00,2676.0,3039.7053522529377,2017-11-28 19:00:00,-363.7053522529377
base_02,sarimax,2017-11-28 20:00:00,2017-11-28 21:00:00,2378.0,2742.377404584066,2017-11-28 20:00:00,-364.37740458406597
base_02,sarimax,2017-11-28 21:00:00,2017-11-28 22:00:00,1532.0,2478.1437531502634,2017-11-28 21:00:00,-946.1437531502634
base_02,sarimax,2017-11-28 22:00:00,2017-11-28 23:00:00,946.0,1667.6450262937406,2017-11-28 22:00:00,-721.6450262937406
base_02,sarimax,2017-11-28 23:00:00,2017-11-29 00:00:00,552.0,977.502806138612,2017-11-28 23:00:00,-425.50280613861196
base_02,sarimax,2017-11-29 00:00:00,2017-11-29 01:00:00,310.0,563.5628437381203,2017-11-29 00:00:00,-253.56284373812025
base_02,sarimax,2017-11-29 01:00:00,2017-11-29 02:00:00,274.0,374.6805881444924,2017-11-29 01:00:00,-100.68058814449239
base_02,sarimax,2017-11-29 02:00:00,2017-11-29 03:00:00,376.0,313.1517861921525,2017-11-29 02:00:00,62.848213807847515
base_02,sarimax,2017-11-29 03:00:00,2017-11-29 04:00:00,883.0,403.1367112594196,2017-11-29 03:00:00,479.8632887405804
base_02,sarimax,2017-11-29 04:00:00,2017-11-29 05:00:00,3034.0,867.4506130712778,2017-11-29 04:00:00,2166.549386928722
base_02,sarimax,2017-11-29 05:00:00,2017-11-29 06:00:00,5956.0,3021.8849258442547,2017-11-29 05:00:00,2934.1150741557453
base_02,sarimax,2017-11-29 06:00:00,2017-11-29 07:00:00,6624.0,5936.800446498208,2017-11-29 06:00:00,687.1995535017923
base_02,sarimax,2017-11-29 07:00:00,2017-11-29 08:00:00,6020.0,6573.492802831705,2017-11-29 07:00:00,-553.4928028317054
base_02,sarimax,2017-11-29 08:00:00,2017-11-29 09:00:00,5331.0,5792.01797224177,2017-11-29 08:00:00,-461.0179722417697
base_02,sarimax,2017-11-29 09:00:00,2017-11-29 10:00:00,4690.0,5065.14373440614,2017-11-29 09:00:00,-375.14373440613963
base_02,sarimax,2017-11-29 10:00:00,2017-11-29 11:00:00,4770.0,4676.449541449551,2017-11-29 10:00:00,93.55045855044864
base_02,sarimax,2017-11-29 11:00:00,2017-11-29 12:00:00,4982.0,4867.633617251854,2017-11-29 11:00:00,114.36638274814595
base_02,sarimax,2017-11-29 12:00:00,2017-11-29 13:00:00,4983.0,5090.249795256786,2017-11-29 12:00:00,-107.24979525678555
base_02,sarimax,2017-11-29 13:00:00,2017-11-29 14:00:00,5223.0,5082.7892441775175,2017-11-29 13:00:00,140.2107558224825
base_02,sarimax,2017-11-29 14:00:00,2017-11-29 15:00:00,5862.0,5251.383432614026,2017-11-29 14:00:00,610.6165673859741
base_02,sarimax,2017-11-29 15:00:00,2017-11-29 16:00:00,6685.0,5851.899437019942,2017-11-29 15:00:00,833.1005629800584
base_02,sarimax,2017-11-29 16:00:00,2017-11-29 17:00:00,6347.0,6683.124016628047,2017-11-29 16:00:00,-336.1240166280468
base_02,sarimax,2017-11-29 17:00:00,2017-11-29 18:00:00,4914.0,6309.40211088126,2017-11-29 17:00:00,-1395.4021108812603
base_02,sarimax,2017-11-29 18:00:00,2017-11-29 19:00:00,3716.0,4832.775846879846,2017-11-29 18:00:00,-1116.7758468798456
base_02,sarimax,2017-11-29 19:00:00,2017-11-29 20:00:00,2859.0,3622.6983620107926,2017-11-29 19:00:00,-763.6983620107926
base_02,sarimax,2017-11-29 20:00:00,2017-11-29 21:00:00,2491.0,2890.5829756201347,2017-11-29 20:00:00,-399.5829756201347
base_02,sarimax,2017-11-29 21:00:00,2017-11-29 22:00:00,1780.0,2641.59850129042,2017-11-29 21:00:00,-861.5985012904198
base_02,sarimax,2017-11-29 22:00:00,2017-11-29 23:00:00,2859.0,1905.8919192212522,2017-11-29 22:00:00,953.1080807787478
base_02,sarimax,2017-11-29 23:00:00,2017-11-30 00:00:00,732.0,2958.503983504693,2017-11-29 23:00:00,-2226.503983504693
base_02,sarimax,2017-11-30 00:00:00,2017-11-30 01:00:00,401.0,779.0051441950502,2017-11-30 00:00:00,-378.0051441950502
base_02,sarimax,2017-11-30 01:00:00,2017-11-30 02:00:00,284.0,480.65739547286967,2017-11-30 01:00:00,-196.65739547286967
base_02,sarimax,2017-11-30 02:00:00,2017-11-30 03:00:00,395.0,174.21538718537073,2017-11-30 02:00:00,220.78461281462927
base_02,sarimax,2017-11-30 03:00:00,2017-11-30 04:00:00,926.0,604.136600089507,2017-11-30 03:00:00,321.86339991049294
base_02,sarimax,2017-11-30 04:00:00,2017-11-30 05:00:00,2967.0,950.6705963439665,2017-11-30 04:00:00,2016.3294036560335
base_02,sarimax,2017-11-30 05:00:00,2017-11-30 06:00:00,5862.0,2957.8253941708285,2017-11-30 05:00:00,2904.1746058291715
base_02,sarimax,2017-11-30 06:00:00,2017-11-30 07:00:00,6440.0,5844.820754170189,2017-11-30 06:00:00,595.1792458298114
base_02,sarimax,2017-11-30 07:00:00,2017-11-30 08:00:00,5819.0,6364.095940695378,2017-11-30 07:00:00,-545.095940695378
base_02,sarimax,2017-11-30 08:00:00,2017-11-30 09:00:00,5518.0,5599.946285960654,2017-11-30 08:00:00,-81.94628596065377
base_02,sarimax,2017-11-30 09:00:00,2017-11-30 10:00:00,4643.0,5222.07178415869,2017-11-30 09:00:00,-579.0717841586902
base_02,sarimax,2017-11-30 10:00:00,2017-11-30 11:00:00,5089.0,4596.411998153747,2017-11-30 10:00:00,492.58800184625306
base_02,sarimax,2017-11-30 11:00:00,2017-11-30 12:00:00,5069.0,5180.611209189388,2017-11-30 11:00:00,-111.61120918938832
base_02,sarimax,2017-11-30 12:00:00,2017-11-30 13:00:00,5138.0,5126.843414212509,2017-11-30 12:00:00,11.156585787491167
base_02,sarimax,2017-11-30 13:00:00,2017-11-30 14:00:00,5338.0,5248.503558551633,2017-11-30 13:00:00,89.49644144836657
base_02,sarimax,2017-11-30 14:00:00,2017-11-30 15:00:00,5700.0,5307.385453281785,2017-11-30 14:00:00,392.614546718215
base_02,sarimax,2017-11-30 15:00:00,2017-11-30 16:00:00,6605.0,5701.169937743561,2017-11-30 15:00:00,903.8300622564393
base_02,sarimax,2017-11-30 16:00:00,2017-11-30 17:00:00,6241.0,6596.602997536401,2017-11-30 16:00:00,-355.60299753640084
base_02,sarimax,2017-11-30 17:00:00,2017-11-30 18:00:00,4668.0,6199.3127422654925,2017-11-30 17:00:00,-1531.3127422654925
base_02,sarimax,2017-11-30 18:00:00,2017-11-30 19:00:00,3377.0,4583.023183995522,2017-11-30 18:00:00,-1206.0231839955222
base_02,sarimax,2017-11-30 19:00:00,2017-11-30 20:00:00,3106.0,3262.082662231982,2017-11-30 19:00:00,-156.08266223198189
base_02,sarimax,2017-11-30 20:00:00,2017-11-30 21:00:00,3619.0,3114.257865453236,2017-11-30 20:00:00,504.7421345467642
base_02,sarimax,2017-11-30 21:00:00,2017-11-30 22:00:00,2969.0,3742.519939426196,2017-11-30 21:00:00,-773.5199394261958
base_02,sarimax,2017-11-30 22:00:00,2017-11-30 23:00:00,1383.0,3082.012076283971,2017-11-30 22:00:00,-1699.012076283971
base_02,sarimax,2017-11-30 23:00:00,2017-12-01 00:00:00,721.0,1404.9305107886312,2017-11-30 23:00:00,-683.9305107886312
base_02,sarimax,2017-12-01 00:00:00,2017-12-01 01:00:00,431.0,662.229524413246,2017-12-01 00:00:00,-231.22952441324605
base_02,sarimax,2017-12-01 01:00:00,2017-12-01 02:00:00,291.0,496.9946784890439,2017-12-01 01:00:00,-205.9946784890439
base_02,sarimax,2017-12-01 02:00:00,2017-12-01 03:00:00,420.0,441.93761129640797,2017-12-01 02:00:00,-21.937611296407965
base_02,sarimax,2017-12-01 03:00:00,2017-12-01 04:00:00,830.0,488.86479639455104,2017-12-01 03:00:00,341.13520360544896
base_02,sarimax,2017-12-01 04:00:00,2017-12-01 05:00:00,2873.0,858.7806427470484,2017-12-01 04:00:00,2014.2193572529516
base_02,sarimax,2017-12-01 05:00:00,2017-12-01 06:00:00,5650.0,2892.599340404067,2017-12-01 05:00:00,2757.400659595933
base_02,sarimax,2017-12-01 06:00:00,2017-12-01 07:00:00,6708.0,5650.87516565517,2017-12-01 06:00:00,1057.1248343448297
base_02,sarimax,2017-12-01 07:00:00,2017-12-01 08:00:00,5772.0,6672.128254301132,2017-12-01 07:00:00,-900.1282543011321
base_02,sarimax,2017-12-01 08:00:00,2017-12-01 09:00:00,5335.0,5571.005877803898,2017-12-01 08:00:00,-236.00587780389833
base_02,sarimax,2017-12-01 09:00:00,2017-12-01 10:00:00,4881.0,5071.02974574818,2017-12-01 09:00:00,-190.02974574818018
base_02,sarimax,2017-12-01 10:00:00,2017-12-01 11:00:00,5187.0,4803.1862090266695,2017-12-01 10:00:00,383.81379097333047
base_02,sarimax,2017-12-01 11:00:00,2017-12-01 12:00:00,5421.0,5331.506370338126,2017-12-01 11:00:00,89.49362966187437
base_02,sarimax,2017-12-01 12:00:00,2017-12-01 13:00:00,5565.0,5512.383438378621,2017-12-01 12:00:00,52.61656162137933
base_02,sarimax,2017-12-01 13:00:00,2017-12-01 14:00:00,5711.0,5630.17102101394,2017-12-01 13:00:00,80.82897898606006
base_02,sarimax,2017-12-01 14:00:00,2017-12-01 15:00:00,6284.0,5695.913103274316,2017-12-01 14:00:00,588.0868967256838
base_02,sarimax,2017-12-01 15:00:00,2017-12-01 16:00:00,6468.0,6280.246582014841,2017-12-01 15:00:00,187.7534179851591
base_02,sarimax,2017-12-01 16:00:00,2017-12-01 17:00:00,6000.0,6447.860267920645,2017-12-01 16:00:00,-447.86026792064513
base_02,sarimax,2017-12-01 17:00:00,2017-12-01 18:00:00,5037.0,5975.326531741297,2017-12-01 17:00:00,-938.326531741297
base_02,sarimax,2017-12-01 18:00:00,2017-12-01 19:00:00,4086.0,4955.808979250819,2017-12-01 18:00:00,-869.808979250819
base_02,sarimax,2017-12-01 19:00:00,2017-12-01 20:00:00,3480.0,4051.107990663693,2017-12-01 19:00:00,-571.1079906636928
base_02,sarimax,2017-12-01 20:00:00,2017-12-01 21:00:00,3043.0,3515.2995578433547,2017-12-01 20:00:00,-472.2995578433547
base_02,sarimax,2017-12-01 21:00:00,2017-12-01 22:00:00,3054.0,3116.511186173022,2017-12-01 21:00:00,-62.511186173022
base_02,sarimax,2017-12-01 22:00:00,2017-12-01 23:00:00,3604.0,3115.7726802870684,2017-12-01 22:00:00,488.2273197129316
base_02,sarimax,2017-12-01 23:00:00,2017-12-02 00:00:00,1479.0,3657.832317948369,2017-12-01 23:00:00,-2178.832317948369
base_02,sarimax,2017-12-02 00:00:00,2017-12-02 01:00:00,866.0,1502.6001609130835,2017-12-02 00:00:00,-636.6001609130835
base_02,sarimax,2017-12-02 01:00:00,2017-12-02 02:00:00,635.0,843.4887121660043,2017-12-02 01:00:00,-208.48871216600435
base_02,sarimax,2017-12-02 02:00:00,2017-12-02 03:00:00,489.0,560.9453400735997,2017-12-02 02:00:00,-71.94534007359971
base_02,sarimax,2017-12-02 03:00:00,2017-12-02 04:00:00,539.0,700.6771485266104,2017-12-02 03:00:00,-161.67714852661038
base_02,sarimax,2017-12-02 04:00:00,2017-12-02 05:00:00,978.0,588.9040479689675,2017-12-02 04:00:00,389.09595203103254
base_02,sarimax,2017-12-02 05:00:00,2017-12-02 06:00:00,1666.0,980.2318253992858,2017-12-02 05:00:00,685.7681746007142
base_02,sarimax,2017-12-02 06:00:00,2017-12-02 07:00:00,2386.0,1667.3412166272656,2017-12-02 06:00:00,718.6587833727344
base_02,sarimax,2017-12-02 07:00:00,2017-12-02 08:00:00,3343.0,2375.667633954192,2017-12-02 07:00:00,967.3323660458082
base_02,sarimax,2017-12-02 08:00:00,2017-12-02 09:00:00,4112.0,3292.696934464056,2017-12-02 08:00:00,819.3030655359439
base_02,sarimax,2017-12-02 09:00:00,2017-12-02 10:00:00,4562.0,4066.4874717616967,2017-12-02 09:00:00,495.5125282383033
base_02,sarimax,2017-12-02 10:00:00,2017-12-02 11:00:00,5055.0,4530.928295601095,2017-12-02 10:00:00,524.0717043989052
base_02,sarimax,2017-12-02 11:00:00,2017-12-02 12:00:00,5441.0,5002.610987687053,2017-12-02 11:00:00,438.38901231294676
base_02,sarimax,2017-12-02 12:00:00,2017-12-02 13:00:00,5516.0,5407.847352545422,2017-12-02 12:00:00,108.15264745457807
base_02,sarimax,2017-12-02 13:00:00,2017-12-02 14:00:00,5177.0,5513.2406175304895,2017-12-02 13:00:00,-336.24061753048954
base_02,sarimax,2017-12-02 14:00:00,2017-12-02 15:00:00,5477.0,5148.173129310686,2017-12-02 14:00:00,328.8268706893141
base_02,sarimax,2017-12-02 15:00:00,2017-12-02 16:00:00,5397.0,5445.84321474461,2017-12-02 15:00:00,-48.84321474461012
base_02,sarimax,2017-12-02 16:00:00,2017-12-02 17:00:00,5838.0,5387.644390211209,2017-12-02 16:00:00,450.3556097887913
base_02,sarimax,2017-12-02 17:00:00,2017-12-02 18:00:00,5490.0,5834.461078602391,2017-12-02 17:00:00,-344.46107860239135
base_02,sarimax,2017-12-02 18:00:00,2017-12-02 19:00:00,4140.0,5408.112588689024,2017-12-02 18:00:00,-1268.112588689024
base_02,sarimax,2017-12-02 19:00:00,2017-12-02 20:00:00,4032.0,4106.731453490897,2017-12-02 19:00:00,-74.73145349089737
base_02,sarimax,2017-12-02 20:00:00,2017-12-02 21:00:00,3182.0,3961.6116402675334,2017-12-02 20:00:00,-779.6116402675334
base_02,sarimax,2017-12-02 21:00:00,2017-12-02 22:00:00,2623.0,3197.1980796662992,2017-12-02 21:00:00,-574.1980796662992
base_02,sarimax,2017-12-02 22:00:00,2017-12-02 23:00:00,1939.0,2741.7849057010426,2017-12-02 22:00:00,-802.7849057010426
base_02,sarimax,2017-12-02 23:00:00,2017-12-03 00:00:00,1274.0,1943.53509004044,2017-12-02 23:00:00,-669.5350900404401
base_02,sarimax,2017-12-03 00:00:00,2017-12-03 01:00:00,705.0,1357.059459625902,2017-12-03 00:00:00,-652.059459625902
base_02,sarimax,2017-12-03 01:00:00,2017-12-03 02:00:00,577.0,769.1379942268471,2017-12-03 01:00:00,-192.13799422684713
base_02,sarimax,2017-12-03 02:00:00,2017-12-03 03:00:00,343.0,653.2051764294607,2017-12-03 02:00:00,-310.2051764294607
base_02,sarimax,2017-12-03 03:00:00,2017-12-03 04:00:00,289.0,413.6193981554942,2017-12-03 03:00:00,-124.6193981554942
base_02,sarimax,2017-12-03 04:00:00,2017-12-03 05:00:00,476.0,357.5217548631083,2017-12-03 04:00:00,118.4782451368917
base_02,sarimax,2017-12-03 05:00:00,2017-12-03 06:00:00,813.0,491.15222816602426,2017-12-03 05:00:00,321.84777183397574
base_02,sarimax,2017-12-03 06:00:00,2017-12-03 07:00:00,1131.0,847.4525822283605,2017-12-03 06:00:00,283.5474177716395
base_02,sarimax,2017-12-03 07:00:00,2017-12-03 08:00:00,1936.0,1132.2762708274258,2017-12-03 07:00:00,803.7237291725742
base_02,sarimax,2017-12-03 08:00:00,2017-12-03 09:00:00,2831.0,1926.308097320673,2017-12-03 08:00:00,904.6919026793271
base_02,sarimax,2017-12-03 09:00:00,2017-12-03 10:00:00,3515.0,2803.2504795032287,2017-12-03 09:00:00,711.7495204967713
base_02,sarimax,2017-12-03 10:00:00,2017-12-03 11:00:00,4113.0,3517.077615845737,2017-12-03 10:00:00,595.922384154263
base_02,sarimax,2017-12-03 11:00:00,2017-12-03 12:00:00,4235.0,4057.8808856725755,2017-12-03 11:00:00,177.11911432742454
base_02,sarimax,2017-12-03 12:00:00,2017-12-03 13:00:00,4516.0,4172.158977972071,2017-12-03 12:00:00,343.8410220279293
base_02,sarimax,2017-12-03 13:00:00,2017-12-03 14:00:00,4383.0,4473.558504504938,2017-12-03 13:00:00,-90.55850450493836
base_02,sarimax,2017-12-03 14:00:00,2017-12-03 15:00:00,4892.0,4354.441695272398,2017-12-03 14:00:00,537.5583047276023
base_02,sarimax,2017-12-03 15:00:00,2017-12-03 16:00:00,4962.0,4885.182174641842,2017-12-03 15:00:00,76.81782535815819
base_02,sarimax,2017-12-03 16:00:00,2017-12-03 17:00:00,5014.0,4940.175698678603,2017-12-03 16:00:00,73.82430132139689
base_02,sarimax,2017-12-03 17:00:00,2017-12-03 18:00:00,4035.0,5019.5172833333445,2017-12-03 17:00:00,-984.5172833333445
base_02,sarimax,2017-12-03 18:00:00,2017-12-03 19:00:00,2993.0,3973.6108297281135,2017-12-03 18:00:00,-980.6108297281135
base_02,sarimax,2017-12-03 19:00:00,2017-12-03 20:00:00,2533.0,2993.648870378828,2017-12-03 19:00:00,-460.6488703788282
base_02,sarimax,2017-12-03 20:00:00,2017-12-03 21:00:00,2135.0,2536.7687434822055,2017-12-03 20:00:00,-401.76874348220554
base_02,sarimax,2017-12-03 21:00:00,2017-12-03 22:00:00,1782.0,2237.188210992424,2017-12-03 21:00:00,-455.18821099242405
base_02,sarimax,2017-12-03 22:00:00,2017-12-03 23:00:00,1105.0,1896.0110830677245,2017-12-03 22:00:00,-791.0110830677245
base_02,sarimax,2017-12-03 23:00:00,2017-12-04 00:00:00,573.0,1158.3457301035005,2017-12-03 23:00:00,-585.3457301035005
base_02,sarimax,2017-12-04 00:00:00,2017-12-04 01:00:00,358.0,622.9182807765277,2017-12-04 00:00:00,-264.9182807765277
base_02,sarimax,2017-12-04 01:00:00,2017-12-04 02:00:00,247.0,401.34875208585777,2017-12-04 01:00:00,-154.34875208585777
base_02,sarimax,2017-12-04 02:00:00,2017-12-04 03:00:00,407.0,324.20798461755965,2017-12-04 02:00:00,82.79201538244035
base_02,sarimax,2017-12-04 03:00:00,2017-12-04 04:00:00,915.0,466.1836659639199,2017-12-04 03:00:00,448.8163340360801
base_02,sarimax,2017-12-04 04:00:00,2017-12-04 05:00:00,2938.0,950.0194494865427,2017-12-04 04:00:00,1987.9805505134573
base_02,sarimax,2017-12-04 05:00:00,2017-12-04 06:00:00,5369.0,2952.754123410244,2017-12-04 05:00:00,2416.245876589756
base_02,sarimax,2017-12-04 06:00:00,2017-12-04 07:00:00,5056.0,5350.983079376749,2017-12-04 06:00:00,-294.9830793767487
base_02,sarimax,2017-12-04 07:00:00,2017-12-04 08:00:00,5454.0,5000.402709107762,2017-12-04 07:00:00,453.59729089223765
base_02,sarimax,2017-12-04 08:00:00,2017-12-04 09:00:00,5173.0,5252.377863563827,2017-12-04 08:00:00,-79.3778635638273
base_02,sarimax,2017-12-04 09:00:00,2017-12-04 10:00:00,4647.0,4922.972151048153,2017-12-04 09:00:00,-275.97215104815314
base_02,sarimax,2017-12-04 10:00:00,2017-12-04 11:00:00,4641.0,4683.108713238487,2017-12-04 10:00:00,-42.108713238487326
base_02,sarimax,2017-12-04 11:00:00,2017-12-04 12:00:00,4705.0,4609.130728488675,2017-12-04 11:00:00,95.86927151132477
base_02,sarimax,2017-12-04 12:00:00,2017-12-04 13:00:00,5004.0,4743.864712473712,2017-12-04 12:00:00,260.13528752628827
base_02,sarimax,2017-12-04 13:00:00,2017-12-04 14:00:00,5165.0,5063.339892428022,2017-12-04 13:00:00,101.66010757197819
base_02,sarimax,2017-12-04 14:00:00,2017-12-04 15:00:00,5666.0,5174.545582312358,2017-12-04 14:00:00,491.4544176876416
base_02,sarimax,2017-12-04 15:00:00,2017-12-04 16:00:00,6533.0,5656.611590781615,2017-12-04 15:00:00,876.3884092183853
base_02,sarimax,2017-12-04 16:00:00,2017-12-04 17:00:00,5912.0,6490.378346783379,2017-12-04 16:00:00,-578.3783467833791
base_02,sarimax,2017-12-04 17:00:00,2017-12-04 18:00:00,4378.0,5848.376790549162,2017-12-04 17:00:00,-1470.3767905491623
base_02,sarimax,2017-12-04 18:00:00,2017-12-04 19:00:00,3092.0,4283.299438542944,2017-12-04 18:00:00,-1191.2994385429438
base_02,sarimax,2017-12-04 19:00:00,2017-12-04 20:00:00,2556.0,2963.4576473118495,2017-12-04 19:00:00,-407.45764731184954
base_02,sarimax,2017-12-04 20:00:00,2017-12-04 21:00:00,2150.0,2590.761239521287,2017-12-04 20:00:00,-440.7612395212868
base_02,sarimax,2017-12-04 21:00:00,2017-12-04 22:00:00,1653.0,2265.072215597159,2017-12-04 21:00:00,-612.0722155971589
base_02,sarimax,2017-12-04 22:00:00,2017-12-04 23:00:00,1763.0,1750.451345873696,2017-12-04 22:00:00,12.548654126303973
base_02,sarimax,2017-12-04 23:00:00,2017-12-05 00:00:00,693.0,1788.1954867325423,2017-12-04 23:00:00,-1095.1954867325423
base_02,sarimax,2017-12-05 00:00:00,2017-12-05 01:00:00,327.0,713.5300461707752,2017-12-05 00:00:00,-386.5300461707752
base_02,sarimax,2017-12-05 01:00:00,2017-12-05 02:00:00,278.0,355.28473278242865,2017-12-05 01:00:00,-77.28473278242865
base_02,sarimax,2017-12-05 02:00:00,2017-12-05 03:00:00,394.0,245.78501542856228,2017-12-05 02:00:00,148.21498457143772
base_02,sarimax,2017-12-05 03:00:00,2017-12-05 04:00:00,853.0,492.8360420080103,2017-12-05 03:00:00,360.1639579919897
base_02,sarimax,2017-12-05 04:00:00,2017-12-05 05:00:00,2637.0,870.9597600829006,2017-12-05 04:00:00,1766.0402399170994
base_02,sarimax,2017-12-05 05:00:00,2017-12-05 06:00:00,3657.0,2623.633373330624,2017-12-05 05:00:00,1033.3666266693758
base_02,sarimax,2017-12-05 06:00:00,2017-12-05 07:00:00,2334.0,3634.3486892799183,2017-12-05 06:00:00,-1300.3486892799183
base_02,sarimax,2017-12-05 07:00:00,2017-12-05 08:00:00,2160.0,2272.4780324762955,2017-12-05 07:00:00,-112.47803247629554
base_02,sarimax,2017-12-05 08:00:00,2017-12-05 09:00:00,2578.0,1962.3638141535373,2017-12-05 08:00:00,615.6361858464627
base_02,sarimax,2017-12-05 09:00:00,2017-12-05 10:00:00,3706.0,2465.940618540956,2017-12-05 09:00:00,1240.0593814590438
base_02,sarimax,2017-12-05 10:00:00,2017-12-05 11:00:00,3683.0,3847.115095131154,2017-12-05 10:00:00,-164.1150951311538
base_02,sarimax,2017-12-05 11:00:00,2017-12-05 12:00:00,3991.0,3703.285197334073,2017-12-05 11:00:00,287.714802665927
base_02,sarimax,2017-12-05 12:00:00,2017-12-05 13:00:00,4158.0,3954.34469439419,2017-12-05 12:00:00,203.6553056058101
base_02,sarimax,2017-12-05 13:00:00,2017-12-05 14:00:00,4383.0,4051.539389138316,2017-12-05 13:00:00,331.460610861684
base_02,sarimax,2017-12-05 14:00:00,2017-12-05 19:00:00,2924.0,4392.417702337833,2017-12-05 14:00:00,-1468.4177023378334
base_02,sarimax,2017-12-05 19:00:00,2017-12-05 20:00:00,2447.0,2891.4164444151284,2017-12-05 19:00:00,-444.41644441512835
base_02,sarimax,2017-12-05 20:00:00,2017-12-05 21:00:00,2278.0,2431.941062725954,2017-12-05 20:00:00,-153.941062725954
base_02,sarimax,2017-12-05 21:00:00,2017-12-05 22:00:00,1555.0,2250.6126680421544,2017-12-05 21:00:00,-695.6126680421544
base_02,sarimax,2017-12-05 22:00:00,2017-12-05 23:00:00,1014.0,1694.6227983965618,2017-12-05 22:00:00,-680.6227983965618
base_02,sarimax,2017-12-05 23:00:00,2017-12-06 00:00:00,744.0,1061.5417070927579,2017-12-05 23:00:00,-317.54170709275786
base_02,sarimax,2017-12-06 00:00:00,2017-12-06 01:00:00,585.0,760.1721449214904,2017-12-06 00:00:00,-175.17214492149037
base_02,sarimax,2017-12-06 01:00:00,2017-12-06 02:00:00,409.0,658.7247567166714,2017-12-06 01:00:00,-249.72475671667144
base_02,sarimax,2017-12-06 02:00:00,2017-12-06 03:00:00,534.0,462.11843000260524,2017-12-06 02:00:00,71.88156999739476
base_02,sarimax,2017-12-06 03:00:00,2017-12-06 04:00:00,1072.0,556.1115061673297,2017-12-06 03:00:00,515.8884938326703
base_02,sarimax,2017-12-06 04:00:00,2017-12-06 05:00:00,3067.0,1086.3051183380157,2017-12-06 04:00:00,1980.6948816619843
base_02,sarimax,2017-12-06 05:00:00,2017-12-06 06:00:00,5480.0,3083.7569524258474,2017-12-06 05:00:00,2396.2430475741526
base_02,sarimax,2017-12-06 06:00:00,2017-12-06 07:00:00,5255.0,5463.993636408378,2017-12-06 06:00:00,-208.99363640837782
base_02,sarimax,2017-12-06 07:00:00,2017-12-06 08:00:00,5113.0,5194.806028617877,2017-12-06 07:00:00,-81.80602861787702
base_02,sarimax,2017-12-06 08:00:00,2017-12-06 09:00:00,5485.0,4909.3299765105385,2017-12-06 08:00:00,575.6700234894615
base_02,sarimax,2017-12-06 09:00:00,2017-12-06 10:00:00,4772.0,5241.374560226824,2017-12-06 09:00:00,-469.37456022682363
base_02,sarimax,2017-12-06 10:00:00,2017-12-06 11:00:00,4861.0,4805.022923730088,2017-12-06 10:00:00,55.97707626991178
base_02,sarimax,2017-12-06 11:00:00,2017-12-06 12:00:00,4983.0,4881.0078233372205,2017-12-06 11:00:00,101.99217666277946
base_02,sarimax,2017-12-06 12:00:00,2017-12-06 13:00:00,5073.0,4952.876986721833,2017-12-06 12:00:00,120.12301327816658
base_02,sarimax,2017-12-06 13:00:00,2017-12-06 14:00:00,5155.0,5145.005369273699,2017-12-06 13:00:00,9.994630726300784
base_02,sarimax,2017-12-06 14:00:00,2017-12-06 15:00:00,5480.0,5147.472341603845,2017-12-06 14:00:00,332.52765839615495
base_02,sarimax,2017-12-06 15:00:00,2017-12-06 16:00:00,5729.0,5458.041079715695,2017-12-06 15:00:00,270.95892028430535
base_02,sarimax,2017-12-06 16:00:00,2017-12-06 17:00:00,5196.0,5712.624011052372,2017-12-06 16:00:00,-516.6240110523722
base_02,sarimax,2017-12-06 17:00:00,2017-12-06 18:00:00,4144.0,5190.237165572099,2017-12-06 17:00:00,-1046.237165572099
base_02,sarimax,2017-12-06 18:00:00,2017-12-06 19:00:00,3061.0,4111.798630492172,2017-12-06 18:00:00,-1050.7986304921724
base_02,sarimax,2017-12-06 19:00:00,2017-12-06 20:00:00,2753.0,3040.623703246086,2017-12-06 19:00:00,-287.6237032460858
base_02,sarimax,2017-12-06 20:00:00,2017-12-06 21:00:00,2449.0,2810.17439180524,2017-12-06 20:00:00,-361.1743918052398
base_02,sarimax,2017-12-06 21:00:00,2017-12-06 22:00:00,1652.0,2560.044123421686,2017-12-06 21:00:00,-908.044123421686
base_02,sarimax,2017-12-06 22:00:00,2017-12-06 23:00:00,1093.0,1756.3705844489505,2017-12-06 22:00:00,-663.3705844489505
base_02,sarimax,2017-12-06 23:00:00,2017-12-07 00:00:00,602.0,1121.4897641678463,2017-12-06 23:00:00,-519.4897641678463
base_02,sarimax,2017-12-07 00:00:00,2017-12-07 01:00:00,357.0,625.4154622972715,2017-12-07 00:00:00,-268.41546229727146
base_02,sarimax,2017-12-07 01:00:00,2017-12-07 02:00:00,286.0,425.6868369476637,2017-12-07 01:00:00,-139.68683694766372
base_02,sarimax,2017-12-07 02:00:00,2017-12-07 03:00:00,376.0,332.65808358591255,2017-12-07 02:00:00,43.34191641408745
base_02,sarimax,2017-12-07 03:00:00,2017-12-07 04:00:00,927.0,414.30344810429966,2017-12-07 03:00:00,512.6965518957004
base_02,sarimax,2017-12-07 04:00:00,2017-12-07 05:00:00,3044.0,936.7604257056319,2017-12-07 04:00:00,2107.239574294368
base_02,sarimax,2017-12-07 05:00:00,2017-12-07 06:00:00,5058.0,3028.3553064818407,2017-12-07 05:00:00,2029.6446935181593
base_02,sarimax,2017-12-07 06:00:00,2017-12-07 07:00:00,5782.0,5040.7321235650115,2017-12-07 06:00:00,741.2678764349885
base_02,sarimax,2017-12-07 07:00:00,2017-12-07 08:00:00,5509.0,5710.780238420937,2017-12-07 07:00:00,-201.78023842093717
base_02,sarimax,2017-12-07 08:00:00,2017-12-07 09:00:00,4958.0,5281.734277383418,2017-12-07 08:00:00,-323.734277383418
base_02,sarimax,2017-12-07 09:00:00,2017-12-07 10:00:00,4486.0,4764.931091081804,2017-12-07 09:00:00,-278.93109108180397
base_02,sarimax,2017-12-07 10:00:00,2017-12-07 11:00:00,4774.0,4424.680426397312,2017-12-07 10:00:00,349.31957360268825
base_02,sarimax,2017-12-07 11:00:00,2017-12-07 12:00:00,4981.0,4826.003043506073,2017-12-07 11:00:00,154.99695649392743
base_02,sarimax,2017-12-07 12:00:00,2017-12-07 13:00:00,5035.0,5060.582459574995,2017-12-07 12:00:00,-25.582459574994573
base_02,sarimax,2017-12-07 13:00:00,2017-12-07 14:00:00,5296.0,5106.702059579415,2017-12-07 13:00:00,189.2979404205853
base_02,sarimax,2017-12-07 14:00:00,2017-12-07 15:00:00,5696.0,5276.520153170278,2017-12-07 14:00:00,419.4798468297222
base_02,sarimax,2017-12-07 15:00:00,2017-12-07 16:00:00,6217.0,5683.76094292816,2017-12-07 15:00:00,533.2390570718399
base_02,sarimax,2017-12-07 16:00:00,2017-12-07 17:00:00,5865.0,6214.4663498579675,2017-12-07 16:00:00,-349.46634985796754
base_02,sarimax,2017-12-07 17:00:00,2017-12-07 18:00:00,4712.0,5830.943461178443,2017-12-07 17:00:00,-1118.9434611784427
base_02,sarimax,2017-12-07 18:00:00,2017-12-07 19:00:00,3445.0,4671.600203035911,2017-12-07 18:00:00,-1226.6002030359114
base_02,sarimax,2017-12-07 19:00:00,2017-12-07 20:00:00,2995.0,3401.5672070098417,2017-12-07 19:00:00,-406.5672070098417
base_02,sarimax,2017-12-07 20:00:00,2017-12-07 21:00:00,2934.0,3047.4990660689637,2017-12-07 20:00:00,-113.49906606896366
base_02,sarimax,2017-12-07 21:00:00,2017-12-07 22:00:00,1923.0,3056.2651425733034,2017-12-07 21:00:00,-1133.2651425733034
base_02,sarimax,2017-12-07 22:00:00,2017-12-07 23:00:00,1152.0,2055.607112109989,2017-12-07 22:00:00,-903.607112109989
base_02,sarimax,2017-12-07 23:00:00,2017-12-08 00:00:00,651.0,1209.5826779240258,2017-12-07 23:00:00,-558.5826779240258
base_02,sarimax,2017-12-08 00:00:00,2017-12-08 01:00:00,386.0,667.4407504119561,2017-12-08 00:00:00,-281.44075041195606
base_02,sarimax,2017-12-08 01:00:00,2017-12-08 02:00:00,319.0,490.3015198396627,2017-12-08 01:00:00,-171.30151983966272
base_02,sarimax,2017-12-08 02:00:00,2017-12-08 03:00:00,392.0,401.06564004955675,2017-12-08 02:00:00,-9.065640049556748
base_02,sarimax,2017-12-08 03:00:00,2017-12-08 04:00:00,865.0,444.5104180407289,2017-12-08 03:00:00,420.4895819592711
base_02,sarimax,2017-12-08 04:00:00,2017-12-08 05:00:00,2916.0,898.1901365237995,2017-12-08 04:00:00,2017.8098634762005
base_02,sarimax,2017-12-08 05:00:00,2017-12-08 06:00:00,5276.0,2917.776698440227,2017-12-08 05:00:00,2358.223301559773
base_02,sarimax,2017-12-08 06:00:00,2017-12-08 07:00:00,6081.0,5265.938123668518,2017-12-08 06:00:00,815.0618763314824
base_02,sarimax,2017-12-08 07:00:00,2017-12-08 08:00:00,5448.0,6028.2588519725605,2017-12-08 07:00:00,-580.2588519725605
base_02,sarimax,2017-12-08 08:00:00,2017-12-08 09:00:00,5087.0,5238.41111096944,2017-12-08 08:00:00,-151.41111096944041
base_02,sarimax,2017-12-08 09:00:00,2017-12-08 10:00:00,4771.0,4845.351912557143,2017-12-08 09:00:00,-74.3519125571429
base_02,sarimax,2017-12-08 10:00:00,2017-12-08 11:00:00,5083.0,4718.629675628634,2017-12-08 10:00:00,364.3703243713662
base_02,sarimax,2017-12-08 11:00:00,2017-12-08 12:00:00,5299.0,5156.863386279242,2017-12-08 11:00:00,142.13661372075785
base_02,sarimax,2017-12-08 12:00:00,2017-12-08 13:00:00,5418.0,5345.597315499963,2017-12-08 12:00:00,72.40268450003714
base_02,sarimax,2017-12-08 13:00:00,2017-12-08 14:00:00,5424.0,5459.296245197889,2017-12-08 13:00:00,-35.29624519788922
base_02,sarimax,2017-12-08 14:00:00,2017-12-08 15:00:00,5931.0,5397.55197981771,2017-12-08 14:00:00,533.4480201822898
base_02,sarimax,2017-12-08 15:00:00,2017-12-08 16:00:00,6150.0,5913.5440437888665,2017-12-08 15:00:00,236.45595621113353
base_02,sarimax,2017-12-08 16:00:00,2017-12-08 17:00:00,5526.0,6140.070298103685,2017-12-08 16:00:00,-614.0702981036848
base_02,sarimax,2017-12-08 17:00:00,2017-12-08 18:00:00,4564.0,5526.277054428641,2017-12-08 17:00:00,-962.2770544286413
base_02,sarimax,2017-12-08 18:00:00,2017-12-08 19:00:00,3631.0,4513.493295733733,2017-12-08 18:00:00,-882.4932957337332
base_02,sarimax,2017-12-08 19:00:00,2017-12-08 20:00:00,3190.0,3613.80344304392,2017-12-08 19:00:00,-423.8034430439202
base_02,sarimax,2017-12-08 20:00:00,2017-12-08 21:00:00,3138.0,3261.8118702416286,2017-12-08 20:00:00,-123.81187024162864
base_02,sarimax,2017-12-08 21:00:00,2017-12-08 22:00:00,2728.0,3248.182524344008,2017-12-08 21:00:00,-520.182524344008
base_02,sarimax,2017-12-08 22:00:00,2017-12-08 23:00:00,1846.0,2825.301931634029,2017-12-08 22:00:00,-979.3019316340292
base_02,sarimax,2017-12-08 23:00:00,2017-12-09 00:00:00,1326.0,1893.682701346779,2017-12-08 23:00:00,-567.6827013467789
base_02,sarimax,2017-12-09 00:00:00,2017-12-09 01:00:00,826.0,1316.2360655105351,2017-12-09 00:00:00,-490.2360655105351
base_02,sarimax,2017-12-09 01:00:00,2017-12-09 02:00:00,601.0,849.9806827806906,2017-12-09 01:00:00,-248.98068278069059
base_02,sarimax,2017-12-09 02:00:00,2017-12-09 03:00:00,389.0,674.4940616102023,2017-12-09 02:00:00,-285.49406161020227
base_02,sarimax,2017-12-09 03:00:00,2017-12-09 04:00:00,471.0,426.3226322006424,2017-12-09 03:00:00,44.677367799357626
base_02,sarimax,2017-12-09 04:00:00,2017-12-09 05:00:00,877.0,510.4953127027414,2017-12-09 04:00:00,366.5046872972586
base_02,sarimax,2017-12-09 05:00:00,2017-12-09 06:00:00,1441.0,891.8832978769258,2017-12-09 05:00:00,549.1167021230742
base_02,sarimax,2017-12-09 06:00:00,2017-12-09 07:00:00,2156.0,1444.5539785776389,2017-12-09 06:00:00,711.4460214223611
base_02,sarimax,2017-12-09 07:00:00,2017-12-09 08:00:00,3024.0,2137.9708690304765,2017-12-09 07:00:00,886.0291309695235
base_02,sarimax,2017-12-09 08:00:00,2017-12-09 09:00:00,3900.0,2971.811665111763,2017-12-09 08:00:00,928.188334888237
base_02,sarimax,2017-12-09 09:00:00,2017-12-09 10:00:00,4433.0,3833.5163707227653,2017-12-09 09:00:00,599.4836292772347
base_02,sarimax,2017-12-09 10:00:00,2017-12-09 11:00:00,4928.0,4357.535172429075,2017-12-09 10:00:00,570.4648275709251
base_02,sarimax,2017-12-09 11:00:00,2017-12-09 12:00:00,5263.0,4836.013928526809,2017-12-09 11:00:00,426.98607147319126
base_02,sarimax,2017-12-09 12:00:00,2017-12-09 13:00:00,5186.0,5185.169642316105,2017-12-09 12:00:00,0.8303576838952722
base_02,sarimax,2017-12-09 13:00:00,2017-12-09 14:00:00,5255.0,5132.563929982284,2017-12-09 13:00:00,122.43607001771579
base_02,sarimax,2017-12-09 14:00:00,2017-12-09 15:00:00,5087.0,5213.04483876047,2017-12-09 14:00:00,-126.04483876047016
base_02,sarimax,2017-12-09 15:00:00,2017-12-09 16:00:00,5160.0,5052.4065202978145,2017-12-09 15:00:00,107.5934797021855
base_02,sarimax,2017-12-09 16:00:00,2017-12-09 17:00:00,5536.0,5177.367459830266,2017-12-09 16:00:00,358.63254016973406
base_02,sarimax,2017-12-09 17:00:00,2017-12-09 18:00:00,4555.0,5517.2248788266315,2017-12-09 17:00:00,-962.2248788266315
base_02,sarimax,2017-12-09 18:00:00,2017-12-09 19:00:00,3449.0,4575.610914148635,2017-12-09 18:00:00,-1126.610914148635
base_02,sarimax,2017-12-09 19:00:00,2017-12-09 20:00:00,3030.0,3449.447282115979,2017-12-09 19:00:00,-419.44728211597885
base_02,sarimax,2017-12-09 20:00:00,2017-12-09 21:00:00,3260.0,2995.6497565653444,2017-12-09 20:00:00,264.35024343465557
base_02,sarimax,2017-12-09 21:00:00,2017-12-09 22:00:00,3068.0,3360.771681739616,2017-12-09 21:00:00,-292.7716817396158
base_02,sarimax,2017-12-09 22:00:00,2017-12-09 23:00:00,1919.0,3189.2996072567084,2017-12-09 22:00:00,-1270.2996072567084
base_02,sarimax,2017-12-09 23:00:00,2017-12-10 00:00:00,1370.0,1966.5666377140915,2017-12-09 23:00:00,-596.5666377140915
base_02,sarimax,2017-12-10 00:00:00,2017-12-10 01:00:00,910.0,1341.8483475153603,2017-12-10 00:00:00,-431.8483475153603
base_02,sarimax,2017-12-10 01:00:00,2017-12-10 02:00:00,641.0,918.2971541901254,2017-12-10 01:00:00,-277.2971541901254
base_02,sarimax,2017-12-10 02:00:00,2017-12-10 03:00:00,391.0,754.6939844531128,2017-12-10 02:00:00,-363.69398445311276
base_02,sarimax,2017-12-10 03:00:00,2017-12-10 04:00:00,392.0,435.5843534215962,2017-12-10 03:00:00,-43.58435342159618
base_02,sarimax,2017-12-10 04:00:00,2017-12-10 05:00:00,635.0,443.1991342536647,2017-12-10 04:00:00,191.80086574633532
base_02,sarimax,2017-12-10 05:00:00,2017-12-10 06:00:00,922.0,668.9612861974485,2017-12-10 05:00:00,253.03871380255146
base_02,sarimax,2017-12-10 06:00:00,2017-12-10 07:00:00,1152.0,977.7514007798816,2017-12-10 06:00:00,174.24859922011842
base_02,sarimax,2017-12-10 07:00:00,2017-12-10 08:00:00,1869.0,1152.7361754876529,2017-12-10 07:00:00,716.2638245123471
base_02,sarimax,2017-12-10 08:00:00,2017-12-10 09:00:00,2745.0,1853.8091926631662,2017-12-10 08:00:00,891.1908073368338
base_02,sarimax,2017-12-10 09:00:00,2017-12-10 10:00:00,3616.0,2728.067578259168,2017-12-10 09:00:00,887.9324217408321
base_02,sarimax,2017-12-10 10:00:00,2017-12-10 11:00:00,4025.0,3608.036098609888,2017-12-10 10:00:00,416.9639013901119
base_02,sarimax,2017-12-10 11:00:00,2017-12-10 12:00:00,4264.0,3958.5085699163023,2017-12-10 11:00:00,305.49143008369765
base_02,sarimax,2017-12-10 12:00:00,2017-12-10 13:00:00,4352.0,4176.467487745534,2017-12-10 12:00:00,175.53251225446638
base_02,sarimax,2017-12-10 13:00:00,2017-12-10 14:00:00,4370.0,4269.017978662923,2017-12-10 13:00:00,100.98202133707673
base_02,sarimax,2017-12-10 14:00:00,2017-12-10 15:00:00,4762.0,4338.049737523544,2017-12-10 14:00:00,423.9502624764564
base_02,sarimax,2017-12-10 15:00:00,2017-12-10 16:00:00,4604.0,4739.1446749578,2017-12-10 15:00:00,-135.1446749577999
base_02,sarimax,2017-12-10 16:00:00,2017-12-10 17:00:00,4355.0,4596.627803971767,2017-12-10 16:00:00,-241.6278039717672
base_02,sarimax,2017-12-10 17:00:00,2017-12-10 18:00:00,3724.0,4337.418244723451,2017-12-10 17:00:00,-613.4182447234507
base_02,sarimax,2017-12-10 18:00:00,2017-12-10 19:00:00,2966.0,3649.5392481841313,2017-12-10 18:00:00,-683.5392481841313
base_02,sarimax,2017-12-10 19:00:00,2017-12-10 20:00:00,2560.0,2953.3580868564813,2017-12-10 19:00:00,-393.35808685648135
base_02,sarimax,2017-12-10 20:00:00,2017-12-10 21:00:00,2069.0,2564.6862240233677,2017-12-10 20:00:00,-495.6862240233677
base_02,sarimax,2017-12-10 21:00:00,2017-12-10 22:00:00,1732.0,2123.88292785642,2017-12-10 21:00:00,-391.8829278564199
base_02,sarimax,2017-12-10 22:00:00,2017-12-10 23:00:00,999.0,1828.9796135703193,2017-12-10 22:00:00,-829.9796135703193
base_02,sarimax,2017-12-10 23:00:00,2017-12-11 00:00:00,542.0,1052.3942505073937,2017-12-10 23:00:00,-510.39425050739374
base_02,sarimax,2017-12-11 00:00:00,2017-12-11 01:00:00,281.0,607.7519338039581,2017-12-11 00:00:00,-326.7519338039581
base_02,sarimax,2017-12-11 01:00:00,2017-12-11 02:00:00,279.0,326.99100592790194,2017-12-11 01:00:00,-47.99100592790194
base_02,sarimax,2017-12-11 02:00:00,2017-12-11 03:00:00,353.0,359.1008175617279,2017-12-11 02:00:00,-6.100817561727922
base_02,sarimax,2017-12-11 03:00:00,2017-12-11 04:00:00,901.0,404.17567936741733,2017-12-11 03:00:00,496.82432063258267
base_02,sarimax,2017-12-11 04:00:00,2017-12-11 05:00:00,2907.0,942.2195100336933,2017-12-11 04:00:00,1964.7804899663067
base_02,sarimax,2017-12-11 05:00:00,2017-12-11 06:00:00,5061.0,2910.924348055372,2017-12-11 05:00:00,2150.075651944628
base_02,sarimax,2017-12-11 06:00:00,2017-12-11 07:00:00,4050.0,5060.118464644129,2017-12-11 06:00:00,-1010.1184646441288
base_02,sarimax,2017-12-11 07:00:00,2017-12-11 08:00:00,4349.0,4001.6874508946607,2017-12-11 07:00:00,347.31254910533926
base_02,sarimax,2017-12-11 08:00:00,2017-12-11 09:00:00,4734.0,4148.481313408943,2017-12-11 08:00:00,585.5186865910573
base_02,sarimax,2017-12-11 09:00:00,2017-12-11 10:00:00,4049.0,4526.623677689478,2017-12-11 09:00:00,-477.6236776894784
base_02,sarimax,2017-12-11 10:00:00,2017-12-11 11:00:00,4291.0,4157.246320477819,2017-12-11 10:00:00,133.7536795221813
base_02,sarimax,2017-12-11 11:00:00,2017-12-11 12:00:00,4452.0,4286.854983181578,2017-12-11 11:00:00,165.14501681842194
base_02,sarimax,2017-12-11 12:00:00,2017-12-11 13:00:00,4509.0,4421.819156811152,2017-12-11 12:00:00,87.18084318884758
base_02,sarimax,2017-12-11 13:00:00,2017-12-11 14:00:00,4824.0,4584.326426309017,2017-12-11 13:00:00,239.67357369098318
base_02,sarimax,2017-12-11 14:00:00,2017-12-11 15:00:00,5501.0,4794.684966452012,2017-12-11 14:00:00,706.3150335479877
base_02,sarimax,2017-12-11 15:00:00,2017-12-11 16:00:00,6076.0,5478.056249138317,2017-12-11 15:00:00,597.9437508616829
base_02,sarimax,2017-12-11 16:00:00,2017-12-11 17:00:00,5712.0,6057.639928851684,2017-12-11 16:00:00,-345.6399288516841
base_02,sarimax,2017-12-11 17:00:00,2017-12-11 18:00:00,4040.0,5644.921413670026,2017-12-11 17:00:00,-1604.9214136700257
base_02,sarimax,2017-12-11 18:00:00,2017-12-11 19:00:00,2894.0,3947.00926806381,2017-12-11 18:00:00,-1053.00926806381
base_02,sarimax,2017-12-11 19:00:00,2017-12-11 20:00:00,2374.0,2817.831756038241,2017-12-11 19:00:00,-443.8317560382411
base_02,sarimax,2017-12-11 20:00:00,2017-12-11 21:00:00,2028.0,2385.716674776108,2017-12-11 20:00:00,-357.716674776108
base_02,sarimax,2017-12-11 21:00:00,2017-12-11 22:00:00,1433.0,2175.7686593362314,2017-12-11 21:00:00,-742.7686593362314
base_02,sarimax,2017-12-11 22:00:00,2017-12-11 23:00:00,958.0,1527.8354636199747,2017-12-11 22:00:00,-569.8354636199747
base_02,sarimax,2017-12-11 23:00:00,2017-12-12 00:00:00,548.0,994.4701621152801,2017-12-11 23:00:00,-446.4701621152801
base_02,sarimax,2017-12-12 00:00:00,2017-12-12 01:00:00,395.0,562.0338319415232,2017-12-12 00:00:00,-167.0338319415232
base_02,sarimax,2017-12-12 01:00:00,2017-12-12 02:00:00,256.0,431.1863110127671,2017-12-12 01:00:00,-175.18631101276708
base_02,sarimax,2017-12-12 02:00:00,2017-12-12 03:00:00,339.0,286.3075026694734,2017-12-12 02:00:00,52.69249733052658
base_02,sarimax,2017-12-12 03:00:00,2017-12-12 04:00:00,939.0,365.6336938816339,2017-12-12 03:00:00,573.3663061183661
base_02,sarimax,2017-12-12 04:00:00,2017-12-12 05:00:00,2963.0,938.7254301310119,2017-12-12 04:00:00,2024.2745698689882
base_02,sarimax,2017-12-12 05:00:00,2017-12-12 06:00:00,5981.0,2967.3442630168756,2017-12-12 05:00:00,3013.6557369831244
base_02,sarimax,2017-12-12 06:00:00,2017-12-12 07:00:00,5928.0,5961.361537784865,2017-12-12 06:00:00,-33.361537784864595
base_02,sarimax,2017-12-12 07:00:00,2017-12-12 08:00:00,5709.0,5855.626067139516,2017-12-12 07:00:00,-146.62606713951573
base_02,sarimax,2017-12-12 08:00:00,2017-12-12 09:00:00,5184.0,5488.003439074335,2017-12-12 08:00:00,-304.0034390743349
base_02,sarimax,2017-12-12 09:00:00,2017-12-12 10:00:00,4531.0,4898.437140780774,2017-12-12 09:00:00,-367.4371407807739
base_02,sarimax,2017-12-12 10:00:00,2017-12-12 11:00:00,4714.0,4555.715414305777,2017-12-12 10:00:00,158.2845856942231
base_02,sarimax,2017-12-12 11:00:00,2017-12-12 12:00:00,4948.0,4759.336126219518,2017-12-12 11:00:00,188.6638737804824
base_02,sarimax,2017-12-12 12:00:00,2017-12-12 13:00:00,4869.0,5028.422783335172,2017-12-12 12:00:00,-159.42278333517243
base_02,sarimax,2017-12-12 13:00:00,2017-12-12 14:00:00,5012.0,4956.281861576822,2017-12-12 13:00:00,55.71813842317806
base_02,sarimax,2017-12-12 14:00:00,2017-12-12 15:00:00,5651.0,5006.476206244891,2017-12-12 14:00:00,644.5237937551092
base_02,sarimax,2017-12-12 15:00:00,2017-12-12 16:00:00,6407.0,5640.426952746604,2017-12-12 15:00:00,766.573047253396
base_02,sarimax,2017-12-12 16:00:00,2017-12-12 17:00:00,5923.0,6424.769254249746,2017-12-12 16:00:00,-501.76925424974615
base_02,sarimax,2017-12-12 17:00:00,2017-12-12 18:00:00,4427.0,5915.460816890926,2017-12-12 17:00:00,-1488.4608168909263
base_02,sarimax,2017-12-12 18:00:00,2017-12-12 19:00:00,3282.0,4366.2115620734285,2017-12-12 18:00:00,-1084.2115620734285
base_02,sarimax,2017-12-12 19:00:00,2017-12-12 20:00:00,2673.0,3204.6332463089093,2017-12-12 19:00:00,-531.6332463089093
base_02,sarimax,2017-12-12 20:00:00,2017-12-12 21:00:00,2819.0,2734.1403336162384,2017-12-12 20:00:00,84.85966638376158
base_02,sarimax,2017-12-12 21:00:00,2017-12-12 22:00:00,3263.0,2990.6210642324327,2017-12-12 21:00:00,272.3789357675673
base_02,sarimax,2017-12-12 22:00:00,2017-12-12 23:00:00,1080.0,3395.048259656355,2017-12-12 22:00:00,-2315.048259656355
base_02,sarimax,2017-12-12 23:00:00,2017-12-13 00:00:00,641.0,1157.4698046848812,2017-12-12 23:00:00,-516.4698046848812
base_02,sarimax,2017-12-13 00:00:00,2017-12-13 01:00:00,391.0,638.4941310688366,2017-12-13 00:00:00,-247.49413106883662
base_02,sarimax,2017-12-13 01:00:00,2017-12-13 02:00:00,268.0,351.07854132031275,2017-12-13 01:00:00,-83.07854132031275
base_02,sarimax,2017-12-13 02:00:00,2017-12-13 03:00:00,395.0,512.7015155451002,2017-12-13 02:00:00,-117.70151554510016
base_02,sarimax,2017-12-13 03:00:00,2017-12-13 04:00:00,912.0,444.0048656460083,2017-12-13 03:00:00,467.9951343539917
base_02,sarimax,2017-12-13 04:00:00,2017-12-13 05:00:00,3108.0,942.1943362346066,2017-12-13 04:00:00,2165.8056637653935
base_02,sarimax,2017-12-13 05:00:00,2017-12-13 06:00:00,5910.0,3119.4839731889324,2017-12-13 05:00:00,2790.5160268110676
base_02,sarimax,2017-12-13 06:00:00,2017-12-13 07:00:00,6025.0,5883.460279577742,2017-12-13 06:00:00,141.53972042225814
base_02,sarimax,2017-12-13 07:00:00,2017-12-13 08:00:00,4696.0,5964.107198625671,2017-12-13 07:00:00,-1268.1071986256711
base_02,sarimax,2017-12-13 08:00:00,2017-12-13 09:00:00,5179.0,4463.002421356113,2017-12-13 08:00:00,715.9975786438872
base_02,sarimax,2017-12-13 09:00:00,2017-12-13 10:00:00,4347.0,4884.831466148946,2017-12-13 09:00:00,-537.8314661489458
base_02,sarimax,2017-12-13 10:00:00,2017-12-13 11:00:00,4501.0,4340.427862795571,2017-12-13 10:00:00,160.57213720442905
base_02,sarimax,2017-12-13 11:00:00,2017-12-13 12:00:00,4787.0,4633.807117457171,2017-12-13 11:00:00,153.19288254282856
base_02,sarimax,2017-12-13 12:00:00,2017-12-13 13:00:00,4943.0,4728.492046785981,2017-12-13 12:00:00,214.50795321401893
base_02,sarimax,2017-12-13 13:00:00,2017-12-13 14:00:00,5049.0,5022.328249999081,2017-12-13 13:00:00,26.67175000091902
base_02,sarimax,2017-12-13 14:00:00,2017-12-13 15:00:00,5642.0,5035.229791584213,2017-12-13 14:00:00,606.7702084157872
base_02,sarimax,2017-12-13 15:00:00,2017-12-13 16:00:00,6621.0,5611.07356753693,2017-12-13 15:00:00,1009.9264324630703
base_02,sarimax,2017-12-13 16:00:00,2017-12-13 17:00:00,6000.0,6604.1690030578975,2017-12-13 16:00:00,-604.1690030578975
base_02,sarimax,2017-12-13 17:00:00,2017-12-13 18:00:00,4370.0,5988.586796348025,2017-12-13 17:00:00,-1618.586796348025
base_02,sarimax,2017-12-13 18:00:00,2017-12-13 19:00:00,3139.0,4297.968051538242,2017-12-13 18:00:00,-1158.9680515382424
base_02,sarimax,2017-12-13 19:00:00,2017-12-13 20:00:00,2777.0,3033.5203211665275,2017-12-13 19:00:00,-256.52032116652754
base_02,sarimax,2017-12-13 20:00:00,2017-12-13 21:00:00,2369.0,2824.8075879911985,2017-12-13 20:00:00,-455.8075879911985
base_02,sarimax,2017-12-13 21:00:00,2017-12-13 22:00:00,1889.0,2523.7071596626656,2017-12-13 21:00:00,-634.7071596626656
base_02,sarimax,2017-12-13 22:00:00,2017-12-13 23:00:00,1168.0,1997.7834738709894,2017-12-13 22:00:00,-829.7834738709894
base_02,sarimax,2017-12-13 23:00:00,2017-12-14 00:00:00,571.0,1193.8117557358664,2017-12-13 23:00:00,-622.8117557358664
base_02,sarimax,2017-12-14 00:00:00,2017-12-14 01:00:00,392.0,600.5871567267038,2017-12-14 00:00:00,-208.58715672670382
base_02,sarimax,2017-12-14 01:00:00,2017-12-14 02:00:00,298.0,427.61085216939506,2017-12-14 01:00:00,-129.61085216939506
base_02,sarimax,2017-12-14 02:00:00,2017-12-14 03:00:00,372.0,384.99502894054274,2017-12-14 02:00:00,-12.995028940542738
base_02,sarimax,2017-12-14 03:00:00,2017-12-14 04:00:00,908.0,440.41172961606463,2017-12-14 03:00:00,467.58827038393537
base_02,sarimax,2017-12-14 04:00:00,2017-12-14 05:00:00,2930.0,918.2558841208761,2017-12-14 04:00:00,2011.744115879124
base_02,sarimax,2017-12-14 05:00:00,2017-12-14 06:00:00,5808.0,2935.724547446225,2017-12-14 05:00:00,2872.275452553775
base_02,sarimax,2017-12-14 06:00:00,2017-12-14 07:00:00,6252.0,5789.8124198097175,2017-12-14 06:00:00,462.18758019028246
base_02,sarimax,2017-12-14 07:00:00,2017-12-14 08:00:00,5573.0,6203.581738858012,2017-12-14 07:00:00,-630.5817388580117
base_02,sarimax,2017-12-14 08:00:00,2017-12-14 09:00:00,5360.0,5362.313599756566,2017-12-14 08:00:00,-2.3135997565659636
base_02,sarimax,2017-12-14 09:00:00,2017-12-14 10:00:00,4607.0,5058.964069031345,2017-12-14 09:00:00,-451.9640690313454
base_02,sarimax,2017-12-14 10:00:00,2017-12-14 11:00:00,4881.0,4585.766227163189,2017-12-14 10:00:00,295.2337728368111
base_02,sarimax,2017-12-14 11:00:00,2017-12-14 12:00:00,5058.0,4966.184228500395,2017-12-14 11:00:00,91.81577149960503
base_02,sarimax,2017-12-14 12:00:00,2017-12-14 13:00:00,5019.0,5090.745473013473,2017-12-14 12:00:00,-71.7454730134732
base_02,sarimax,2017-12-14 13:00:00,2017-12-14 14:00:00,5430.0,5105.878763738027,2017-12-14 13:00:00,324.1212362619726
base_02,sarimax,2017-12-14 14:00:00,2017-12-14 15:00:00,5897.0,5410.192797334772,2017-12-14 14:00:00,486.80720266522803
base_02,sarimax,2017-12-14 15:00:00,2017-12-14 16:00:00,6757.0,5880.188183307748,2017-12-14 15:00:00,876.8118166922523
base_02,sarimax,2017-12-14 16:00:00,2017-12-14 17:00:00,6042.0,6766.689528295286,2017-12-14 16:00:00,-724.6895282952864
base_02,sarimax,2017-12-14 17:00:00,2017-12-14 18:00:00,4672.0,5998.429937142067,2017-12-14 17:00:00,-1326.4299371420666
base_02,sarimax,2017-12-14 18:00:00,2017-12-14 19:00:00,3397.0,4624.672009950132,2017-12-14 18:00:00,-1227.6720099501317
base_02,sarimax,2017-12-14 19:00:00,2017-12-14 20:00:00,3055.0,3308.165937590115,2017-12-14 19:00:00,-253.16593759011494
base_02,sarimax,2017-12-14 20:00:00,2017-12-14 21:00:00,3558.0,3139.630339221917,2017-12-14 20:00:00,418.369660778083
base_02,sarimax,2017-12-14 21:00:00,2017-12-14 22:00:00,3433.0,3701.9490744787126,2017-12-14 21:00:00,-268.94907447871265
base_02,sarimax,2017-12-14 22:00:00,2017-12-14 23:00:00,1680.0,3560.0516520038123,2017-12-14 22:00:00,-1880.0516520038123
base_02,sarimax,2017-12-14 23:00:00,2017-12-15 00:00:00,803.0,1712.5469209809983,2017-12-14 23:00:00,-909.5469209809983
base_02,sarimax,2017-12-15 00:00:00,2017-12-15 01:00:00,490.0,750.0762641647714,2017-12-15 00:00:00,-260.0762641647714
base_02,sarimax,2017-12-15 01:00:00,2017-12-15 02:00:00,358.0,501.8593772307079,2017-12-15 01:00:00,-143.85937723070788
base_02,sarimax,2017-12-15 02:00:00,2017-12-15 03:00:00,387.0,539.9913165760273,2017-12-15 02:00:00,-152.99131657602732
base_02,sarimax,2017-12-15 03:00:00,2017-12-15 04:00:00,836.0,479.116402255047,2017-12-15 03:00:00,356.883597744953
base_02,sarimax,2017-12-15 04:00:00,2017-12-15 05:00:00,2773.0,869.1642832241454,2017-12-15 04:00:00,1903.8357167758545
base_02,sarimax,2017-12-15 05:00:00,2017-12-15 06:00:00,5506.0,2790.3767134049617,2017-12-15 05:00:00,2715.6232865950383
base_02,sarimax,2017-12-15 06:00:00,2017-12-15 07:00:00,6307.0,5497.995565563584,2017-12-15 06:00:00,809.004434436416
base_02,sarimax,2017-12-15 07:00:00,2017-12-15 08:00:00,5600.0,6256.089966896038,2017-12-15 07:00:00,-656.0899668960383
base_02,sarimax,2017-12-15 08:00:00,2017-12-15 09:00:00,5222.0,5392.5545284627715,2017-12-15 08:00:00,-170.5545284627715
base_02,sarimax,2017-12-15 09:00:00,2017-12-15 10:00:00,4949.0,4939.584986291722,2017-12-15 09:00:00,9.415013708277911
base_02,sarimax,2017-12-15 10:00:00,2017-12-15 11:00:00,5342.0,4873.861784873584,2017-12-15 10:00:00,468.13821512641607
base_02,sarimax,2017-12-15 11:00:00,2017-12-15 12:00:00,5368.0,5420.2414179198595,2017-12-15 11:00:00,-52.24141791985949
base_02,sarimax,2017-12-15 12:00:00,2017-12-15 13:00:00,5386.0,5412.2964511509335,2017-12-15 12:00:00,-26.296451150933535
base_02,sarimax,2017-12-15 13:00:00,2017-12-15 14:00:00,5672.0,5422.459502040033,2017-12-15 13:00:00,249.54049795996707
base_02,sarimax,2017-12-15 14:00:00,2017-12-15 15:00:00,6048.0,5642.692881040465,2017-12-15 14:00:00,405.3071189595348
base_02,sarimax,2017-12-15 15:00:00,2017-12-15 16:00:00,6669.0,6058.2838983011425,2017-12-15 15:00:00,610.7161016988575
base_02,sarimax,2017-12-15 16:00:00,2017-12-15 17:00:00,5666.0,6670.6551403991325,2017-12-15 16:00:00,-1004.6551403991325
base_02,sarimax,2017-12-15 17:00:00,2017-12-15 18:00:00,4776.0,5636.234139622199,2017-12-15 17:00:00,-860.2341396221991
base_02,sarimax,2017-12-15 18:00:00,2017-12-15 19:00:00,3550.0,4741.13269582402,2017-12-15 18:00:00,-1191.1326958240197
base_02,sarimax,2017-12-15 19:00:00,2017-12-15 20:00:00,2849.0,3487.555031405968,2017-12-15 19:00:00,-638.5550314059678
base_02,sarimax,2017-12-15 20:00:00,2017-12-15 21:00:00,2866.0,2941.2179313254633,2017-12-15 20:00:00,-75.21793132546327
base_02,sarimax,2017-12-15 21:00:00,2017-12-15 22:00:00,2554.0,2962.6702207595745,2017-12-15 21:00:00,-408.6702207595745
base_02,sarimax,2017-12-15 22:00:00,2017-12-15 23:00:00,1814.0,2681.3695815571555,2017-12-15 22:00:00,-867.3695815571555
base_02,sarimax,2017-12-15 23:00:00,2017-12-16 00:00:00,1275.0,1898.7648523656378,2017-12-15 23:00:00,-623.7648523656378
base_02,sarimax,2017-12-16 00:00:00,2017-12-16 01:00:00,817.0,1278.3798597959517,2017-12-16 00:00:00,-461.3798597959517
base_02,sarimax,2017-12-16 01:00:00,2017-12-16 02:00:00,646.0,850.8791803728452,2017-12-16 01:00:00,-204.8791803728452
base_02,sarimax,2017-12-16 02:00:00,2017-12-16 03:00:00,413.0,727.5007766355536,2017-12-16 02:00:00,-314.5007766355536
base_02,sarimax,2017-12-16 03:00:00,2017-12-16 04:00:00,441.0,465.4142981885459,2017-12-16 03:00:00,-24.4142981885459
base_02,sarimax,2017-12-16 04:00:00,2017-12-16 05:00:00,798.0,475.9090746992551,2017-12-16 04:00:00,322.0909253007449
base_02,sarimax,2017-12-16 05:00:00,2017-12-16 06:00:00,1294.0,809.4195871550783,2017-12-16 05:00:00,484.58041284492174
base_02,sarimax,2017-12-16 06:00:00,2017-12-16 07:00:00,1812.0,1304.6304160774116,2017-12-16 06:00:00,507.3695839225884
base_02,sarimax,2017-12-16 07:00:00,2017-12-16 08:00:00,2603.0,1800.9392634479527,2017-12-16 07:00:00,802.0607365520473
base_02,sarimax,2017-12-16 08:00:00,2017-12-16 09:00:00,3440.0,2571.531962883035,2017-12-16 08:00:00,868.4680371169652
base_02,sarimax,2017-12-16 09:00:00,2017-12-16 10:00:00,3960.0,3387.3723893123915,2017-12-16 09:00:00,572.6276106876085
base_02,sarimax,2017-12-16 10:00:00,2017-12-16 11:00:00,4303.0,3911.5404957910787,2017-12-16 10:00:00,391.4595042089213
base_02,sarimax,2017-12-16 11:00:00,2017-12-16 12:00:00,4806.0,4236.269734142286,2017-12-16 11:00:00,569.7302658577137
base_02,sarimax,2017-12-16 12:00:00,2017-12-16 13:00:00,4743.0,4724.095350003017,2017-12-16 12:00:00,18.904649996982698
base_02,sarimax,2017-12-16 13:00:00,2017-12-16 14:00:00,4893.0,4694.512551390725,2017-12-16 13:00:00,198.4874486092749
base_02,sarimax,2017-12-16 14:00:00,2017-12-16 15:00:00,5448.0,4864.338431502923,2017-12-16 14:00:00,583.6615684970766
base_02,sarimax,2017-12-16 15:00:00,2017-12-16 16:00:00,6122.0,5393.840131941703,2017-12-16 15:00:00,728.1598680582974
base_02,sarimax,2017-12-16 16:00:00,2017-12-16 17:00:00,5088.0,6130.2999305592575,2017-12-16 16:00:00,-1042.2999305592575
base_02,sarimax,2017-12-16 17:00:00,2017-12-16 18:00:00,4600.0,5071.998924366402,2017-12-16 17:00:00,-471.9989243664022
base_02,sarimax,2017-12-16 18:00:00,2017-12-16 19:00:00,3512.0,4533.697845948671,2017-12-16 18:00:00,-1021.6978459486709
base_02,sarimax,2017-12-16 19:00:00,2017-12-16 20:00:00,3143.0,3431.135841738382,2017-12-16 19:00:00,-288.13584173838217
base_02,sarimax,2017-12-16 20:00:00,2017-12-16 21:00:00,3003.0,3245.9134988642995,2017-12-16 20:00:00,-242.91349886429953
base_02,sarimax,2017-12-16 21:00:00,2017-12-16 22:00:00,3020.0,3047.5932856519835,2017-12-16 21:00:00,-27.59328565198348
base_02,sarimax,2017-12-16 22:00:00,2017-12-16 23:00:00,2166.0,3119.4898077447033,2017-12-16 22:00:00,-953.4898077447033
base_02,sarimax,2017-12-16 23:00:00,2017-12-17 00:00:00,1230.0,2191.8439354746174,2017-12-16 23:00:00,-961.8439354746174
base_02,sarimax,2017-12-17 00:00:00,2017-12-17 01:00:00,759.0,1231.8893674848946,2017-12-17 00:00:00,-472.8893674848946
base_02,sarimax,2017-12-17 01:00:00,2017-12-17 02:00:00,557.0,755.3894759361916,2017-12-17 01:00:00,-198.38947593619162
base_02,sarimax,2017-12-17 02:00:00,2017-12-17 03:00:00,391.0,625.7378381791616,2017-12-17 02:00:00,-234.7378381791616
base_02,sarimax,2017-12-17 03:00:00,2017-12-17 04:00:00,320.0,484.4399165249417,2017-12-17 03:00:00,-164.43991652494168
base_02,sarimax,2017-12-17 04:00:00,2017-12-17 05:00:00,501.0,370.21907418715205,2017-12-17 04:00:00,130.78092581284795
base_02,sarimax,2017-12-17 05:00:00,2017-12-17 06:00:00,931.0,527.994029362894,2017-12-17 05:00:00,403.005970637106
base_02,sarimax,2017-12-17 06:00:00,2017-12-17 07:00:00,1283.0,952.8282670553747,2017-12-17 06:00:00,330.1717329446253
base_02,sarimax,2017-12-17 07:00:00,2017-12-17 08:00:00,1994.0,1296.1982677592646,2017-12-17 07:00:00,697.8017322407354
base_02,sarimax,2017-12-17 08:00:00,2017-12-17 09:00:00,3246.0,1975.6004947590527,2017-12-17 08:00:00,1270.3995052409473
base_02,sarimax,2017-12-17 09:00:00,2017-12-17 10:00:00,4399.0,3212.8473631277475,2017-12-17 09:00:00,1186.1526368722525
base_02,sarimax,2017-12-17 10:00:00,2017-12-17 11:00:00,3996.0,4372.347163219145,2017-12-17 10:00:00,-376.34716321914493
base_02,sarimax,2017-12-17 11:00:00,2017-12-17 12:00:00,4084.0,3935.3637222393495,2017-12-17 11:00:00,148.6362777606505
base_02,sarimax,2017-12-17 12:00:00,2017-12-17 13:00:00,3977.0,3967.7033623705865,2017-12-17 12:00:00,9.296637629413453
base_02,sarimax,2017-12-17 13:00:00,2017-12-17 14:00:00,4015.0,3864.331162703421,2017-12-17 13:00:00,150.6688372965791
base_02,sarimax,2017-12-17 14:00:00,2017-12-17 15:00:00,4255.0,4062.274425471236,2017-12-17 14:00:00,192.7255745287639
base_02,sarimax,2017-12-17 15:00:00,2017-12-17 16:00:00,4493.0,4257.023276909177,2017-12-17 15:00:00,235.97672309082282
base_02,sarimax,2017-12-17 16:00:00,2017-12-17 17:00:00,4183.0,4502.337440601754,2017-12-17 16:00:00,-319.33744060175377
base_02,sarimax,2017-12-17 17:00:00,2017-12-17 18:00:00,3558.0,4179.554980113175,2017-12-17 17:00:00,-621.5549801131747
base_02,sarimax,2017-12-17 18:00:00,2017-12-17 19:00:00,2892.0,3531.2951439824983,2017-12-17 18:00:00,-639.2951439824983
base_02,sarimax,2017-12-17 19:00:00,2017-12-17 20:00:00,2486.0,2860.489471720016,2017-12-17 19:00:00,-374.4894717200159
base_02,sarimax,2017-12-17 20:00:00,2017-12-17 21:00:00,2061.0,2516.1298013838646,2017-12-17 20:00:00,-455.12980138386456
base_02,sarimax,2017-12-17 21:00:00,2017-12-17 22:00:00,1692.0,2123.676881682198,2017-12-17 21:00:00,-431.6768816821982
base_02,sarimax,2017-12-17 22:00:00,2017-12-17 23:00:00,979.0,1757.271293464175,2017-12-17 22:00:00,-778.271293464175
base_02,sarimax,2017-12-17 23:00:00,2017-12-18 00:00:00,530.0,1023.7098949934151,2017-12-17 23:00:00,-493.7098949934151
base_02,sarimax,2017-12-18 00:00:00,2017-12-18 01:00:00,310.0,572.0453445494536,2017-12-18 00:00:00,-262.0453445494536
base_02,sarimax,2017-12-18 01:00:00,2017-12-18 02:00:00,260.0,347.63741350336903,2017-12-18 01:00:00,-87.63741350336903
base_02,sarimax,2017-12-18 02:00:00,2017-12-18 03:00:00,332.0,335.3673504518034,2017-12-18 02:00:00,-3.367350451803418
base_02,sarimax,2017-12-18 03:00:00,2017-12-18 04:00:00,905.0,378.36922154086733,2017-12-18 03:00:00,526.6307784591327
base_02,sarimax,2017-12-18 04:00:00,2017-12-18 05:00:00,2852.0,927.3864099033666,2017-12-18 04:00:00,1924.6135900966333
base_02,sarimax,2017-12-18 05:00:00,2017-12-18 06:00:00,5448.0,2855.7931745377327,2017-12-18 05:00:00,2592.2068254622673
base_02,sarimax,2017-12-18 06:00:00,2017-12-18 07:00:00,6198.0,5440.899301806706,2017-12-18 06:00:00,757.1006981932942
base_02,sarimax,2017-12-18 07:00:00,2017-12-18 08:00:00,5039.0,6139.329949335909,2017-12-18 07:00:00,-1100.329949335909
base_02,sarimax,2017-12-18 08:00:00,2017-12-18 09:00:00,4901.0,4836.948841172919,2017-12-18 08:00:00,64.05115882708105
base_02,sarimax,2017-12-18 09:00:00,2017-12-18 10:00:00,4496.0,4641.452207001203,2017-12-18 09:00:00,-145.45220700120262
base_02,sarimax,2017-12-18 10:00:00,2017-12-18 11:00:00,4542.0,4445.138648632567,2017-12-18 10:00:00,96.86135136743269
base_02,sarimax,2017-12-18 11:00:00,2017-12-18 12:00:00,4860.0,4687.796462808697,2017-12-18 11:00:00,172.20353719130344
base_02,sarimax,2017-12-18 12:00:00,2017-12-18 13:00:00,4802.0,4893.946889979866,2017-12-18 12:00:00,-91.94688997986577
base_02,sarimax,2017-12-18 13:00:00,2017-12-18 14:00:00,5185.0,4854.37371884158,2017-12-18 13:00:00,330.62628115842017
base_02,sarimax,2017-12-18 14:00:00,2017-12-18 15:00:00,5859.0,5190.52591767523,2017-12-18 14:00:00,668.4740823247703
base_02,sarimax,2017-12-18 15:00:00,2017-12-18 16:00:00,6502.0,5834.507743786954,2017-12-18 15:00:00,667.492256213046
base_02,sarimax,2017-12-18 16:00:00,2017-12-18 17:00:00,6009.0,6519.472177347986,2017-12-18 16:00:00,-510.47217734798596
base_02,sarimax,2017-12-18 17:00:00,2017-12-18 18:00:00,4434.0,5973.662150599272,2017-12-18 17:00:00,-1539.6621505992716
base_02,sarimax,2017-12-18 18:00:00,2017-12-18 19:00:00,3065.0,4371.034965259468,2017-12-18 18:00:00,-1306.0349652594678
base_02,sarimax,2017-12-18 19:00:00,2017-12-18 20:00:00,2397.0,3009.5050112260024,2017-12-18 19:00:00,-612.5050112260024
base_02,sarimax,2017-12-18 20:00:00,2017-12-18 21:00:00,2125.0,2466.1155149722076,2017-12-18 20:00:00,-341.1155149722076
base_02,sarimax,2017-12-18 21:00:00,2017-12-18 22:00:00,1560.0,2286.698261259117,2017-12-18 21:00:00,-726.6982612591169
base_02,sarimax,2017-12-18 22:00:00,2017-12-18 23:00:00,1062.0,1680.1350076700035,2017-12-18 22:00:00,-618.1350076700035
base_02,sarimax,2017-12-18 23:00:00,2017-12-19 00:00:00,591.0,1129.3351529288461,2017-12-18 23:00:00,-538.3351529288461
base_02,sarimax,2017-12-19 00:00:00,2017-12-19 01:00:00,371.0,598.6793372231086,2017-12-19 00:00:00,-227.67933722310863
base_02,sarimax,2017-12-19 01:00:00,2017-12-19 02:00:00,278.0,427.14831771380545,2017-12-19 01:00:00,-149.14831771380545
base_02,sarimax,2017-12-19 02:00:00,2017-12-19 03:00:00,359.0,325.550685840436,2017-12-19 02:00:00,33.44931415956398
base_02,sarimax,2017-12-19 03:00:00,2017-12-19 04:00:00,869.0,420.46575287589667,2017-12-19 03:00:00,448.53424712410333
base_02,sarimax,2017-12-19 04:00:00,2017-12-19 05:00:00,2977.0,882.0774495224301,2017-12-19 04:00:00,2094.92255047757
base_02,sarimax,2017-12-19 05:00:00,2017-12-19 06:00:00,5784.0,2977.445792506631,2017-12-19 05:00:00,2806.554207493369
base_02,sarimax,2017-12-19 06:00:00,2017-12-19 07:00:00,6291.0,5761.741103833273,2017-12-19 06:00:00,529.258896166727
base_02,sarimax,2017-12-19 07:00:00,2017-12-19 08:00:00,5791.0,6224.233293714036,2017-12-19 07:00:00,-433.23329371403634
base_02,sarimax,2017-12-19 08:00:00,2017-12-19 09:00:00,5121.0,5567.524098747429,2017-12-19 08:00:00,-446.524098747429
base_02,sarimax,2017-12-19 09:00:00,2017-12-19 10:00:00,4727.0,4831.149912239755,2017-12-19 09:00:00,-104.1499122397554
base_02,sarimax,2017-12-19 10:00:00,2017-12-19 11:00:00,4976.0,4688.782797245268,2017-12-19 10:00:00,287.21720275473217
base_02,sarimax,2017-12-19 11:00:00,2017-12-19 12:00:00,5123.0,5030.528439270735,2017-12-19 11:00:00,92.47156072926464
base_02,sarimax,2017-12-19 12:00:00,2017-12-19 13:00:00,4997.0,5198.722092275377,2017-12-19 12:00:00,-201.72209227537678
base_02,sarimax,2017-12-19 13:00:00,2017-12-19 14:00:00,5385.0,5033.636111705897,2017-12-19 13:00:00,351.36388829410316
base_02,sarimax,2017-12-19 14:00:00,2017-12-19 15:00:00,5847.0,5364.447505285202,2017-12-19 14:00:00,482.55249471479783
base_02,sarimax,2017-12-19 15:00:00,2017-12-19 16:00:00,6677.0,5819.561416509149,2017-12-19 15:00:00,857.4385834908508
base_02,sarimax,2017-12-19 16:00:00,2017-12-19 17:00:00,5962.0,6688.62224232147,2017-12-19 16:00:00,-726.6222423214704
base_02,sarimax,2017-12-19 17:00:00,2017-12-19 18:00:00,4381.0,5904.262911185791,2017-12-19 17:00:00,-1523.2629111857914
base_02,sarimax,2017-12-19 18:00:00,2017-12-19 19:00:00,3323.0,4312.406167588994,2017-12-19 18:00:00,-989.4061675889943
base_02,sarimax,2017-12-19 19:00:00,2017-12-19 20:00:00,2794.0,3224.100621011325,2017-12-19 19:00:00,-430.1006210113251
base_02,sarimax,2017-12-19 20:00:00,2017-12-19 21:00:00,2461.0,2850.5942688346413,2017-12-19 20:00:00,-389.5942688346413
base_02,sarimax,2017-12-19 21:00:00,2017-12-19 22:00:00,1911.0,2617.266762297052,2017-12-19 21:00:00,-706.2667622970521
base_02,sarimax,2017-12-19 22:00:00,2017-12-19 23:00:00,1146.0,2003.3560401643706,2017-12-19 22:00:00,-857.3560401643706
base_02,sarimax,2017-12-19 23:00:00,2017-12-20 00:00:00,635.0,1183.7419833124509,2017-12-19 23:00:00,-548.7419833124509
base_02,sarimax,2017-12-20 00:00:00,2017-12-20 01:00:00,418.0,665.3322214613779,2017-12-20 00:00:00,-247.3322214613779
base_02,sarimax,2017-12-20 01:00:00,2017-12-20 02:00:00,306.0,465.96144823119505,2017-12-20 01:00:00,-159.96144823119505
base_02,sarimax,2017-12-20 02:00:00,2017-12-20 03:00:00,379.0,378.57087442638067,2017-12-20 02:00:00,0.4291255736193307
base_02,sarimax,2017-12-20 03:00:00,2017-12-20 04:00:00,905.0,418.97707440016876,2017-12-20 03:00:00,486.02292559983124
base_02,sarimax,2017-12-20 04:00:00,2017-12-20 05:00:00,2952.0,915.2611479008542,2017-12-20 04:00:00,2036.7388520991458
base_02,sarimax,2017-12-20 05:00:00,2017-12-20 06:00:00,5834.0,2951.2880292736295,2017-12-20 05:00:00,2882.7119707263705
base_02,sarimax,2017-12-20 06:00:00,2017-12-20 07:00:00,6546.0,5820.770682402192,2017-12-20 06:00:00,725.2293175978084
base_02,sarimax,2017-12-20 07:00:00,2017-12-20 08:00:00,5694.0,6487.787672582231,2017-12-20 07:00:00,-793.7876725822307
base_02,sarimax,2017-12-20 08:00:00,2017-12-20 09:00:00,5372.0,5480.788485983788,2017-12-20 08:00:00,-108.78848598378772
base_02,sarimax,2017-12-20 09:00:00,2017-12-20 10:00:00,4902.0,5072.682187460159,2017-12-20 09:00:00,-170.68218746015918
base_02,sarimax,2017-12-20 10:00:00,2017-12-20 11:00:00,5092.0,4834.928051169271,2017-12-20 10:00:00,257.0719488307286
base_02,sarimax,2017-12-20 11:00:00,2017-12-20 12:00:00,5090.0,5181.444518530633,2017-12-20 11:00:00,-91.4445185306331
base_02,sarimax,2017-12-20 12:00:00,2017-12-20 13:00:00,4769.0,5125.2270458709945,2017-12-20 12:00:00,-356.2270458709945
base_02,sarimax,2017-12-20 13:00:00,2017-12-20 14:00:00,5026.0,4817.060006108119,2017-12-20 13:00:00,208.9399938918814
base_02,sarimax,2017-12-20 14:00:00,2017-12-20 15:00:00,5549.0,4997.33870826473,2017-12-20 14:00:00,551.6612917352704
base_02,sarimax,2017-12-20 15:00:00,2017-12-20 16:00:00,6372.0,5545.10030129791,2017-12-20 15:00:00,826.8996987020901
base_02,sarimax,2017-12-20 16:00:00,2017-12-20 17:00:00,5634.0,6409.502515410601,2017-12-20 16:00:00,-775.5025154106006
base_02,sarimax,2017-12-20 17:00:00,2017-12-20 18:00:00,4366.0,5609.201963670697,2017-12-20 17:00:00,-1243.2019636706973
base_02,sarimax,2017-12-20 18:00:00,2017-12-20 19:00:00,3259.0,4313.8594403985935,2017-12-20 18:00:00,-1054.8594403985935
base_02,sarimax,2017-12-20 19:00:00,2017-12-20 20:00:00,2648.0,3175.527421604278,2017-12-20 19:00:00,-527.5274216042781
base_02,sarimax,2017-12-20 20:00:00,2017-12-20 21:00:00,2533.0,2725.992110719947,2017-12-20 20:00:00,-192.99211071994705
base_02,sarimax,2017-12-20 21:00:00,2017-12-20 22:00:00,1915.0,2666.539318600457,2017-12-20 21:00:00,-751.5393186004571
base_02,sarimax,2017-12-20 22:00:00,2017-12-20 23:00:00,1204.0,2024.7087555800374,2017-12-20 22:00:00,-820.7087555800374
base_02,sarimax,2017-12-20 23:00:00,2017-12-21 00:00:00,621.0,1266.7253008954856,2017-12-20 23:00:00,-645.7253008954856
base_02,sarimax,2017-12-21 00:00:00,2017-12-21 01:00:00,393.0,636.9504581115821,2017-12-21 00:00:00,-243.95045811158207
base_02,sarimax,2017-12-21 01:00:00,2017-12-21 02:00:00,281.0,458.1617761388648,2017-12-21 01:00:00,-177.1617761388648
base_02,sarimax,2017-12-21 02:00:00,2017-12-21 03:00:00,382.0,353.6018349145307,2017-12-21 02:00:00,28.398165085469316
base_02,sarimax,2017-12-21 03:00:00,2017-12-21 04:00:00,901.0,444.1729817497782,2017-12-21 03:00:00,456.8270182502218
base_02,sarimax,2017-12-21 04:00:00,2017-12-21 05:00:00,2863.0,926.0871615476092,2017-12-21 04:00:00,1936.9128384523908
base_02,sarimax,2017-12-21 05:00:00,2017-12-21 06:00:00,5512.0,2874.6290838450846,2017-12-21 05:00:00,2637.3709161549154
base_02,sarimax,2017-12-21 06:00:00,2017-12-21 07:00:00,5878.0,5504.1338459297785,2017-12-21 06:00:00,373.86615407022146
base_02,sarimax,2017-12-21 07:00:00,2017-12-21 08:00:00,5310.0,5825.078503517646,2017-12-21 07:00:00,-515.0785035176459
base_02,sarimax,2017-12-21 08:00:00,2017-12-21 09:00:00,4975.0,5109.1020708162605,2017-12-21 08:00:00,-134.1020708162605
base_02,sarimax,2017-12-21 09:00:00,2017-12-21 10:00:00,4792.0,4701.0865796625585,2017-12-21 09:00:00,90.9134203374415
base_02,sarimax,2017-12-21 10:00:00,2017-12-21 11:00:00,4936.0,4758.728163892333,2017-12-21 10:00:00,177.2718361076668
base_02,sarimax,2017-12-21 11:00:00,2017-12-21 12:00:00,5140.0,5005.374503306877,2017-12-21 11:00:00,134.62549669312284
base_02,sarimax,2017-12-21 12:00:00,2017-12-21 13:00:00,5137.0,5178.114321267007,2017-12-21 12:00:00,-41.114321267006744
base_02,sarimax,2017-12-21 13:00:00,2017-12-21 14:00:00,5493.0,5160.992054145577,2017-12-21 13:00:00,332.00794585442327
base_02,sarimax,2017-12-21 14:00:00,2017-12-21 15:00:00,5903.0,5489.639301350937,2017-12-21 14:00:00,413.3606986490631
base_02,sarimax,2017-12-21 15:00:00,2017-12-21 16:00:00,6551.0,5885.7050517268135,2017-12-21 15:00:00,665.2949482731865
base_02,sarimax,2017-12-21 16:00:00,2017-12-21 17:00:00,5926.0,6553.021656791599,2017-12-21 16:00:00,-627.0216567915986
base_02,sarimax,2017-12-21 17:00:00,2017-12-21 18:00:00,4535.0,5887.434885609906,2017-12-21 17:00:00,-1352.434885609906
base_02,sarimax,2017-12-21 18:00:00,2017-12-21 19:00:00,3242.0,4495.43644171754,2017-12-21 18:00:00,-1253.4364417175402
base_02,sarimax,2017-12-21 19:00:00,2017-12-21 20:00:00,2884.0,3172.0469726030437,2017-12-21 19:00:00,-288.04697260304374
base_02,sarimax,2017-12-21 20:00:00,2017-12-21 21:00:00,2773.0,2946.8732092358678,2017-12-21 20:00:00,-173.87320923586776
base_02,sarimax,2017-12-21 21:00:00,2017-12-21 22:00:00,2294.0,2909.618981334486,2017-12-21 21:00:00,-615.6189813344859
base_02,sarimax,2017-12-21 22:00:00,2017-12-21 23:00:00,1450.0,2425.3002848756223,2017-12-21 22:00:00,-975.3002848756223
base_02,sarimax,2017-12-21 23:00:00,2017-12-22 00:00:00,771.0,1480.7853263776756,2017-12-21 23:00:00,-709.7853263776756
base_02,sarimax,2017-12-22 00:00:00,2017-12-22 01:00:00,474.0,779.5797894763984,2017-12-22 00:00:00,-305.57978947639845
base_02,sarimax,2017-12-22 01:00:00,2017-12-22 02:00:00,329.0,513.0009794458065,2017-12-22 01:00:00,-184.00097944580648
base_02,sarimax,2017-12-22 02:00:00,2017-12-22 03:00:00,382.0,413.9721734219052,2017-12-22 02:00:00,-31.97217342190521
base_02,sarimax,2017-12-22 03:00:00,2017-12-22 04:00:00,767.0,437.3321448830103,2017-12-22 03:00:00,329.6678551169897
base_02,sarimax,2017-12-22 04:00:00,2017-12-22 05:00:00,2429.0,798.4723060072915,2017-12-22 04:00:00,1630.5276939927085
base_02,sarimax,2017-12-22 05:00:00,2017-12-22 06:00:00,4378.0,2438.904053823828,2017-12-22 05:00:00,1939.0959461761722
base_02,sarimax,2017-12-22 06:00:00,2017-12-22 07:00:00,4955.0,4377.739035408199,2017-12-22 06:00:00,577.260964591801
base_02,sarimax,2017-12-22 07:00:00,2017-12-22 08:00:00,4509.0,4914.1625892403,2017-12-22 07:00:00,-405.1625892402999
base_02,sarimax,2017-12-22 08:00:00,2017-12-22 09:00:00,4515.0,4335.458086024031,2017-12-22 08:00:00,179.54191397596878
base_02,sarimax,2017-12-22 09:00:00,2017-12-22 10:00:00,4593.0,4316.64781460384,2017-12-22 09:00:00,276.35218539616017
base_02,sarimax,2017-12-22 10:00:00,2017-12-22 11:00:00,5139.0,4530.280305816183,2017-12-22 10:00:00,608.7196941838174
base_02,sarimax,2017-12-22 11:00:00,2017-12-22 12:00:00,5447.0,5194.523884616891,2017-12-22 11:00:00,252.47611538310866
base_02,sarimax,2017-12-22 12:00:00,2017-12-22 13:00:00,5349.0,5454.182553005951,2017-12-22 12:00:00,-105.18255300595138
base_02,sarimax,2017-12-22 13:00:00,2017-12-22 14:00:00,5581.0,5358.426229328327,2017-12-22 13:00:00,222.57377067167272
base_02,sarimax,2017-12-22 14:00:00,2017-12-22 15:00:00,5510.0,5541.329491453039,2017-12-22 14:00:00,-31.329491453038827
base_02,sarimax,2017-12-22 15:00:00,2017-12-22 16:00:00,5346.0,5498.411620793736,2017-12-22 15:00:00,-152.4116207937359
base_02,sarimax,2017-12-22 16:00:00,2017-12-22 17:00:00,4871.0,5354.218335808961,2017-12-22 16:00:00,-483.21833580896055
base_02,sarimax,2017-12-22 17:00:00,2017-12-22 18:00:00,4105.0,4842.186447260783,2017-12-22 17:00:00,-737.1864472607831
base_02,sarimax,2017-12-22 18:00:00,2017-12-22 19:00:00,3464.0,4091.623329456156,2017-12-22 18:00:00,-627.6233294561562
base_02,sarimax,2017-12-22 19:00:00,2017-12-22 20:00:00,2972.0,3476.6731405986666,2017-12-22 19:00:00,-504.6731405986666
base_02,sarimax,2017-12-22 20:00:00,2017-12-22 21:00:00,3096.0,3021.6998840912906,2017-12-22 20:00:00,74.30011590870936
base_02,sarimax,2017-12-22 21:00:00,2017-12-22 22:00:00,2584.0,3171.0963641082785,2017-12-22 21:00:00,-587.0963641082785
base_02,sarimax,2017-12-22 22:00:00,2017-12-22 23:00:00,1779.0,2651.515310679703,2017-12-22 22:00:00,-872.5153106797029
base_02,sarimax,2017-12-22 23:00:00,2017-12-23 00:00:00,1141.0,1815.6748265762265,2017-12-22 23:00:00,-674.6748265762265
base_02,sarimax,2017-12-23 00:00:00,2017-12-23 01:00:00,698.0,1113.2829861731739,2017-12-23 00:00:00,-415.28298617317387
base_02,sarimax,2017-12-23 01:00:00,2017-12-23 04:00:00,359.0,707.881735763928,2017-12-23 01:00:00,-348.88173576392796
base_02,sarimax,2017-12-23 04:00:00,2017-12-23 05:00:00,596.0,437.28008875361775,2017-12-23 04:00:00,158.71991124638225
base_02,sarimax,2017-12-23 05:00:00,2017-12-23 06:00:00,1016.0,648.6001905428042,2017-12-23 05:00:00,367.39980945719583
base_02,sarimax,2017-12-23 06:00:00,2017-12-23 07:00:00,1390.0,1050.134751042301,2017-12-23 06:00:00,339.8652489576989
base_02,sarimax,2017-12-23 07:00:00,2017-12-23 08:00:00,2008.0,1397.260215710595,2017-12-23 07:00:00,610.739784289405
base_02,sarimax,2017-12-23 08:00:00,2017-12-23 09:00:00,2819.0,1976.4476176102874,2017-12-23 08:00:00,842.5523823897126
base_02,sarimax,2017-12-23 09:00:00,2017-12-23 10:00:00,3375.0,2776.5425917855787,2017-12-23 09:00:00,598.4574082144213
base_02,sarimax,2017-12-23 10:00:00,2017-12-23 11:00:00,4002.0,3355.6197225769333,2017-12-23 10:00:00,646.3802774230667
base_02,sarimax,2017-12-23 11:00:00,2017-12-23 12:00:00,4175.0,3969.3468128805616,2017-12-23 11:00:00,205.65318711943837
base_02,sarimax,2017-12-23 12:00:00,2017-12-23 13:00:00,4475.0,4115.168064948592,2017-12-23 12:00:00,359.83193505140844
base_02,sarimax,2017-12-23 13:00:00,2017-12-23 14:00:00,4305.0,4441.390713571141,2017-12-23 13:00:00,-136.39071357114062
base_02,sarimax,2017-12-23 14:00:00,2017-12-23 15:00:00,4107.0,4256.318834064023,2017-12-23 14:00:00,-149.31883406402267
base_02,sarimax,2017-12-23 15:00:00,2017-12-23 16:00:00,4144.0,4104.417141925672,2017-12-23 15:00:00,39.582858074328215
base_02,sarimax,2017-12-23 16:00:00,2017-12-23 17:00:00,3994.0,4115.738376552359,2017-12-23 16:00:00,-121.73837655235911
base_02,sarimax,2017-12-23 17:00:00,2017-12-23 18:00:00,3532.0,3999.9326288645634,2017-12-23 17:00:00,-467.9326288645634
base_02,sarimax,2017-12-23 18:00:00,2017-12-23 19:00:00,2949.0,3534.1226397583205,2017-12-23 18:00:00,-585.1226397583205
base_02,sarimax,2017-12-23 19:00:00,2017-12-23 20:00:00,2420.0,2934.2858741495606,2017-12-23 19:00:00,-514.2858741495606
base_02,sarimax,2017-12-23 20:00:00,2017-12-23 21:00:00,2449.0,2429.0971752882447,2017-12-23 20:00:00,19.90282471175533
base_02,sarimax,2017-12-23 21:00:00,2017-12-23 22:00:00,2372.0,2498.659011895362,2017-12-23 21:00:00,-126.6590118953618
base_02,sarimax,2017-12-23 22:00:00,2017-12-23 23:00:00,1840.0,2430.806324725815,2017-12-23 22:00:00,-590.8063247258151
base_02,sarimax,2017-12-23 23:00:00,2017-12-24 00:00:00,1147.0,1886.6381174512326,2017-12-23 23:00:00,-739.6381174512326
base_02,sarimax,2017-12-24 00:00:00,2017-12-24 01:00:00,963.0,1141.4972424419598,2017-12-24 00:00:00,-178.49724244195977
base_02,sarimax,2017-12-24 01:00:00,2017-12-24 02:00:00,861.0,972.5933727397189,2017-12-24 01:00:00,-111.59337273971892
base_02,sarimax,2017-12-24 02:00:00,2017-12-24 03:00:00,374.0,921.0473863666596,2017-12-24 02:00:00,-547.0473863666596
base_02,sarimax,2017-12-24 03:00:00,2017-12-24 04:00:00,303.0,433.45659164082855,2017-12-24 03:00:00,-130.45659164082855
base_02,sarimax,2017-12-24 04:00:00,2017-12-24 05:00:00,529.0,317.4604908143233,2017-12-24 04:00:00,211.5395091856767
base_02,sarimax,2017-12-24 05:00:00,2017-12-24 06:00:00,839.0,551.3227124652303,2017-12-24 05:00:00,287.6772875347697
base_02,sarimax,2017-12-24 06:00:00,2017-12-24 07:00:00,964.0,889.7658790099174,2017-12-24 06:00:00,74.2341209900826
base_02,sarimax,2017-12-24 07:00:00,2017-12-24 08:00:00,1477.0,974.1391397381784,2017-12-24 07:00:00,502.8608602618216
base_02,sarimax,2017-12-24 08:00:00,2017-12-24 09:00:00,2250.0,1451.9345885099365,2017-12-24 08:00:00,798.0654114900635
base_02,sarimax,2017-12-24 09:00:00,2017-12-24 10:00:00,2929.0,2219.677363533801,2017-12-24 09:00:00,709.3226364661991
base_02,sarimax,2017-12-24 10:00:00,2017-12-24 11:00:00,3200.0,2917.768012108472,2017-12-24 10:00:00,282.2319878915282
base_02,sarimax,2017-12-24 11:00:00,2017-12-24 12:00:00,3698.0,3160.6291521038606,2017-12-24 11:00:00,537.3708478961394
base_02,sarimax,2017-12-24 12:00:00,2017-12-24 13:00:00,3400.0,3626.3596453524583,2017-12-24 12:00:00,-226.3596453524583
base_02,sarimax,2017-12-24 13:00:00,2017-12-24 14:00:00,3694.0,3344.0210743777534,2017-12-24 13:00:00,349.9789256222466
base_02,sarimax,2017-12-24 14:00:00,2017-12-24 15:00:00,3851.0,3671.933299615071,2017-12-24 14:00:00,179.06670038492894
base_02,sarimax,2017-12-24 15:00:00,2017-12-24 16:00:00,3529.0,3803.8264975663533,2017-12-24 15:00:00,-274.8264975663533
base_02,sarimax,2017-12-24 16:00:00,2017-12-24 17:00:00,3196.0,3552.6748005423697,2017-12-24 16:00:00,-356.67480054236967
base_02,sarimax,2017-12-24 17:00:00,2017-12-24 18:00:00,2549.0,3153.4668350619795,2017-12-24 17:00:00,-604.4668350619795
base_02,sarimax,2017-12-24 18:00:00,2017-12-24 19:00:00,2339.0,2515.8717616076788,2017-12-24 18:00:00,-176.87176160767876
base_02,sarimax,2017-12-24 19:00:00,2017-12-24 20:00:00,2460.0,2351.9041652975593,2017-12-24 19:00:00,108.0958347024407
base_02,sarimax,2017-12-24 20:00:00,2017-12-24 21:00:00,2576.0,2475.6565665388594,2017-12-24 20:00:00,100.34343346114065
base_02,sarimax,2017-12-24 21:00:00,2017-12-24 22:00:00,2300.0,2614.985636954486,2017-12-24 21:00:00,-314.9856369544859
base_02,sarimax,2017-12-24 22:00:00,2017-12-24 23:00:00,1565.0,2303.7512842514598,2017-12-24 22:00:00,-738.7512842514598
base_02,sarimax,2017-12-24 23:00:00,2017-12-25 00:00:00,1092.0,1519.2634861934553,2017-12-24 23:00:00,-427.26348619345526
base_02,sarimax,2017-12-25 00:00:00,2017-12-25 01:00:00,666.0,1051.4035600918867,2017-12-25 00:00:00,-385.4035600918867
base_02,sarimax,2017-12-25 01:00:00,2017-12-25 02:00:00,487.0,672.6283302385837,2017-12-25 01:00:00,-185.62833023858366
base_02,sarimax,2017-12-25 02:00:00,2017-12-25 03:00:00,349.0,547.8439380499838,2017-12-25 02:00:00,-198.84393804998376
base_02,sarimax,2017-12-25 03:00:00,2017-12-25 04:00:00,339.0,395.50580848826127,2017-12-25 03:00:00,-56.505808488261266
base_02,sarimax,2017-12-25 04:00:00,2017-12-25 05:00:00,520.0,371.85128398254886,2017-12-25 04:00:00,148.14871601745114
base_02,sarimax,2017-12-25 05:00:00,2017-12-25 06:00:00,798.0,531.6273628151575,2017-12-25 05:00:00,266.37263718484246
base_02,sarimax,2017-12-25 06:00:00,2017-12-25 07:00:00,942.0,819.7290485876089,2017-12-25 06:00:00,122.27095141239113
base_02,sarimax,2017-12-25 07:00:00,2017-12-25 08:00:00,1260.0,935.5725159237694,2017-12-25 07:00:00,324.4274840762306
base_02,sarimax,2017-12-25 08:00:00,2017-12-25 09:00:00,1760.0,1227.7757233294458,2017-12-25 08:00:00,532.2242766705542
base_02,sarimax,2017-12-25 09:00:00,2017-12-25 10:00:00,2292.0,1708.134974848343,2017-12-25 09:00:00,583.8650251516569
base_02,sarimax,2017-12-25 10:00:00,2017-12-25 11:00:00,2653.0,2270.0304946458577,2017-12-25 10:00:00,382.96950535414226
base_02,sarimax,2017-12-25 11:00:00,2017-12-25 12:00:00,2957.0,2622.546028942483,2017-12-25 11:00:00,334.4539710575168
base_02,sarimax,2017-12-25 12:00:00,2017-12-25 13:00:00,2983.0,2905.8746156928246,2017-12-25 12:00:00,77.12538430717541
base_02,sarimax,2017-12-25 13:00:00,2017-12-25 14:00:00,2850.0,2935.728443340802,2017-12-25 13:00:00,-85.72844334080219
base_02,sarimax,2017-12-25 14:00:00,2017-12-25 15:00:00,2732.0,2814.9018623304955,2017-12-25 14:00:00,-82.90186233049553
base_02,sarimax,2017-12-25 15:00:00,2017-12-25 16:00:00,3045.0,2703.665909923003,2017-12-25 15:00:00,341.3340900769972
base_02,sarimax,2017-12-25 16:00:00,2017-12-25 17:00:00,3134.0,3039.8222567006414,2017-12-25 16:00:00,94.17774329935855
base_02,sarimax,2017-12-25 17:00:00,2017-12-25 18:00:00,3172.0,3133.97078812931,2017-12-25 17:00:00,38.02921187068978
base_02,sarimax,2017-12-25 18:00:00,2017-12-25 19:00:00,3100.0,3186.9933876897567,2017-12-25 18:00:00,-86.99338768975667
base_02,sarimax,2017-12-25 19:00:00,2017-12-25 20:00:00,2875.0,3066.726095527701,2017-12-25 19:00:00,-191.7260955277011
base_02,sarimax,2017-12-25 20:00:00,2017-12-25 21:00:00,2404.0,2859.179949165723,2017-12-25 20:00:00,-455.179949165723
base_02,sarimax,2017-12-25 21:00:00,2017-12-25 22:00:00,1798.0,2394.2594422932325,2017-12-25 21:00:00,-596.2594422932325
base_02,sarimax,2017-12-25 22:00:00,2017-12-25 23:00:00,1147.0,1801.0840932220901,2017-12-25 22:00:00,-654.0840932220901
base_02,sarimax,2017-12-25 23:00:00,2017-12-26 00:00:00,539.0,1166.2524887009804,2017-12-25 23:00:00,-627.2524887009804
base_02,sarimax,2017-12-26 00:00:00,2017-12-26 01:00:00,326.0,575.6982223883975,2017-12-26 00:00:00,-249.69822238839754
base_02,sarimax,2017-12-26 01:00:00,2017-12-26 02:00:00,213.0,384.86873895764097,2017-12-26 01:00:00,-171.86873895764097
base_02,sarimax,2017-12-26 02:00:00,2017-12-26 03:00:00,261.0,268.2945045501866,2017-12-26 02:00:00,-7.294504550186616
base_02,sarimax,2017-12-26 03:00:00,2017-12-26 04:00:00,507.0,320.14852090404565,2017-12-26 03:00:00,186.85147909595435
base_02,sarimax,2017-12-26 04:00:00,2017-12-26 05:00:00,1761.0,527.6760961152385,2017-12-26 04:00:00,1233.3239038847614
base_02,sarimax,2017-12-26 05:00:00,2017-12-26 06:00:00,3029.0,1765.4582016082547,2017-12-26 05:00:00,1263.5417983917453
base_02,sarimax,2017-12-26 06:00:00,2017-12-26 07:00:00,3203.0,3016.159320572703,2017-12-26 06:00:00,186.8406794272969
base_02,sarimax,2017-12-26 07:00:00,2017-12-26 08:00:00,2982.0,3174.9147490956984,2017-12-26 07:00:00,-192.91474909569843
base_02,sarimax,2017-12-26 08:00:00,2017-12-26 09:00:00,3013.0,2858.867069348789,2017-12-26 08:00:00,154.13293065121115
base_02,sarimax,2017-12-26 09:00:00,2017-12-26 10:00:00,3396.0,2883.5742373038,2017-12-26 09:00:00,512.4257626961999
base_02,sarimax,2017-12-26 10:00:00,2017-12-26 11:00:00,3983.0,3387.561069445024,2017-12-26 10:00:00,595.4389305549762
base_02,sarimax,2017-12-26 11:00:00,2017-12-26 12:00:00,4197.0,4024.286437506581,2017-12-26 11:00:00,172.71356249341898
base_02,sarimax,2017-12-26 12:00:00,2017-12-26 13:00:00,4487.0,4216.161548138065,2017-12-26 12:00:00,270.838451861935
base_02,sarimax,2017-12-26 13:00:00,2017-12-26 14:00:00,4828.0,4464.24701309813,2017-12-26 13:00:00,363.7529869018699
base_02,sarimax,2017-12-26 14:00:00,2017-12-26 15:00:00,5172.0,4781.151332849416,2017-12-26 14:00:00,390.84866715058433
base_02,sarimax,2017-12-26 15:00:00,2017-12-26 16:00:00,5282.0,5162.871933271753,2017-12-26 15:00:00,119.12806672824718
base_02,sarimax,2017-12-26 16:00:00,2017-12-26 17:00:00,4561.0,5259.324514645318,2017-12-26 16:00:00,-698.3245146453182
base_02,sarimax,2017-12-26 17:00:00,2017-12-26 18:00:00,3598.0,4519.080929457405,2017-12-26 17:00:00,-921.0809294574046
base_02,sarimax,2017-12-26 18:00:00,2017-12-26 19:00:00,2846.0,3553.0674912970385,2017-12-26 18:00:00,-707.0674912970385
base_02,sarimax,2017-12-26 19:00:00,2017-12-26 20:00:00,2369.0,2823.148901261185,2017-12-26 19:00:00,-454.1489012611851
base_02,sarimax,2017-12-26 20:00:00,2017-12-26 21:00:00,2031.0,2424.8128758533667,2017-12-26 20:00:00,-393.8128758533667
base_02,sarimax,2017-12-26 21:00:00,2017-12-26 22:00:00,1882.0,2139.9544183561748,2017-12-26 21:00:00,-257.95441835617476
base_02,sarimax,2017-12-26 22:00:00,2017-12-26 23:00:00,1065.0,1942.3935916565656,2017-12-26 22:00:00,-877.3935916565656
base_02,sarimax,2017-12-26 23:00:00,2017-12-27 00:00:00,586.0,1106.9563702895286,2017-12-26 23:00:00,-520.9563702895286
base_02,sarimax,2017-12-27 00:00:00,2017-12-27 01:00:00,378.0,607.4720076602893,2017-12-27 00:00:00,-229.47200766028925
base_02,sarimax,2017-12-27 01:00:00,2017-12-27 02:00:00,272.0,383.9573168472042,2017-12-27 01:00:00,-111.9573168472042
base_02,sarimax,2017-12-27 02:00:00,2017-12-27 03:00:00,330.0,349.75712126418466,2017-12-27 02:00:00,-19.75712126418466
base_02,sarimax,2017-12-27 03:00:00,2017-12-27 04:00:00,712.0,370.9944626266763,2017-12-27 03:00:00,341.0055373733237
base_02,sarimax,2017-12-27 04:00:00,2017-12-27 05:00:00,2287.0,720.7324256327096,2017-12-27 04:00:00,1566.2675743672903
base_02,sarimax,2017-12-27 05:00:00,2017-12-27 06:00:00,4250.0,2292.2163118167095,2017-12-27 05:00:00,1957.7836881832905
base_02,sarimax,2017-12-27 06:00:00,2017-12-27 07:00:00,4453.0,4233.212106021352,2017-12-27 06:00:00,219.78789397864784
base_02,sarimax,2017-12-27 07:00:00,2017-12-27 08:00:00,4124.0,4414.900572761097,2017-12-27 07:00:00,-290.90057276109656
base_02,sarimax,2017-12-27 08:00:00,2017-12-27 09:00:00,3950.0,3960.3071972438065,2017-12-27 08:00:00,-10.307197243806513
base_02,sarimax,2017-12-27 09:00:00,2017-12-27 10:00:00,3858.0,3751.7013442981925,2017-12-27 09:00:00,106.29865570180755
base_02,sarimax,2017-12-27 10:00:00,2017-12-27 11:00:00,4401.0,3878.479055743012,2017-12-27 10:00:00,522.5209442569881
base_02,sarimax,2017-12-27 11:00:00,2017-12-27 12:00:00,4752.0,4461.174123292956,2017-12-27 11:00:00,290.8258767070438
base_02,sarimax,2017-12-27 12:00:00,2017-12-27 13:00:00,4836.0,4803.591755266562,2017-12-27 12:00:00,32.40824473343764
base_02,sarimax,2017-12-27 13:00:00,2017-12-27 14:00:00,5250.0,4864.0986870743045,2017-12-27 13:00:00,385.9013129256955
base_02,sarimax,2017-12-27 14:00:00,2017-12-27 15:00:00,5398.0,5225.000073144512,2017-12-27 14:00:00,172.9999268554884
base_02,sarimax,2017-12-27 15:00:00,2017-12-27 16:00:00,5997.0,5374.302777204092,2017-12-27 15:00:00,622.6972227959077
base_02,sarimax,2017-12-27 16:00:00,2017-12-27 17:00:00,5397.0,5985.623899124411,2017-12-27 16:00:00,-588.6238991244109
base_02,sarimax,2017-12-27 17:00:00,2017-12-27 18:00:00,4295.0,5360.168829144346,2017-12-27 17:00:00,-1065.168829144346
base_02,sarimax,2017-12-27 18:00:00,2017-12-27 19:00:00,2941.0,4255.412525666633,2017-12-27 18:00:00,-1314.412525666633
base_02,sarimax,2017-12-27 19:00:00,2017-12-27 20:00:00,2482.0,2884.1454747959738,2017-12-27 19:00:00,-402.14547479597377
base_02,sarimax,2017-12-27 20:00:00,2017-12-27 21:00:00,2971.0,2531.5096000491967,2017-12-27 20:00:00,439.4903999508033
base_02,sarimax,2017-12-27 21:00:00,2017-12-27 22:00:00,3074.0,3084.624865042641,2017-12-27 21:00:00,-10.624865042640977
base_02,sarimax,2017-12-27 22:00:00,2017-12-27 23:00:00,1310.0,3217.081562939144,2017-12-27 22:00:00,-1907.081562939144
base_02,sarimax,2017-12-27 23:00:00,2017-12-28 00:00:00,732.0,1371.4764792651504,2017-12-27 23:00:00,-639.4764792651504
base_02,sarimax,2017-12-28 00:00:00,2017-12-28 01:00:00,412.0,678.2455674548398,2017-12-28 00:00:00,-266.24556745483983
base_02,sarimax,2017-12-28 01:00:00,2017-12-28 02:00:00,288.0,402.10493980764403,2017-12-28 01:00:00,-114.10493980764403
base_02,sarimax,2017-12-28 02:00:00,2017-12-28 03:00:00,373.0,477.12726580921435,2017-12-28 02:00:00,-104.12726580921435
base_02,sarimax,2017-12-28 03:00:00,2017-12-28 04:00:00,743.0,434.8273559402007,2017-12-28 03:00:00,308.1726440597993
base_02,sarimax,2017-12-28 04:00:00,2017-12-28 05:00:00,2217.0,779.0255200564666,2017-12-28 04:00:00,1437.9744799435334
base_02,sarimax,2017-12-28 05:00:00,2017-12-28 06:00:00,3997.0,2228.779252049569,2017-12-28 05:00:00,1768.220747950431
base_02,sarimax,2017-12-28 06:00:00,2017-12-28 07:00:00,3699.0,3986.681129560436,2017-12-28 06:00:00,-287.68112956043615
base_02,sarimax,2017-12-28 07:00:00,2017-12-28 08:00:00,2745.0,3667.2100318114954,2017-12-28 07:00:00,-922.2100318114954
base_02,sarimax,2017-12-28 08:00:00,2017-12-28 09:00:00,3529.0,2593.9707696240284,2017-12-28 08:00:00,935.0292303759716
base_02,sarimax,2017-12-28 09:00:00,2017-12-28 10:00:00,3562.0,3351.2531056130056,2017-12-28 09:00:00,210.74689438699443
base_02,sarimax,2017-12-28 10:00:00,2017-12-28 11:00:00,3433.0,3601.8622527061116,2017-12-28 10:00:00,-168.86225270611158
base_02,sarimax,2017-12-28 11:00:00,2017-12-28 12:00:00,3994.0,3538.247185751691,2017-12-28 11:00:00,455.7528142483088
base_02,sarimax,2017-12-28 12:00:00,2017-12-28 13:00:00,3931.0,3926.741495057414,2017-12-28 12:00:00,4.258504942586114
base_02,sarimax,2017-12-28 13:00:00,2017-12-28 14:00:00,4308.0,3941.5287856709087,2017-12-28 13:00:00,366.47121432909125
base_02,sarimax,2017-12-28 14:00:00,2017-12-28 15:00:00,4515.0,4326.340843425051,2017-12-28 14:00:00,188.6591565749486
base_02,sarimax,2017-12-28 15:00:00,2017-12-28 16:00:00,5141.0,4461.4669032530865,2017-12-28 15:00:00,679.5330967469135
base_02,sarimax,2017-12-28 16:00:00,2017-12-28 17:00:00,4520.0,5156.153964211464,2017-12-28 16:00:00,-636.153964211464
base_02,sarimax,2017-12-28 17:00:00,2017-12-28 18:00:00,3764.0,4479.2656725991,2017-12-28 17:00:00,-715.2656725991001
base_02,sarimax,2017-12-28 18:00:00,2017-12-28 19:00:00,2849.0,3745.370124547115,2017-12-28 18:00:00,-896.3701245471152
base_02,sarimax,2017-12-28 19:00:00,2017-12-28 20:00:00,2299.0,2783.0867328528725,2017-12-28 19:00:00,-484.0867328528725
base_02,sarimax,2017-12-28 20:00:00,2017-12-28 21:00:00,2180.0,2356.5561391683364,2017-12-28 20:00:00,-176.55613916833636
base_02,sarimax,2017-12-28 21:00:00,2017-12-28 22:00:00,1916.0,2260.0886957272987,2017-12-28 21:00:00,-344.0886957272987
base_02,sarimax,2017-12-28 22:00:00,2017-12-28 23:00:00,1177.0,2000.9492276185674,2017-12-28 22:00:00,-823.9492276185674
base_02,sarimax,2017-12-28 23:00:00,2017-12-29 00:00:00,741.0,1213.9561456890717,2017-12-28 23:00:00,-472.9561456890717
base_02,sarimax,2017-12-29 00:00:00,2017-12-29 01:00:00,437.0,740.3262051092549,2017-12-29 00:00:00,-303.32620510925494
base_02,sarimax,2017-12-29 01:00:00,2017-12-29 02:00:00,358.0,439.8026502293066,2017-12-29 01:00:00,-81.80265022930661
base_02,sarimax,2017-12-29 02:00:00,2017-12-29 03:00:00,383.0,415.10678450993356,2017-12-29 02:00:00,-32.10678450993356
base_02,sarimax,2017-12-29 03:00:00,2017-12-29 04:00:00,694.0,414.573528169184,2017-12-29 03:00:00,279.426471830816
base_02,sarimax,2017-12-29 04:00:00,2017-12-29 05:00:00,2207.0,713.1737760687565,2017-12-29 04:00:00,1493.8262239312435
base_02,sarimax,2017-12-29 05:00:00,2017-12-29 06:00:00,3875.0,2212.188496609666,2017-12-29 05:00:00,1662.811503390334
base_02,sarimax,2017-12-29 06:00:00,2017-12-29 07:00:00,4148.0,3863.4523746268865,2017-12-29 06:00:00,284.54762537311353
base_02,sarimax,2017-12-29 07:00:00,2017-12-29 08:00:00,3897.0,4104.865620048814,2017-12-29 07:00:00,-207.86562004881398
base_02,sarimax,2017-12-29 08:00:00,2017-12-29 09:00:00,3845.0,3750.1151518885536,2017-12-29 08:00:00,94.88484811144644
base_02,sarimax,2017-12-29 09:00:00,2017-12-29 10:00:00,4109.0,3674.610122815473,2017-12-29 09:00:00,434.389877184527
base_02,sarimax,2017-12-29 10:00:00,2017-12-29 11:00:00,4345.0,4082.476926851754,2017-12-29 10:00:00,262.5230731482461
base_02,sarimax,2017-12-29 11:00:00,2017-12-29 12:00:00,4496.0,4374.894586618564,2017-12-29 11:00:00,121.10541338143594
base_02,sarimax,2017-12-29 12:00:00,2017-12-29 13:00:00,4474.0,4513.207311970439,2017-12-29 12:00:00,-39.20731197043915
base_02,sarimax,2017-12-29 13:00:00,2017-12-29 14:00:00,4750.0,4451.979143337439,2017-12-29 13:00:00,298.0208566625606
base_02,sarimax,2017-12-29 14:00:00,2017-12-29 15:00:00,4767.0,4733.51886591564,2017-12-29 14:00:00,33.48113408435984
base_02,sarimax,2017-12-29 15:00:00,2017-12-29 16:00:00,4859.0,4760.855131145887,2017-12-29 15:00:00,98.14486885411316
base_02,sarimax,2017-12-29 16:00:00,2017-12-29 17:00:00,4564.0,4861.800628287448,2017-12-29 16:00:00,-297.8006282874476
base_02,sarimax,2017-12-29 17:00:00,2017-12-29 18:00:00,3929.0,4536.324701549204,2017-12-29 17:00:00,-607.3247015492043
base_02,sarimax,2017-12-29 18:00:00,2017-12-29 19:00:00,3016.0,3928.5892471669486,2017-12-29 18:00:00,-912.5892471669486
base_02,sarimax,2017-12-29 19:00:00,2017-12-29 20:00:00,2470.0,3005.9795584839235,2017-12-29 19:00:00,-535.9795584839235
base_02,sarimax,2017-12-29 20:00:00,2017-12-29 21:00:00,2554.0,2488.676584849189,2017-12-29 20:00:00,65.32341515081089
base_02,sarimax,2017-12-29 21:00:00,2017-12-29 22:00:00,3725.0,2602.7068526977487,2017-12-29 21:00:00,1122.2931473022513
base_02,sarimax,2017-12-29 22:00:00,2017-12-29 23:00:00,1684.0,3810.144449694143,2017-12-29 22:00:00,-2126.144449694143
base_02,sarimax,2017-12-29 23:00:00,2017-12-30 00:00:00,1092.0,1721.9229390691967,2017-12-29 23:00:00,-629.9229390691967
base_02,sarimax,2017-12-30 00:00:00,2017-12-30 01:00:00,666.0,1067.4623591133056,2017-12-30 00:00:00,-401.46235911330564
base_02,sarimax,2017-12-30 01:00:00,2017-12-30 02:00:00,487.0,523.0230947645662,2017-12-30 01:00:00,-36.02309476456617
base_02,sarimax,2017-12-30 02:00:00,2017-12-30 03:00:00,349.0,680.7949920277914,2017-12-30 02:00:00,-331.7949920277914
base_02,sarimax,2017-12-30 03:00:00,2017-12-30 04:00:00,339.0,395.6436903416752,2017-12-30 03:00:00,-56.64369034167521
base_02,sarimax,2017-12-30 04:00:00,2017-12-30 05:00:00,601.0,366.71891820898963,2017-12-30 04:00:00,234.28108179101037
base_02,sarimax,2017-12-30 05:00:00,2017-12-30 06:00:00,1006.0,605.2694433601832,2017-12-30 05:00:00,400.73055663981677
base_02,sarimax,2017-12-30 06:00:00,2017-12-30 07:00:00,1216.0,1006.729825183137,2017-12-30 06:00:00,209.270174816863
base_02,sarimax,2017-12-30 07:00:00,2017-12-30 08:00:00,1681.0,1204.4132819683127,2017-12-30 07:00:00,476.58671803168727
base_02,sarimax,2017-12-30 08:00:00,2017-12-30 09:00:00,2412.0,1642.3767210957603,2017-12-30 08:00:00,769.6232789042397
base_02,sarimax,2017-12-30 09:00:00,2017-12-30 10:00:00,3188.0,2366.821714061009,2017-12-30 09:00:00,821.1782859389909
base_02,sarimax,2017-12-30 10:00:00,2017-12-30 11:00:00,3716.0,3177.5017808992247,2017-12-30 10:00:00,538.4982191007753
base_02,sarimax,2017-12-30 11:00:00,2017-12-30 12:00:00,4160.0,3687.328925657665,2017-12-30 11:00:00,472.67107434233503
base_02,sarimax,2017-12-30 12:00:00,2017-12-30 13:00:00,4197.0,4097.465360853118,2017-12-30 12:00:00,99.534639146882
base_02,sarimax,2017-12-30 13:00:00,2017-12-30 14:00:00,4003.0,4133.707482706316,2017-12-30 13:00:00,-130.7074827063161
base_02,sarimax,2017-12-30 14:00:00,2017-12-30 15:00:00,3831.0,3971.63556558493,2017-12-30 14:00:00,-140.6355655849302
base_02,sarimax,2017-12-30 15:00:00,2017-12-30 16:00:00,4288.0,3791.347033924588,2017-12-30 15:00:00,496.6529660754122
base_02,sarimax,2017-12-30 16:00:00,2017-12-30 17:00:00,4376.0,4285.3718613959,2017-12-30 16:00:00,90.62813860410006
base_02,sarimax,2017-12-30 17:00:00,2017-12-30 18:00:00,4514.0,4394.776477240237,2017-12-30 17:00:00,119.223522759763
base_02,sarimax,2017-12-30 18:00:00,2017-12-30 19:00:00,3380.0,4516.063123924077,2017-12-30 18:00:00,-1136.0631239240774
base_02,sarimax,2017-12-30 19:00:00,2017-12-30 20:00:00,2597.0,3330.9094804191523,2017-12-30 19:00:00,-733.9094804191523
base_02,sarimax,2017-12-30 20:00:00,2017-12-30 21:00:00,2271.0,2592.1799551465647,2017-12-30 20:00:00,-321.1799551465647
base_02,sarimax,2017-12-30 21:00:00,2017-12-30 22:00:00,2352.0,2267.09144992258,2017-12-30 21:00:00,84.90855007741993
base_02,sarimax,2017-12-30 22:00:00,2017-12-30 23:00:00,2680.0,2464.3560664391666,2017-12-30 22:00:00,215.64393356083337
base_02,sarimax,2017-12-30 23:00:00,2017-12-31 00:00:00,1000.0,2763.952719685151,2017-12-30 23:00:00,-1763.952719685151
base_02,sarimax,2017-12-31 00:00:00,2017-12-31 01:00:00,711.0,1029.301359747983,2017-12-31 00:00:00,-318.30135974798304
base_02,sarimax,2017-12-31 01:00:00,2017-12-31 02:00:00,519.0,701.1482481476622,2017-12-31 01:00:00,-182.14824814766223
base_02,sarimax,2017-12-31 02:00:00,2017-12-31 03:00:00,303.0,483.8829784662271,2017-12-31 02:00:00,-180.8829784662271
base_02,sarimax,2017-12-31 03:00:00,2017-12-31 04:00:00,285.0,463.92763904025196,2017-12-31 03:00:00,-178.92763904025196
base_02,sarimax,2017-12-31 04:00:00,2017-12-31 05:00:00,457.0,306.9971390908531,2017-12-31 04:00:00,150.00286090914688
base_02,sarimax,2017-12-31 05:00:00,2017-12-31 06:00:00,808.0,460.36158333734545,2017-12-31 05:00:00,347.63841666265455
base_02,sarimax,2017-12-31 06:00:00,2017-12-31 07:00:00,959.0,813.9258809493592,2017-12-31 06:00:00,145.07411905064077
base_02,sarimax,2017-12-31 07:00:00,2017-12-31 08:00:00,1319.0,937.7173826923927,2017-12-31 07:00:00,381.2826173076073
base_02,sarimax,2017-12-31 08:00:00,2017-12-31 09:00:00,2384.0,1285.7554148490262,2017-12-31 08:00:00,1098.2445851509738
base_02,sarimax,2017-12-31 09:00:00,2017-12-31 10:00:00,3504.0,2342.6057268740815,2017-12-31 09:00:00,1161.3942731259185
base_02,sarimax,2017-12-31 10:00:00,2017-12-31 11:00:00,3404.0,3497.039102290435,2017-12-31 10:00:00,-93.03910229043504
base_02,sarimax,2017-12-31 11:00:00,2017-12-31 12:00:00,3438.0,3378.1511421585437,2017-12-31 11:00:00,59.848857841456265
base_02,sarimax,2017-12-31 12:00:00,2017-12-31 13:00:00,3212.0,3361.49403679565,2017-12-31 12:00:00,-149.49403679565012
base_02,sarimax,2017-12-31 13:00:00,2017-12-31 14:00:00,3410.0,3117.910231955786,2017-12-31 13:00:00,292.089768044214
base_02,sarimax,2017-12-31 14:00:00,2017-12-31 15:00:00,3635.0,3438.862402716978,2017-12-31 14:00:00,196.13759728302193
base_02,sarimax,2017-12-31 15:00:00,2017-12-31 16:00:00,3802.0,3647.6679117401864,2017-12-31 15:00:00,154.33208825981364
base_02,sarimax,2017-12-31 16:00:00,2017-12-31 17:00:00,3513.0,3838.515351371439,2017-12-31 16:00:00,-325.515351371439
base_02,sarimax,2017-12-31 17:00:00,2017-12-31 18:00:00,3350.0,3486.1794131065453,2017-12-31 17:00:00,-136.17941310654533
base_02,sarimax,2017-12-31 18:00:00,2017-12-31 19:00:00,2995.0,3308.3735742815043,2017-12-31 18:00:00,-313.37357428150426
base_02,sarimax,2017-12-31 19:00:00,2017-12-31 20:00:00,2731.0,2958.993779307231,2017-12-31 19:00:00,-227.99377930723085
base_02,sarimax,2017-12-31 20:00:00,2017-12-31 21:00:00,2483.0,2760.5346933671913,2017-12-31 20:00:00,-277.53469336719127
base_02,sarimax,2017-12-31 21:00:00,2017-12-31 22:00:00,2041.0,2495.309178365746,2017-12-31 21:00:00,-454.309178365746
base_02,sarimax,2017-12-31 22:00:00,2017-12-31 23:00:00,1580.0,2073.007809494628,2017-12-31 22:00:00,-493.00780949462796
base_02,sarimax,2017-12-31 23:00:00,2018-01-01 00:00:00,1478.0,1603.8695893952395,2017-12-31 23:00:00,-125.86958939523947
base_02,sarimax,2018-01-01 00:00:00,2018-01-01 01:00:00,1408.0,1501.4716020115593,2018-01-01 00:00:00,-93.4716020115593
base_02,sarimax,2018-01-01 01:00:00,2018-01-01 02:00:00,931.0,1447.3868805048164,2018-01-01 01:00:00,-516.3868805048164
base_02,sarimax,2018-01-01 02:00:00,2018-01-01 03:00:00,585.0,973.5935682622304,2018-01-01 02:00:00,-388.5935682622304
base_02,sarimax,2018-01-01 03:00:00,2018-01-01 04:00:00,381.0,592.6409218108668,2018-01-01 03:00:00,-211.64092181086676
base_02,sarimax,2018-01-01 04:00:00,2018-01-01 05:00:00,434.0,382.4560762636987,2018-01-01 04:00:00,51.54392373630128
base_02,sarimax,2018-01-01 05:00:00,2018-01-01 06:00:00,686.0,475.2354002218392,2018-01-01 05:00:00,210.7645997781608
base_02,sarimax,2018-01-01 06:00:00,2018-01-01 07:00:00,677.0,722.35273672436,2018-01-01 06:00:00,-45.35273672436006
base_02,sarimax,2018-01-01 07:00:00,2018-01-01 08:00:00,811.0,690.1176460007468,2018-01-01 07:00:00,120.88235399925316
base_02,sarimax,2018-01-01 08:00:00,2018-01-01 09:00:00,1122.0,799.1555233215947,2018-01-01 08:00:00,322.8444766784053
base_02,sarimax,2018-01-01 09:00:00,2018-01-01 10:00:00,1738.0,1095.2437029572066,2018-01-01 09:00:00,642.7562970427934
base_02,sarimax,2018-01-01 10:00:00,2018-01-01 11:00:00,2421.0,1767.1557195161354,2018-01-01 10:00:00,653.8442804838646
base_02,sarimax,2018-01-01 11:00:00,2018-01-01 12:00:00,2908.0,2439.61365349031,2018-01-01 11:00:00,468.38634650969016
base_02,sarimax,2018-01-01 12:00:00,2018-01-01 13:00:00,2985.0,2901.1439045538673,2018-01-01 12:00:00,83.85609544613271
base_02,sarimax,2018-01-01 13:00:00,2018-01-01 14:00:00,3214.0,2946.866616532194,2018-01-01 13:00:00,267.1333834678062
base_02,sarimax,2018-01-01 14:00:00,2018-01-01 15:00:00,3410.0,3175.741881045807,2018-01-01 14:00:00,234.25811895419292
base_02,sarimax,2018-01-01 15:00:00,2018-01-01 16:00:00,3290.0,3376.4639094809495,2018-01-01 15:00:00,-86.4639094809495
base_02,sarimax,2018-01-01 16:00:00,2018-01-01 17:00:00,3079.0,3291.010468562732,2018-01-01 16:00:00,-212.01046856273206
base_02,sarimax,2018-01-01 17:00:00,2018-01-01 18:00:00,2891.0,3046.032596323619,2018-01-01 17:00:00,-155.03259632361915
base_02,sarimax,2018-01-01 18:00:00,2018-01-01 19:00:00,2199.0,2849.4426372950634,2018-01-01 18:00:00,-650.4426372950634
base_02,sarimax,2018-01-01 19:00:00,2018-01-01 20:00:00,1738.0,2202.0817541977854,2018-01-01 19:00:00,-464.08175419778536
base_02,sarimax,2018-01-01 20:00:00,2018-01-01 21:00:00,1555.0,1743.4303261125237,2018-01-01 20:00:00,-188.43032611252374
base_02,sarimax,2018-01-01 21:00:00,2018-01-01 22:00:00,1213.0,1559.4372610693292,2018-01-01 21:00:00,-346.4372610693292
base_02,sarimax,2018-01-01 22:00:00,2018-01-01 23:00:00,830.0,1277.405651405828,2018-01-01 22:00:00,-447.40565140582794
base_02,sarimax,2018-01-01 23:00:00,2018-01-02 00:00:00,477.0,865.8397794254515,2018-01-01 23:00:00,-388.8397794254515
base_02,sarimax,2018-01-02 00:00:00,2018-01-02 01:00:00,279.0,496.59920541914096,2018-01-02 00:00:00,-217.59920541914096
base_02,sarimax,2018-01-02 01:00:00,2018-01-02 02:00:00,205.0,311.1382636891253,2018-01-02 01:00:00,-106.13826368912532
base_02,sarimax,2018-01-02 02:00:00,2018-01-02 03:00:00,299.0,239.66216957822076,2018-01-02 02:00:00,59.337830421779245
base_02,sarimax,2018-01-02 03:00:00,2018-01-02 04:00:00,729.0,333.9360853799309,2018-01-02 03:00:00,395.0639146200691
base_02,sarimax,2018-01-02 04:00:00,2018-01-02 05:00:00,2544.0,746.784368892756,2018-01-02 04:00:00,1797.215631107244
base_02,sarimax,2018-01-02 05:00:00,2018-01-02 06:00:00,4801.0,2545.898165871379,2018-01-02 05:00:00,2255.101834128621
base_02,sarimax,2018-01-02 06:00:00,2018-01-02 07:00:00,5696.0,4790.066284933999,2018-01-02 06:00:00,905.9337150660012
base_02,sarimax,2018-01-02 07:00:00,2018-01-02 08:00:00,4901.0,5643.642872707348,2018-01-02 07:00:00,-742.642872707348
base_02,sarimax,2018-01-02 08:00:00,2018-01-02 09:00:00,4189.0,4717.291939204298,2018-01-02 08:00:00,-528.2919392042977
base_02,sarimax,2018-01-02 09:00:00,2018-01-02 10:00:00,4065.0,3963.8708150058437,2018-01-02 09:00:00,101.12918499415628
base_02,sarimax,2018-01-02 10:00:00,2018-01-02 11:00:00,4172.0,4015.445058908719,2018-01-02 10:00:00,156.55494109128085
base_02,sarimax,2018-01-02 11:00:00,2018-01-02 12:00:00,4448.0,4307.7896143374255,2018-01-02 11:00:00,140.21038566257448
base_02,sarimax,2018-01-02 12:00:00,2018-01-02 13:00:00,4537.0,4566.8704012853705,2018-01-02 12:00:00,-29.870401285370463
base_02,sarimax,2018-01-02 13:00:00,2018-01-02 14:00:00,4698.0,4602.989071945255,2018-01-02 13:00:00,95.01092805474491
base_02,sarimax,2018-01-02 14:00:00,2018-01-02 15:00:00,5232.0,4711.860688001657,2018-01-02 14:00:00,520.1393119983431
base_02,sarimax,2018-01-02 15:00:00,2018-01-02 16:00:00,5618.0,5217.705731869851,2018-01-02 15:00:00,400.29426813014925
base_02,sarimax,2018-01-02 16:00:00,2018-01-02 17:00:00,5178.0,5616.2913668523115,2018-01-02 16:00:00,-438.2913668523115
base_02,sarimax,2018-01-02 17:00:00,2018-01-02 18:00:00,3625.0,5168.490571339122,2018-01-02 17:00:00,-1543.4905713391217
base_02,sarimax,2018-01-02 18:00:00,2018-01-02 19:00:00,2669.0,3574.1781685120427,2018-01-02 18:00:00,-905.1781685120427
base_02,sarimax,2018-01-02 19:00:00,2018-01-02 20:00:00,2056.0,2642.254849336728,2018-01-02 19:00:00,-586.2548493367281
base_02,sarimax,2018-01-02 20:00:00,2018-01-02 21:00:00,2834.0,2105.3094572600194,2018-01-02 20:00:00,728.6905427399806
base_02,sarimax,2018-01-02 21:00:00,2018-01-02 22:00:00,2785.0,2997.068101144296,2018-01-02 21:00:00,-212.06810114429618
base_02,sarimax,2018-01-02 22:00:00,2018-01-02 23:00:00,1118.0,2871.4204071909653,2018-01-02 22:00:00,-1753.4204071909653
base_02,sarimax,2018-01-02 23:00:00,2018-01-03 00:00:00,599.0,1172.926276090266,2018-01-02 23:00:00,-573.9262760902659
base_02,sarimax,2018-01-03 00:00:00,2018-01-03 01:00:00,353.0,507.0530255651658,2018-01-03 00:00:00,-154.0530255651658
base_02,sarimax,2018-01-03 01:00:00,2018-01-03 02:00:00,283.0,340.79207545063014,2018-01-03 01:00:00,-57.792075450630136
base_02,sarimax,2018-01-03 02:00:00,2018-01-03 03:00:00,358.0,436.5122555044634,2018-01-03 02:00:00,-78.51225550446338
base_02,sarimax,2018-01-03 03:00:00,2018-01-03 04:00:00,811.0,384.53536977999954,2018-01-03 03:00:00,426.46463022000046
base_02,sarimax,2018-01-03 04:00:00,2018-01-03 05:00:00,2739.0,823.9044020416277,2018-01-03 04:00:00,1915.0955979583723
base_02,sarimax,2018-01-03 05:00:00,2018-01-03 06:00:00,5225.0,2722.496341022933,2018-01-03 05:00:00,2502.503658977067
base_02,sarimax,2018-01-03 06:00:00,2018-01-03 07:00:00,6017.0,5207.837813782826,2018-01-03 06:00:00,809.1621862171742
base_02,sarimax,2018-01-03 07:00:00,2018-01-03 08:00:00,5398.0,5955.9086107928015,2018-01-03 07:00:00,-557.9086107928015
base_02,sarimax,2018-01-03 08:00:00,2018-01-03 09:00:00,5142.0,5190.914032057618,2018-01-03 08:00:00,-48.91403205761799
base_02,sarimax,2018-01-03 09:00:00,2018-01-03 10:00:00,4092.0,4882.608520216952,2018-01-03 09:00:00,-790.6085202169515
base_02,sarimax,2018-01-03 10:00:00,2018-01-03 11:00:00,4328.0,4026.5458436813724,2018-01-03 10:00:00,301.4541563186276
base_02,sarimax,2018-01-03 11:00:00,2018-01-03 12:00:00,4600.0,4392.715012637583,2018-01-03 11:00:00,207.28498736241727
base_02,sarimax,2018-01-03 12:00:00,2018-01-03 13:00:00,4591.0,4645.26118568886,2018-01-03 12:00:00,-54.26118568885977
base_02,sarimax,2018-01-03 13:00:00,2018-01-03 14:00:00,4983.0,4709.845046382786,2018-01-03 13:00:00,273.15495361721423
base_02,sarimax,2018-01-03 14:00:00,2018-01-03 15:00:00,5589.0,4969.117151963028,2018-01-03 14:00:00,619.8828480369721
base_02,sarimax,2018-01-03 15:00:00,2018-01-03 16:00:00,6317.0,5563.067749674425,2018-01-03 15:00:00,753.9322503255753
base_02,sarimax,2018-01-03 16:00:00,2018-01-03 17:00:00,5951.0,6319.970029753596,2018-01-03 16:00:00,-368.97002975359555
base_02,sarimax,2018-01-03 17:00:00,2018-01-03 18:00:00,4350.0,5892.898395970164,2018-01-03 17:00:00,-1542.8983959701636
base_02,sarimax,2018-01-03 18:00:00,2018-01-03 19:00:00,3144.0,4265.890398338524,2018-01-03 18:00:00,-1121.8903983385244
base_02,sarimax,2018-01-03 19:00:00,2018-01-03 20:00:00,2319.0,3060.3807561589692,2018-01-03 19:00:00,-741.3807561589692
base_02,sarimax,2018-01-03 20:00:00,2018-01-03 21:00:00,2105.0,2339.2548732993305,2018-01-03 20:00:00,-234.25487329933048
base_02,sarimax,2018-01-03 21:00:00,2018-01-03 22:00:00,1517.0,2255.0017458578286,2018-01-03 21:00:00,-738.0017458578286
base_02,sarimax,2018-01-03 22:00:00,2018-01-03 23:00:00,991.0,1626.2568974389633,2018-01-03 22:00:00,-635.2568974389633
base_02,sarimax,2018-01-03 23:00:00,2018-01-04 00:00:00,529.0,1072.0746216897428,2018-01-03 23:00:00,-543.0746216897428
base_02,sarimax,2018-01-04 00:00:00,2018-01-04 01:00:00,343.0,535.9688048430867,2018-01-04 00:00:00,-192.96880484308667
base_02,sarimax,2018-01-04 01:00:00,2018-01-04 02:00:00,247.0,409.3908417761603,2018-01-04 01:00:00,-162.3908417761603
base_02,sarimax,2018-01-04 02:00:00,2018-01-04 03:00:00,325.0,311.6268094916543,2018-01-04 02:00:00,13.373190508345715
base_02,sarimax,2018-01-04 03:00:00,2018-01-04 04:00:00,827.0,371.89224562737513,2018-01-04 03:00:00,455.10775437262487
base_02,sarimax,2018-01-04 04:00:00,2018-01-04 05:00:00,2757.0,832.4707254958569,2018-01-04 04:00:00,1924.5292745041431
base_02,sarimax,2018-01-04 05:00:00,2018-01-04 06:00:00,5323.0,2758.0677251457196,2018-01-04 05:00:00,2564.9322748542804
base_02,sarimax,2018-01-04 06:00:00,2018-01-04 07:00:00,6420.0,5305.270537334896,2018-01-04 06:00:00,1114.7294626651037
base_02,sarimax,2018-01-04 07:00:00,2018-01-04 08:00:00,4478.0,6379.817686233015,2018-01-04 07:00:00,-1901.8176862330147
base_02,sarimax,2018-01-04 08:00:00,2018-01-04 09:00:00,4885.0,4268.860710444913,2018-01-04 08:00:00,616.1392895550871
base_02,sarimax,2018-01-04 09:00:00,2018-01-04 10:00:00,4259.0,4645.909518241195,2018-01-04 09:00:00,-386.90951824119475
base_02,sarimax,2018-01-04 10:00:00,2018-01-04 11:00:00,4446.0,4154.896350571215,2018-01-04 10:00:00,291.1036494287846
base_02,sarimax,2018-01-04 11:00:00,2018-01-04 12:00:00,4738.0,4653.550396814546,2018-01-04 11:00:00,84.44960318545418
base_02,sarimax,2018-01-04 12:00:00,2018-01-04 13:00:00,4656.0,4711.686522067832,2018-01-04 12:00:00,-55.6865220678319
base_02,sarimax,2018-01-04 13:00:00,2018-01-04 14:00:00,5094.0,4738.578274359253,2018-01-04 13:00:00,355.42172564074735
base_02,sarimax,2018-01-04 14:00:00,2018-01-04 15:00:00,5442.0,5087.223565789662,2018-01-04 14:00:00,354.77643421033827
base_02,sarimax,2018-01-04 15:00:00,2018-01-04 16:00:00,6450.0,5419.51971317111,2018-01-04 15:00:00,1030.4802868288898
base_02,sarimax,2018-01-04 16:00:00,2018-01-04 17:00:00,5993.0,6466.293950038821,2018-01-04 16:00:00,-473.2939500388211
base_02,sarimax,2018-01-04 17:00:00,2018-01-04 18:00:00,4377.0,5938.600269095826,2018-01-04 17:00:00,-1561.6002690958258
base_02,sarimax,2018-01-04 18:00:00,2018-01-04 19:00:00,3071.0,4326.1404729340575,2018-01-04 18:00:00,-1255.1404729340575
base_02,sarimax,2018-01-04 19:00:00,2018-01-04 20:00:00,2646.0,2961.5893182929885,2018-01-04 19:00:00,-315.58931829298854
base_02,sarimax,2018-01-04 20:00:00,2018-01-04 21:00:00,3933.0,2666.308777859058,2018-01-04 20:00:00,1266.691222140942
base_02,sarimax,2018-01-04 21:00:00,2018-01-04 22:00:00,2422.0,4081.5899040053578,2018-01-04 21:00:00,-1659.5899040053578
base_02,sarimax,2018-01-04 22:00:00,2018-01-04 23:00:00,1185.0,2534.505697906212,2018-01-04 22:00:00,-1349.505697906212
base_02,sarimax,2018-01-04 23:00:00,2018-01-05 00:00:00,630.0,1211.244747699658,2018-01-04 23:00:00,-581.2447476996581
base_02,sarimax,2018-01-05 00:00:00,2018-01-05 01:00:00,379.0,484.7013990284121,2018-01-05 00:00:00,-105.70139902841208
base_02,sarimax,2018-01-05 01:00:00,2018-01-05 02:00:00,301.0,514.9147640855576,2018-01-05 01:00:00,-213.91476408555764
base_02,sarimax,2018-01-05 02:00:00,2018-01-05 03:00:00,335.0,428.9141272097328,2018-01-05 02:00:00,-93.91412720973278
base_02,sarimax,2018-01-05 03:00:00,2018-01-05 04:00:00,813.0,384.3795891171176,2018-01-05 03:00:00,428.6204108828824
base_02,sarimax,2018-01-05 04:00:00,2018-01-05 05:00:00,2629.0,822.6012997564889,2018-01-05 04:00:00,1806.398700243511
base_02,sarimax,2018-01-05 05:00:00,2018-01-05 06:00:00,5002.0,2647.4191704010786,2018-01-05 05:00:00,2354.5808295989214
base_02,sarimax,2018-01-05 06:00:00,2018-01-05 07:00:00,5906.0,4996.8323851552195,2018-01-05 06:00:00,909.1676148447805
base_02,sarimax,2018-01-05 07:00:00,2018-01-05 08:00:00,4742.0,5853.680035804772,2018-01-05 07:00:00,-1111.6800358047722
base_02,sarimax,2018-01-05 08:00:00,2018-01-05 09:00:00,4704.0,4544.154927620902,2018-01-05 08:00:00,159.84507237909838
base_02,sarimax,2018-01-05 09:00:00,2018-01-05 10:00:00,4279.0,4467.342358426949,2018-01-05 09:00:00,-188.34235842694943
base_02,sarimax,2018-01-05 10:00:00,2018-01-05 11:00:00,4566.0,4219.296293551238,2018-01-05 10:00:00,346.7037064487622
base_02,sarimax,2018-01-05 11:00:00,2018-01-05 12:00:00,4989.0,4710.179374311096,2018-01-05 11:00:00,278.82062568890433
base_02,sarimax,2018-01-05 12:00:00,2018-01-05 13:00:00,4968.0,5016.997894393779,2018-01-05 12:00:00,-48.99789439377855
base_02,sarimax,2018-01-05 13:00:00,2018-01-05 14:00:00,5315.0,5042.1305760872165,2018-01-05 13:00:00,272.86942391278353
base_02,sarimax,2018-01-05 14:00:00,2018-01-05 15:00:00,5867.0,5306.739793043152,2018-01-05 14:00:00,560.2602069568484
base_02,sarimax,2018-01-05 15:00:00,2018-01-05 16:00:00,6504.0,5832.9700553982675,2018-01-05 15:00:00,671.0299446017325
base_02,sarimax,2018-01-05 16:00:00,2018-01-05 17:00:00,6185.0,6512.517092906023,2018-01-05 16:00:00,-327.5170929060232
base_02,sarimax,2018-01-05 17:00:00,2018-01-05 18:00:00,4611.0,6140.185613705048,2018-01-05 17:00:00,-1529.1856137050481
base_02,sarimax,2018-01-05 18:00:00,2018-01-05 19:00:00,3652.0,4540.938274411072,2018-01-05 18:00:00,-888.9382744110717
base_02,sarimax,2018-01-05 19:00:00,2018-01-05 20:00:00,2880.0,3560.712028477378,2018-01-05 19:00:00,-680.7120284773782
base_02,sarimax,2018-01-05 20:00:00,2018-01-05 21:00:00,2815.0,2884.408196586227,2018-01-05 20:00:00,-69.40819658622695
base_02,sarimax,2018-01-05 21:00:00,2018-01-05 22:00:00,2978.0,2948.96933384535,2018-01-05 21:00:00,29.030666154650135
base_02,sarimax,2018-01-05 22:00:00,2018-01-05 23:00:00,1805.0,3060.343189774893,2018-01-05 22:00:00,-1255.3431897748928
base_02,sarimax,2018-01-05 23:00:00,2018-01-06 00:00:00,1003.0,1864.413223982207,2018-01-05 23:00:00,-861.413223982207
base_02,sarimax,2018-01-06 00:00:00,2018-01-06 01:00:00,673.0,996.64091321309,2018-01-06 00:00:00,-323.64091321309
base_02,sarimax,2018-01-06 01:00:00,2018-01-06 02:00:00,483.0,635.3640220348271,2018-01-06 01:00:00,-152.36402203482714
base_02,sarimax,2018-01-06 02:00:00,2018-01-06 03:00:00,319.0,604.380945010771,2018-01-06 02:00:00,-285.38094501077103
base_02,sarimax,2018-01-06 03:00:00,2018-01-06 04:00:00,383.0,390.11512113151116,2018-01-06 03:00:00,-7.1151211315111595
base_02,sarimax,2018-01-06 04:00:00,2018-01-06 05:00:00,694.0,411.80276186548315,2018-01-06 04:00:00,282.19723813451685
base_02,sarimax,2018-01-06 05:00:00,2018-01-06 06:00:00,1129.0,711.4851027036251,2018-01-06 05:00:00,417.5148972963749
base_02,sarimax,2018-01-06 06:00:00,2018-01-06 07:00:00,1728.0,1144.713858474035,2018-01-06 06:00:00,583.2861415259649
base_02,sarimax,2018-01-06 07:00:00,2018-01-06 08:00:00,2487.0,1723.0376737086087,2018-01-06 07:00:00,763.9623262913913
base_02,sarimax,2018-01-06 08:00:00,2018-01-06 09:00:00,3046.0,2462.709817435367,2018-01-06 08:00:00,583.2901825646331
base_02,sarimax,2018-01-06 09:00:00,2018-01-06 10:00:00,3593.0,3010.412534199609,2018-01-06 09:00:00,582.5874658003909
base_02,sarimax,2018-01-06 10:00:00,2018-01-06 11:00:00,4092.0,3588.678752723152,2018-01-06 10:00:00,503.3212472768482
base_02,sarimax,2018-01-06 11:00:00,2018-01-06 12:00:00,4506.0,4089.8495668636433,2018-01-06 11:00:00,416.1504331363567
base_02,sarimax,2018-01-06 12:00:00,2018-01-06 13:00:00,4501.0,4494.545434620679,2018-01-06 12:00:00,6.454565379321139
base_02,sarimax,2018-01-06 13:00:00,2018-01-06 14:00:00,4857.0,4478.879097374046,2018-01-06 13:00:00,378.12090262595393
base_02,sarimax,2018-01-06 14:00:00,2018-01-06 15:00:00,4519.0,4833.455116618537,2018-01-06 14:00:00,-314.45511661853743
base_02,sarimax,2018-01-06 15:00:00,2018-01-06 16:00:00,4486.0,4495.489746592962,2018-01-06 15:00:00,-9.489746592961637
base_02,sarimax,2018-01-06 16:00:00,2018-01-06 17:00:00,4536.0,4497.913447889729,2018-01-06 16:00:00,38.08655211027144
base_02,sarimax,2018-01-06 17:00:00,2018-01-06 18:00:00,3801.0,4498.8763332032095,2018-01-06 17:00:00,-697.8763332032095
base_02,sarimax,2018-01-06 18:00:00,2018-01-06 19:00:00,3174.0,3837.631617129424,2018-01-06 18:00:00,-663.6316171294238
base_02,sarimax,2018-01-06 19:00:00,2018-01-06 20:00:00,2556.0,3177.5353430690907,2018-01-06 19:00:00,-621.5353430690907
base_02,sarimax,2018-01-06 20:00:00,2018-01-06 21:00:00,2463.0,2559.2135334083287,2018-01-06 20:00:00,-96.21353340832866
base_02,sarimax,2018-01-06 21:00:00,2018-01-06 22:00:00,2801.0,2539.9339691459213,2018-01-06 21:00:00,261.0660308540787
base_02,sarimax,2018-01-06 22:00:00,2018-01-06 23:00:00,2089.0,2871.35611410909,2018-01-06 22:00:00,-782.35611410909
base_02,sarimax,2018-01-06 23:00:00,2018-01-07 00:00:00,1053.0,2155.6677147499977,2018-01-06 23:00:00,-1102.6677147499977
base_02,sarimax,2018-01-07 00:00:00,2018-01-07 01:00:00,648.0,1070.8568359343535,2018-01-07 00:00:00,-422.8568359343535
base_02,sarimax,2018-01-07 01:00:00,2018-01-07 02:00:00,540.0,624.8597514597296,2018-01-07 01:00:00,-84.85975145972964
base_02,sarimax,2018-01-07 02:00:00,2018-01-07 03:00:00,313.0,616.030726705964,2018-01-07 02:00:00,-303.03072670596396
base_02,sarimax,2018-01-07 03:00:00,2018-01-07 04:00:00,260.0,425.36583255780977,2018-01-07 03:00:00,-165.36583255780977
base_02,sarimax,2018-01-07 04:00:00,2018-01-07 05:00:00,442.0,306.39459823493456,2018-01-07 04:00:00,135.60540176506544
base_02,sarimax,2018-01-07 05:00:00,2018-01-07 06:00:00,769.0,458.1171951701899,2018-01-07 05:00:00,310.8828048298101
base_02,sarimax,2018-01-07 06:00:00,2018-01-07 07:00:00,1024.0,790.3160685530954,2018-01-07 06:00:00,233.68393144690458
base_02,sarimax,2018-01-07 07:00:00,2018-01-07 08:00:00,1695.0,1045.274888545437,2018-01-07 07:00:00,649.7251114545629
base_02,sarimax,2018-01-07 08:00:00,2018-01-07 09:00:00,2516.0,1681.4757591928374,2018-01-07 08:00:00,834.5242408071626
base_02,sarimax,2018-01-07 09:00:00,2018-01-07 10:00:00,3256.0,2492.617830973533,2018-01-07 09:00:00,763.3821690264672
base_02,sarimax,2018-01-07 10:00:00,2018-01-07 11:00:00,3670.0,3246.182540183959,2018-01-07 10:00:00,423.8174598160408
base_02,sarimax,2018-01-07 11:00:00,2018-01-07 12:00:00,4070.0,3623.58271995527,2018-01-07 11:00:00,446.41728004473
base_02,sarimax,2018-01-07 12:00:00,2018-01-07 13:00:00,4065.0,4014.6541592472777,2018-01-07 12:00:00,50.345840752722324
base_02,sarimax,2018-01-07 13:00:00,2018-01-07 14:00:00,4409.0,4013.45860056836,2018-01-07 13:00:00,395.54139943164
base_02,sarimax,2018-01-07 14:00:00,2018-01-07 15:00:00,4082.0,4377.462027749112,2018-01-07 14:00:00,-295.46202774911217
base_02,sarimax,2018-01-07 15:00:00,2018-01-07 16:00:00,4050.0,4051.721500346384,2018-01-07 15:00:00,-1.7215003463838912
base_02,sarimax,2018-01-07 16:00:00,2018-01-07 17:00:00,4099.0,4061.520268910775,2018-01-07 16:00:00,37.47973108922497
base_02,sarimax,2018-01-07 17:00:00,2018-01-07 18:00:00,3388.0,4067.82418549925,2018-01-07 17:00:00,-679.8241854992498
base_02,sarimax,2018-01-07 18:00:00,2018-01-07 19:00:00,2780.0,3411.168446529081,2018-01-07 18:00:00,-631.1684465290809
base_02,sarimax,2018-01-07 19:00:00,2018-01-07 20:00:00,2261.0,2781.446235735572,2018-01-07 19:00:00,-520.4462357355719
base_02,sarimax,2018-01-07 20:00:00,2018-01-07 21:00:00,1800.0,2265.0275134967546,2018-01-07 20:00:00,-465.02751349675464
base_02,sarimax,2018-01-07 21:00:00,2018-01-07 22:00:00,1433.0,1888.9086657941748,2018-01-07 21:00:00,-455.9086657941748
base_02,sarimax,2018-01-07 22:00:00,2018-01-07 23:00:00,1073.0,1503.0948786795952,2018-01-07 22:00:00,-430.09487867959524
base_02,sarimax,2018-01-07 23:00:00,2018-01-08 00:00:00,455.0,1129.3638285901081,2018-01-07 23:00:00,-674.3638285901081
base_02,sarimax,2018-01-08 00:00:00,2018-01-08 01:00:00,289.0,498.94696801144573,2018-01-08 00:00:00,-209.94696801144573
base_02,sarimax,2018-01-08 01:00:00,2018-01-08 02:00:00,220.0,306.13462854057633,2018-01-08 01:00:00,-86.13462854057633
base_02,sarimax,2018-01-08 02:00:00,2018-01-08 03:00:00,361.0,238.7495846096535,2018-01-08 02:00:00,122.25041539034649
base_02,sarimax,2018-01-08 03:00:00,2018-01-08 04:00:00,820.0,420.288577049741,2018-01-08 03:00:00,399.711422950259
base_02,sarimax,2018-01-08 04:00:00,2018-01-08 05:00:00,2809.0,835.3671388936007,2018-01-08 04:00:00,1973.6328611063993
base_02,sarimax,2018-01-08 05:00:00,2018-01-08 06:00:00,5189.0,2816.07971153229,2018-01-08 05:00:00,2372.92028846771
base_02,sarimax,2018-01-08 06:00:00,2018-01-08 07:00:00,6048.0,5161.50221121671,2018-01-08 06:00:00,886.4977887832902
base_02,sarimax,2018-01-08 07:00:00,2018-01-08 08:00:00,5751.0,5999.918656636543,2018-01-08 07:00:00,-248.91865663654335
base_02,sarimax,2018-01-08 08:00:00,2018-01-08 09:00:00,4728.0,5545.744360904195,2018-01-08 08:00:00,-817.7443609041948
base_02,sarimax,2018-01-08 09:00:00,2018-01-08 10:00:00,4138.0,4479.15839670148,2018-01-08 09:00:00,-341.15839670148034
base_02,sarimax,2018-01-08 10:00:00,2018-01-08 11:00:00,4324.0,4071.0295067213037,2018-01-08 10:00:00,252.97049327869627
base_02,sarimax,2018-01-08 11:00:00,2018-01-08 12:00:00,4512.0,4393.357946159758,2018-01-08 11:00:00,118.64205384024172
base_02,sarimax,2018-01-08 12:00:00,2018-01-08 13:00:00,4786.0,4624.322053604309,2018-01-08 12:00:00,161.67794639569092
base_02,sarimax,2018-01-08 13:00:00,2018-01-08 14:00:00,4880.0,4872.644585827938,2018-01-08 13:00:00,7.35541417206241
base_02,sarimax,2018-01-08 14:00:00,2018-01-08 15:00:00,5406.0,4874.106766088093,2018-01-08 14:00:00,531.8932339119074
base_02,sarimax,2018-01-08 15:00:00,2018-01-08 16:00:00,6458.0,5402.829665152661,2018-01-08 15:00:00,1055.1703348473393
base_02,sarimax,2018-01-08 16:00:00,2018-01-08 17:00:00,5732.0,6437.029560328642,2018-01-08 16:00:00,-705.0295603286422
base_02,sarimax,2018-01-08 17:00:00,2018-01-08 18:00:00,4446.0,5702.738259089963,2018-01-08 17:00:00,-1256.7382590899633
base_02,sarimax,2018-01-08 18:00:00,2018-01-08 19:00:00,2836.0,4351.632892438926,2018-01-08 18:00:00,-1515.6328924389263
base_02,sarimax,2018-01-08 19:00:00,2018-01-08 20:00:00,2416.0,2691.91167889816,2018-01-08 19:00:00,-275.91167889816006
base_02,sarimax,2018-01-08 20:00:00,2018-01-08 21:00:00,2076.0,2470.237817159024,2018-01-08 20:00:00,-394.23781715902396
base_02,sarimax,2018-01-08 21:00:00,2018-01-08 22:00:00,1481.0,2202.1083717044144,2018-01-08 21:00:00,-721.1083717044144
base_02,sarimax,2018-01-08 22:00:00,2018-01-08 23:00:00,948.0,1633.3365682578983,2018-01-08 22:00:00,-685.3365682578983
base_02,sarimax,2018-01-08 23:00:00,2018-01-09 00:00:00,560.0,979.2750357039523,2018-01-08 23:00:00,-419.2750357039523
base_02,sarimax,2018-01-09 00:00:00,2018-01-09 01:00:00,342.0,604.3628376175604,2018-01-09 00:00:00,-262.36283761756044
base_02,sarimax,2018-01-09 01:00:00,2018-01-09 02:00:00,239.0,398.1318894943922,2018-01-09 01:00:00,-159.13188949439223
base_02,sarimax,2018-01-09 02:00:00,2018-01-09 03:00:00,334.0,310.24047280379733,2018-01-09 02:00:00,23.75952719620267
base_02,sarimax,2018-01-09 03:00:00,2018-01-09 04:00:00,832.0,390.45511768208047,2018-01-09 03:00:00,441.54488231791953
base_02,sarimax,2018-01-09 04:00:00,2018-01-09 05:00:00,2972.0,868.17073300554,2018-01-09 04:00:00,2103.82926699446
base_02,sarimax,2018-01-09 05:00:00,2018-01-09 06:00:00,5674.0,2992.927629572023,2018-01-09 05:00:00,2681.072370427977
base_02,sarimax,2018-01-09 06:00:00,2018-01-09 07:00:00,6229.0,5679.662542915083,2018-01-09 06:00:00,549.3374570849173
base_02,sarimax,2018-01-09 07:00:00,2018-01-09 08:00:00,5965.0,6182.74307318423,2018-01-09 07:00:00,-217.74307318422962
base_02,sarimax,2018-01-09 08:00:00,2018-01-09 09:00:00,5124.0,5753.817082378351,2018-01-09 08:00:00,-629.8170823783512
base_02,sarimax,2018-01-09 09:00:00,2018-01-09 10:00:00,4348.0,4855.243092988943,2018-01-09 09:00:00,-507.2430929889433
base_02,sarimax,2018-01-09 10:00:00,2018-01-09 11:00:00,4473.0,4309.37115338457,2018-01-09 10:00:00,163.62884661543012
base_02,sarimax,2018-01-09 11:00:00,2018-01-09 12:00:00,5034.0,4517.919336213447,2018-01-09 11:00:00,516.0806637865526
base_02,sarimax,2018-01-09 12:00:00,2018-01-09 13:00:00,4784.0,5145.677083412411,2018-01-09 12:00:00,-361.67708341241087
base_02,sarimax,2018-01-09 13:00:00,2018-01-09 14:00:00,5065.0,4880.079169613209,2018-01-09 13:00:00,184.92083038679084
base_02,sarimax,2018-01-09 14:00:00,2018-01-09 15:00:00,5589.0,5080.825098739307,2018-01-09 14:00:00,508.17490126069333
base_02,sarimax,2018-01-09 15:00:00,2018-01-09 16:00:00,6559.0,5538.753603784004,2018-01-09 15:00:00,1020.2463962159964
base_02,sarimax,2018-01-09 16:00:00,2018-01-09 17:00:00,6104.0,6579.635556567465,2018-01-09 16:00:00,-475.63555656746485
base_02,sarimax,2018-01-09 17:00:00,2018-01-09 18:00:00,4405.0,6070.352692965111,2018-01-09 17:00:00,-1665.3526929651107
base_02,sarimax,2018-01-09 18:00:00,2018-01-09 19:00:00,3001.0,4337.9165800026585,2018-01-09 18:00:00,-1336.9165800026585
base_02,sarimax,2018-01-09 19:00:00,2018-01-09 20:00:00,2604.0,2891.73187928367,2018-01-09 19:00:00,-287.73187928366997
base_02,sarimax,2018-01-09 20:00:00,2018-01-09 21:00:00,2931.0,2642.780890422809,2018-01-09 20:00:00,288.2191095771909
base_02,sarimax,2018-01-09 21:00:00,2018-01-09 22:00:00,3488.0,3098.0784730731953,2018-01-09 21:00:00,389.92152692680475
base_02,sarimax,2018-01-09 22:00:00,2018-01-09 23:00:00,1125.0,3628.416370984103,2018-01-09 22:00:00,-2503.416370984103
base_02,sarimax,2018-01-09 23:00:00,2018-01-10 00:00:00,583.0,1160.1492894712703,2018-01-09 23:00:00,-577.1492894712703
base_02,sarimax,2018-01-10 00:00:00,2018-01-10 01:00:00,327.0,539.4459011479267,2018-01-10 00:00:00,-212.44590114792675
base_02,sarimax,2018-01-10 01:00:00,2018-01-10 02:00:00,270.0,264.1512060923557,2018-01-10 01:00:00,5.8487939076442785
base_02,sarimax,2018-01-10 02:00:00,2018-01-10 03:00:00,336.0,503.97798824212646,2018-01-10 02:00:00,-167.97798824212646
base_02,sarimax,2018-01-10 03:00:00,2018-01-10 04:00:00,887.0,383.92380516985736,2018-01-10 03:00:00,503.07619483014264
base_02,sarimax,2018-01-10 04:00:00,2018-01-10 05:00:00,2944.0,918.9777798936869,2018-01-10 04:00:00,2025.022220106313
base_02,sarimax,2018-01-10 05:00:00,2018-01-10 06:00:00,5614.0,2952.487691943274,2018-01-10 05:00:00,2661.512308056726
base_02,sarimax,2018-01-10 06:00:00,2018-01-10 07:00:00,6228.0,5609.264208263792,2018-01-10 06:00:00,618.7357917362078
base_02,sarimax,2018-01-10 07:00:00,2018-01-10 08:00:00,5842.0,6169.812826619133,2018-01-10 07:00:00,-327.8128266191334
base_02,sarimax,2018-01-10 08:00:00,2018-01-10 09:00:00,5145.0,5636.875188897997,2018-01-10 08:00:00,-491.87518889799685
base_02,sarimax,2018-01-10 09:00:00,2018-01-10 10:00:00,4552.0,4873.122345656915,2018-01-10 09:00:00,-321.12234565691506
base_02,sarimax,2018-01-10 10:00:00,2018-01-10 11:00:00,4623.0,4492.1362212095055,2018-01-10 10:00:00,130.8637787904945
base_02,sarimax,2018-01-10 11:00:00,2018-01-10 12:00:00,4911.0,4664.898012124587,2018-01-10 11:00:00,246.10198787541322
base_02,sarimax,2018-01-10 12:00:00,2018-01-10 13:00:00,4926.0,4992.008413728981,2018-01-10 12:00:00,-66.0084137289814
base_02,sarimax,2018-01-10 13:00:00,2018-01-10 14:00:00,5315.0,4987.809271016566,2018-01-10 13:00:00,327.1907289834344
base_02,sarimax,2018-01-10 14:00:00,2018-01-10 15:00:00,5681.0,5311.064202910077,2018-01-10 14:00:00,369.93579708992274
base_02,sarimax,2018-01-10 15:00:00,2018-01-10 16:00:00,6602.0,5651.900541356564,2018-01-10 15:00:00,950.0994586434363
base_02,sarimax,2018-01-10 16:00:00,2018-01-10 17:00:00,6128.0,6597.818410776718,2018-01-10 16:00:00,-469.81841077671834
base_02,sarimax,2018-01-10 17:00:00,2018-01-10 18:00:00,4520.0,6091.901354271876,2018-01-10 17:00:00,-1571.9013542718758
base_02,sarimax,2018-01-10 18:00:00,2018-01-10 19:00:00,2986.0,4473.060527944013,2018-01-10 18:00:00,-1487.0605279440133
base_02,sarimax,2018-01-10 19:00:00,2018-01-10 20:00:00,2642.0,2889.5621589441607,2018-01-10 19:00:00,-247.56215894416073
base_02,sarimax,2018-01-10 20:00:00,2018-01-10 21:00:00,2342.0,2689.9899735546796,2018-01-10 20:00:00,-347.98997355467964
base_02,sarimax,2018-01-10 21:00:00,2018-01-10 22:00:00,1596.0,2505.061698027716,2018-01-10 21:00:00,-909.0616980277159
base_02,sarimax,2018-01-10 22:00:00,2018-01-10 23:00:00,1115.0,1750.0717006810048,2018-01-10 22:00:00,-635.0717006810048
base_02,sarimax,2018-01-10 23:00:00,2018-01-11 00:00:00,568.0,1149.8125198639455,2018-01-10 23:00:00,-581.8125198639455
base_02,sarimax,2018-01-11 00:00:00,2018-01-11 01:00:00,352.0,594.5714920841499,2018-01-11 00:00:00,-242.5714920841499
base_02,sarimax,2018-01-11 01:00:00,2018-01-11 02:00:00,291.0,426.3733349531871,2018-01-11 01:00:00,-135.3733349531871
base_02,sarimax,2018-01-11 02:00:00,2018-01-11 03:00:00,391.0,325.0059303106468,2018-01-11 02:00:00,65.99406968935318
base_02,sarimax,2018-01-11 03:00:00,2018-01-11 04:00:00,855.0,416.9878165671835,2018-01-11 03:00:00,438.0121834328165
base_02,sarimax,2018-01-11 04:00:00,2018-01-11 05:00:00,2869.0,833.8763777524106,2018-01-11 04:00:00,2035.1236222475895
base_02,sarimax,2018-01-11 05:00:00,2018-01-11 06:00:00,4869.0,2849.5192166032357,2018-01-11 05:00:00,2019.4807833967643
base_02,sarimax,2018-01-11 06:00:00,2018-01-11 07:00:00,4601.0,4828.70964932827,2018-01-11 06:00:00,-227.70964932826973
base_02,sarimax,2018-01-11 07:00:00,2018-01-11 08:00:00,4475.0,4502.458216649684,2018-01-11 07:00:00,-27.45821664968389
base_02,sarimax,2018-01-11 08:00:00,2018-01-11 09:00:00,4021.0,4244.942710859744,2018-01-11 08:00:00,-223.94271085974378
base_02,sarimax,2018-01-11 09:00:00,2018-01-11 10:00:00,3559.0,3786.650765752342,2018-01-11 09:00:00,-227.65076575234207
base_02,sarimax,2018-01-11 10:00:00,2018-01-11 11:00:00,3524.0,3567.214318348045,2018-01-11 10:00:00,-43.2143183480448
base_02,sarimax,2018-01-11 11:00:00,2018-01-11 12:00:00,3587.0,3529.072935159757,2018-01-11 11:00:00,57.92706484024302
base_02,sarimax,2018-01-11 12:00:00,2018-01-11 13:00:00,3293.0,3622.4509000556286,2018-01-11 12:00:00,-329.4509000556286
base_02,sarimax,2018-01-11 13:00:00,2018-01-11 14:00:00,3557.0,3328.506345754808,2018-01-11 13:00:00,228.49365424519192
base_02,sarimax,2018-01-11 14:00:00,2018-01-11 15:00:00,4081.0,3554.533499120436,2018-01-11 14:00:00,526.4665008795641
base_02,sarimax,2018-01-11 15:00:00,2018-01-11 16:00:00,4269.0,4068.375731277578,2018-01-11 15:00:00,200.62426872242213
base_02,sarimax,2018-01-11 16:00:00,2018-01-11 17:00:00,4178.0,4293.703351374471,2018-01-11 16:00:00,-115.70335137447091
base_02,sarimax,2018-01-11 17:00:00,2018-01-11 18:00:00,3130.0,4154.568204677514,2018-01-11 17:00:00,-1024.5682046775137
base_02,sarimax,2018-01-11 18:00:00,2018-01-11 19:00:00,2480.0,3078.9719828940288,2018-01-11 18:00:00,-598.9719828940288
base_02,sarimax,2018-01-11 19:00:00,2018-01-11 20:00:00,2251.0,2457.3637019170155,2018-01-11 19:00:00,-206.36370191701553
base_02,sarimax,2018-01-11 20:00:00,2018-01-11 21:00:00,2081.0,2252.4020851415253,2018-01-11 20:00:00,-171.40208514152528
base_02,sarimax,2018-01-11 21:00:00,2018-01-11 22:00:00,1450.0,2172.1397127291243,2018-01-11 21:00:00,-722.1397127291243
base_02,sarimax,2018-01-11 22:00:00,2018-01-11 23:00:00,949.0,1507.8045973399342,2018-01-11 22:00:00,-558.8045973399342
base_02,sarimax,2018-01-11 23:00:00,2018-01-12 00:00:00,566.0,946.7065768430771,2018-01-11 23:00:00,-380.7065768430771
base_02,sarimax,2018-01-12 00:00:00,2018-01-12 01:00:00,335.0,558.1753250259475,2018-01-12 00:00:00,-223.17532502594747
base_02,sarimax,2018-01-12 01:00:00,2018-01-12 02:00:00,272.0,381.47766782713353,2018-01-12 01:00:00,-109.47766782713353
base_02,sarimax,2018-01-12 02:00:00,2018-01-12 03:00:00,353.0,301.5959653324379,2018-01-12 02:00:00,51.40403466756209
base_02,sarimax,2018-01-12 03:00:00,2018-01-12 04:00:00,828.0,366.01621320308857,2018-01-12 03:00:00,461.98378679691143
base_02,sarimax,2018-01-12 04:00:00,2018-01-12 05:00:00,2728.0,837.4378058525906,2018-01-12 04:00:00,1890.5621941474094
base_02,sarimax,2018-01-12 05:00:00,2018-01-12 06:00:00,4791.0,2718.0986245410113,2018-01-12 05:00:00,2072.9013754589887
base_02,sarimax,2018-01-12 06:00:00,2018-01-12 07:00:00,5517.0,4769.020475129002,2018-01-12 06:00:00,747.9795248709979
base_02,sarimax,2018-01-12 07:00:00,2018-01-12 08:00:00,4240.0,5454.364129904553,2018-01-12 07:00:00,-1214.364129904553
base_02,sarimax,2018-01-12 08:00:00,2018-01-12 09:00:00,4565.0,4036.267683035817,2018-01-12 08:00:00,528.7323169641832
base_02,sarimax,2018-01-12 09:00:00,2018-01-12 10:00:00,3988.0,4351.64614435076,2018-01-12 09:00:00,-363.64614435075964
base_02,sarimax,2018-01-12 10:00:00,2018-01-12 11:00:00,4440.0,3930.304283120955,2018-01-12 10:00:00,509.695716879045
base_02,sarimax,2018-01-12 11:00:00,2018-01-12 12:00:00,4958.0,4592.446034117336,2018-01-12 11:00:00,365.55396588266376
base_02,sarimax,2018-01-12 12:00:00,2018-01-12 13:00:00,4928.0,4957.689211478799,2018-01-12 12:00:00,-29.689211478798825
base_02,sarimax,2018-01-12 13:00:00,2018-01-12 14:00:00,5078.0,5016.035663916389,2018-01-12 13:00:00,61.96433608361076
base_02,sarimax,2018-01-12 14:00:00,2018-01-12 15:00:00,5560.0,5055.603963303776,2018-01-12 14:00:00,504.39603669622375
base_02,sarimax,2018-01-12 15:00:00,2018-01-12 16:00:00,5841.0,5518.521785460572,2018-01-12 15:00:00,322.47821453942834
base_02,sarimax,2018-01-12 16:00:00,2018-01-12 17:00:00,5779.0,5859.5056290259145,2018-01-12 16:00:00,-80.50562902591446
base_02,sarimax,2018-01-12 17:00:00,2018-01-12 18:00:00,4677.0,5758.501811551069,2018-01-12 17:00:00,-1081.5018115510693
base_02,sarimax,2018-01-12 18:00:00,2018-01-12 19:00:00,3348.0,4612.355935631233,2018-01-12 18:00:00,-1264.3559356312326
base_02,sarimax,2018-01-12 19:00:00,2018-01-12 20:00:00,2690.0,3303.094844135548,2018-01-12 19:00:00,-613.0948441355481
base_02,sarimax,2018-01-12 20:00:00,2018-01-12 21:00:00,2573.0,2678.4847704449903,2018-01-12 20:00:00,-105.48477044499032
base_02,sarimax,2018-01-12 21:00:00,2018-01-12 22:00:00,2440.0,2684.0036584384634,2018-01-12 21:00:00,-244.0036584384634
base_02,sarimax,2018-01-12 22:00:00,2018-01-12 23:00:00,1654.0,2551.440329680949,2018-01-12 22:00:00,-897.4403296809492
base_02,sarimax,2018-01-12 23:00:00,2018-01-13 00:00:00,1032.0,1722.7705521290927,2018-01-12 23:00:00,-690.7705521290927
base_02,sarimax,2018-01-13 00:00:00,2018-01-13 01:00:00,601.0,1039.1232672946503,2018-01-13 00:00:00,-438.1232672946503
base_02,sarimax,2018-01-13 01:00:00,2018-01-13 02:00:00,467.0,613.1650205000834,2018-01-13 01:00:00,-146.16502050008341
base_02,sarimax,2018-01-13 02:00:00,2018-01-13 03:00:00,361.0,528.4521049598493,2018-01-13 02:00:00,-167.4521049598493
base_02,sarimax,2018-01-13 03:00:00,2018-01-13 04:00:00,388.0,413.8848685447135,2018-01-13 03:00:00,-25.884868544713527
base_02,sarimax,2018-01-13 04:00:00,2018-01-13 05:00:00,647.0,412.57431387007284,2018-01-13 04:00:00,234.42568612992716
base_02,sarimax,2018-01-13 05:00:00,2018-01-13 06:00:00,1175.0,652.3247618631441,2018-01-13 05:00:00,522.6752381368559
base_02,sarimax,2018-01-13 06:00:00,2018-01-13 07:00:00,1720.0,1180.5115150773518,2018-01-13 06:00:00,539.4884849226482
base_02,sarimax,2018-01-13 07:00:00,2018-01-13 08:00:00,2582.0,1703.3653919993121,2018-01-13 07:00:00,878.6346080006879
base_02,sarimax,2018-01-13 08:00:00,2018-01-13 09:00:00,3473.0,2542.9780648433725,2018-01-13 08:00:00,930.0219351566275
base_02,sarimax,2018-01-13 09:00:00,2018-01-13 10:00:00,3916.0,3424.8263926751174,2018-01-13 09:00:00,491.1736073248826
base_02,sarimax,2018-01-13 10:00:00,2018-01-13 11:00:00,4155.0,3894.2066534625137,2018-01-13 10:00:00,260.7933465374863
base_02,sarimax,2018-01-13 11:00:00,2018-01-13 12:00:00,4379.0,4095.776783310737,2018-01-13 11:00:00,283.22321668926315
base_02,sarimax,2018-01-13 12:00:00,2018-01-13 13:00:00,4595.0,4329.436349295931,2018-01-13 12:00:00,265.563650704069
base_02,sarimax,2018-01-13 13:00:00,2018-01-13 14:00:00,4212.0,4572.254426233403,2018-01-13 13:00:00,-360.25442623340314
base_02,sarimax,2018-01-13 14:00:00,2018-01-13 15:00:00,3941.0,4207.518166098301,2018-01-13 14:00:00,-266.51816609830075
base_02,sarimax,2018-01-13 15:00:00,2018-01-13 16:00:00,3601.0,3932.089574432369,2018-01-13 15:00:00,-331.08957443236886
base_02,sarimax,2018-01-13 16:00:00,2018-01-13 17:00:00,3374.0,3591.4978795326706,2018-01-13 16:00:00,-217.4978795326706
base_02,sarimax,2018-01-13 17:00:00,2018-01-13 18:00:00,3141.0,3406.2867399315846,2018-01-13 17:00:00,-265.28673993158463
base_02,sarimax,2018-01-13 18:00:00,2018-01-13 19:00:00,3479.0,3142.4545780321537,2018-01-13 18:00:00,336.5454219678463
base_02,sarimax,2018-01-13 19:00:00,2018-01-13 20:00:00,3429.0,3472.8202451814973,2018-01-13 19:00:00,-43.820245181497285
base_02,sarimax,2018-01-13 20:00:00,2018-01-13 21:00:00,4055.0,3435.241029630076,2018-01-13 20:00:00,619.7589703699241
base_02,sarimax,2018-01-13 21:00:00,2018-01-13 22:00:00,2990.0,4058.7727784136255,2018-01-13 21:00:00,-1068.7727784136255
base_02,sarimax,2018-01-13 22:00:00,2018-01-13 23:00:00,1872.0,2943.950105908051,2018-01-13 22:00:00,-1071.9501059080508
base_02,sarimax,2018-01-13 23:00:00,2018-01-14 00:00:00,1210.0,1856.2345837245593,2018-01-13 23:00:00,-646.2345837245593
base_02,sarimax,2018-01-14 00:00:00,2018-01-14 01:00:00,756.0,1141.7208604702118,2018-01-14 00:00:00,-385.72086047021185
base_02,sarimax,2018-01-14 01:00:00,2018-01-14 02:00:00,494.0,869.094398519476,2018-01-14 01:00:00,-375.09439851947604
base_02,sarimax,2018-01-14 02:00:00,2018-01-14 03:00:00,313.0,610.8614363075351,2018-01-14 02:00:00,-297.8614363075351
base_02,sarimax,2018-01-14 03:00:00,2018-01-14 04:00:00,271.0,385.06224714133225,2018-01-14 03:00:00,-114.06224714133225
base_02,sarimax,2018-01-14 04:00:00,2018-01-14 05:00:00,474.0,321.56734460667735,2018-01-14 04:00:00,152.43265539332265
base_02,sarimax,2018-01-14 05:00:00,2018-01-14 06:00:00,735.0,491.6354957984838,2018-01-14 05:00:00,243.36450420151618
base_02,sarimax,2018-01-14 06:00:00,2018-01-14 07:00:00,1296.0,774.2345321361109,2018-01-14 06:00:00,521.7654678638891
base_02,sarimax,2018-01-14 07:00:00,2018-01-14 08:00:00,1880.0,1333.9092354090799,2018-01-14 07:00:00,546.0907645909201
base_02,sarimax,2018-01-14 08:00:00,2018-01-14 09:00:00,2567.0,1892.7712027193097,2018-01-14 08:00:00,674.2287972806903
base_02,sarimax,2018-01-14 09:00:00,2018-01-14 10:00:00,3338.0,2564.9704639021243,2018-01-14 09:00:00,773.0295360978757
base_02,sarimax,2018-01-14 10:00:00,2018-01-14 11:00:00,3771.0,3306.951020335745,2018-01-14 10:00:00,464.04897966425506
base_02,sarimax,2018-01-14 11:00:00,2018-01-14 12:00:00,4175.0,3749.0092519657624,2018-01-14 11:00:00,425.99074803423764
base_02,sarimax,2018-01-14 12:00:00,2018-01-14 13:00:00,4567.0,4133.936635233115,2018-01-14 12:00:00,433.06336476688466
base_02,sarimax,2018-01-14 13:00:00,2018-01-14 14:00:00,3873.0,4516.056823050581,2018-01-14 13:00:00,-643.0568230505814
base_02,sarimax,2018-01-14 14:00:00,2018-01-14 15:00:00,3383.0,3843.7320886306175,2018-01-14 14:00:00,-460.73208863061745
base_02,sarimax,2018-01-14 15:00:00,2018-01-14 16:00:00,2769.0,3353.7075971162844,2018-01-14 15:00:00,-584.7075971162844
base_02,sarimax,2018-01-14 16:00:00,2018-01-14 17:00:00,2357.0,2735.473621715877,2018-01-14 16:00:00,-378.473621715877
base_02,sarimax,2018-01-14 17:00:00,2018-01-14 18:00:00,1935.0,2440.384313727995,2018-01-14 17:00:00,-505.38431372799505
base_02,sarimax,2018-01-14 18:00:00,2018-01-14 19:00:00,1800.0,1988.2920177868502,2018-01-14 18:00:00,-188.29201778685024
base_02,sarimax,2018-01-14 19:00:00,2018-01-14 20:00:00,2218.0,1879.0617707174108,2018-01-14 19:00:00,338.9382292825892
base_02,sarimax,2018-01-14 20:00:00,2018-01-14 21:00:00,2264.0,2261.135686992131,2018-01-14 20:00:00,2.8643130078689865
base_02,sarimax,2018-01-14 21:00:00,2018-01-14 22:00:00,2292.0,2295.8231862957346,2018-01-14 21:00:00,-3.8231862957345584
base_02,sarimax,2018-01-14 22:00:00,2018-01-14 23:00:00,979.0,2295.8593133902536,2018-01-14 22:00:00,-1316.8593133902536
base_02,sarimax,2018-01-14 23:00:00,2018-01-15 00:00:00,600.0,923.8821657288086,2018-01-14 23:00:00,-323.88216572880856
base_02,sarimax,2018-01-15 00:00:00,2018-01-15 01:00:00,341.0,592.9097827787158,2018-01-15 00:00:00,-251.9097827787158
base_02,sarimax,2018-01-15 01:00:00,2018-01-15 02:00:00,269.0,325.45367404327743,2018-01-15 01:00:00,-56.45367404327743
base_02,sarimax,2018-01-15 02:00:00,2018-01-15 03:00:00,347.0,386.50169068271634,2018-01-15 02:00:00,-39.501690682716344
base_02,sarimax,2018-01-15 03:00:00,2018-01-15 04:00:00,775.0,377.884569767833,2018-01-15 03:00:00,397.115430232167
base_02,sarimax,2018-01-15 04:00:00,2018-01-15 05:00:00,2183.0,787.2118252128478,2018-01-15 04:00:00,1395.7881747871522
base_02,sarimax,2018-01-15 05:00:00,2018-01-15 06:00:00,3637.0,2175.0542156143565,2018-01-15 05:00:00,1461.9457843856435
base_02,sarimax,2018-01-15 06:00:00,2018-01-15 07:00:00,3651.0,3616.050808797567,2018-01-15 06:00:00,34.94919120243321
base_02,sarimax,2018-01-15 07:00:00,2018-01-15 08:00:00,3231.0,3597.963377907779,2018-01-15 07:00:00,-366.963377907779
base_02,sarimax,2018-01-15 08:00:00,2018-01-15 09:00:00,3410.0,3074.626725303523,2018-01-15 08:00:00,335.373274696477
base_02,sarimax,2018-01-15 09:00:00,2018-01-15 10:00:00,3307.0,3246.2732442805786,2018-01-15 09:00:00,60.72675571942136
base_02,sarimax,2018-01-15 10:00:00,2018-01-15 11:00:00,3638.0,3305.742284985334,2018-01-15 10:00:00,332.2577150146658
base_02,sarimax,2018-01-15 11:00:00,2018-01-15 12:00:00,3970.0,3685.2464507488116,2018-01-15 11:00:00,284.75354925118836
base_02,sarimax,2018-01-15 12:00:00,2018-01-15 13:00:00,4207.0,3958.0312014411566,2018-01-15 12:00:00,248.96879855884345
base_02,sarimax,2018-01-15 13:00:00,2018-01-15 14:00:00,4440.0,4222.352666863413,2018-01-15 13:00:00,217.6473331365869
base_02,sarimax,2018-01-15 14:00:00,2018-01-15 15:00:00,4414.0,4415.370014442269,2018-01-15 14:00:00,-1.3700144422691665
base_02,sarimax,2018-01-15 15:00:00,2018-01-15 16:00:00,4800.0,4382.046253047373,2018-01-15 15:00:00,417.9537469526267
base_02,sarimax,2018-01-15 16:00:00,2018-01-15 17:00:00,4437.0,4772.982841915781,2018-01-15 16:00:00,-335.98284191578114
base_02,sarimax,2018-01-15 17:00:00,2018-01-15 18:00:00,3528.0,4404.359786993817,2018-01-15 17:00:00,-876.3597869938167
base_02,sarimax,2018-01-15 18:00:00,2018-01-15 19:00:00,2611.0,3526.03121888854,2018-01-15 18:00:00,-915.03121888854
base_02,sarimax,2018-01-15 19:00:00,2018-01-15 20:00:00,2162.0,2574.6597125897224,2018-01-15 19:00:00,-412.6597125897224
base_02,sarimax,2018-01-15 20:00:00,2018-01-15 21:00:00,1977.0,2185.272421774196,2018-01-15 20:00:00,-208.27242177419612
base_02,sarimax,2018-01-15 21:00:00,2018-01-15 22:00:00,1430.0,2068.4777764109094,2018-01-15 21:00:00,-638.4777764109094
base_02,sarimax,2018-01-15 22:00:00,2018-01-15 23:00:00,888.0,1517.3413311648228,2018-01-15 22:00:00,-629.3413311648228
base_02,sarimax,2018-01-15 23:00:00,2018-01-16 00:00:00,494.0,932.6979439317241,2018-01-15 23:00:00,-438.6979439317241
base_02,sarimax,2018-01-16 00:00:00,2018-01-16 01:00:00,321.0,505.76164832119866,2018-01-16 00:00:00,-184.76164832119866
base_02,sarimax,2018-01-16 01:00:00,2018-01-16 02:00:00,255.0,375.36634879130736,2018-01-16 01:00:00,-120.36634879130736
base_02,sarimax,2018-01-16 02:00:00,2018-01-16 03:00:00,354.0,304.4958947279967,2018-01-16 02:00:00,49.5041052720033
base_02,sarimax,2018-01-16 03:00:00,2018-01-16 04:00:00,872.0,385.22293271848235,2018-01-16 03:00:00,486.77706728151765
base_02,sarimax,2018-01-16 04:00:00,2018-01-16 05:00:00,2836.0,881.4097427616889,2018-01-16 04:00:00,1954.590257238311
base_02,sarimax,2018-01-16 05:00:00,2018-01-16 06:00:00,5254.0,2851.553599410139,2018-01-16 05:00:00,2402.446400589861
base_02,sarimax,2018-01-16 06:00:00,2018-01-16 07:00:00,5568.0,5247.013072165392,2018-01-16 06:00:00,320.98692783460774
base_02,sarimax,2018-01-16 07:00:00,2018-01-16 08:00:00,5066.0,5510.511929889377,2018-01-16 07:00:00,-444.5119298893769
base_02,sarimax,2018-01-16 08:00:00,2018-01-16 09:00:00,5045.0,4861.281898322478,2018-01-16 08:00:00,183.7181016775221
base_02,sarimax,2018-01-16 09:00:00,2018-01-16 10:00:00,4302.0,4801.275755494746,2018-01-16 09:00:00,-499.2757554947457
base_02,sarimax,2018-01-16 10:00:00,2018-01-16 11:00:00,4332.0,4268.647687907228,2018-01-16 10:00:00,63.35231209277208
base_02,sarimax,2018-01-16 11:00:00,2018-01-16 12:00:00,4602.0,4399.567031490005,2018-01-16 11:00:00,202.43296850999468
base_02,sarimax,2018-01-16 12:00:00,2018-01-16 13:00:00,4608.0,4615.962604595341,2018-01-16 12:00:00,-7.962604595340963
base_02,sarimax,2018-01-16 13:00:00,2018-01-16 14:00:00,4625.0,4703.178651001237,2018-01-16 13:00:00,-78.17865100123709
base_02,sarimax,2018-01-16 14:00:00,2018-01-16 15:00:00,5424.0,4634.550608676938,2018-01-16 14:00:00,789.4493913230617
base_02,sarimax,2018-01-16 15:00:00,2018-01-16 16:00:00,6186.0,5408.30454551349,2018-01-16 15:00:00,777.6954544865102
base_02,sarimax,2018-01-16 16:00:00,2018-01-16 17:00:00,5809.0,6190.831397629821,2018-01-16 16:00:00,-381.83139762982137
base_02,sarimax,2018-01-16 17:00:00,2018-01-16 18:00:00,4066.0,5798.354727601311,2018-01-16 17:00:00,-1732.3547276013114
base_02,sarimax,2018-01-16 18:00:00,2018-01-16 19:00:00,2924.0,3961.439503539257,2018-01-16 18:00:00,-1037.4395035392572
base_02,sarimax,2018-01-16 19:00:00,2018-01-16 20:00:00,2574.0,2824.0557766579886,2018-01-16 19:00:00,-250.05577665798864
base_02,sarimax,2018-01-16 20:00:00,2018-01-16 21:00:00,2330.0,2605.9932250164115,2018-01-16 20:00:00,-275.99322501641154
base_02,sarimax,2018-01-16 21:00:00,2018-01-16 22:00:00,1522.0,2499.91344791011,2018-01-16 21:00:00,-977.9134479101099
base_02,sarimax,2018-01-16 22:00:00,2018-01-16 23:00:00,977.0,1632.818750171804,2018-01-16 22:00:00,-655.8187501718039
base_02,sarimax,2018-01-16 23:00:00,2018-01-17 00:00:00,491.0,999.9713621202063,2018-01-16 23:00:00,-508.9713621202063
base_02,sarimax,2018-01-17 00:00:00,2018-01-17 01:00:00,303.0,513.2451908137803,2018-01-17 00:00:00,-210.24519081378025
base_02,sarimax,2018-01-17 01:00:00,2018-01-17 02:00:00,245.0,380.2321301213874,2018-01-17 01:00:00,-135.2321301213874
base_02,sarimax,2018-01-17 02:00:00,2018-01-17 03:00:00,346.0,300.2014519541936,2018-01-17 02:00:00,45.7985480458064
base_02,sarimax,2018-01-17 03:00:00,2018-01-17 04:00:00,882.0,395.7897507670722,2018-01-17 03:00:00,486.2102492329278
base_02,sarimax,2018-01-17 04:00:00,2018-01-17 05:00:00,2856.0,906.1117639374188,2018-01-17 04:00:00,1949.8882360625812
base_02,sarimax,2018-01-17 05:00:00,2018-01-17 06:00:00,5351.0,2868.908746206409,2018-01-17 05:00:00,2482.091253793591
base_02,sarimax,2018-01-17 06:00:00,2018-01-17 07:00:00,5684.0,5352.168511198723,2018-01-17 06:00:00,331.8314888012774
base_02,sarimax,2018-01-17 07:00:00,2018-01-17 08:00:00,5345.0,5642.895242931656,2018-01-17 07:00:00,-297.89524293165596
base_02,sarimax,2018-01-17 08:00:00,2018-01-17 09:00:00,4847.0,5152.6067153504855,2018-01-17 08:00:00,-305.6067153504855
base_02,sarimax,2018-01-17 09:00:00,2018-01-17 10:00:00,4412.0,4620.609913544395,2018-01-17 09:00:00,-208.60991354439466
base_02,sarimax,2018-01-17 10:00:00,2018-01-17 11:00:00,4497.0,4422.763147945313,2018-01-17 10:00:00,74.236852054687
base_02,sarimax,2018-01-17 11:00:00,2018-01-17 12:00:00,4653.0,4573.01682554099,2018-01-17 11:00:00,79.98317445901012
base_02,sarimax,2018-01-17 12:00:00,2018-01-17 13:00:00,4917.0,4747.75545360345,2018-01-17 12:00:00,169.2445463965496
base_02,sarimax,2018-01-17 13:00:00,2018-01-17 14:00:00,5147.0,4993.515731523416,2018-01-17 13:00:00,153.48426847658357
base_02,sarimax,2018-01-17 14:00:00,2018-01-17 15:00:00,3271.0,5166.648038391409,2018-01-17 14:00:00,-1895.6480383914086
base_02,sarimax,2018-01-17 15:00:00,2018-01-17 16:00:00,5287.0,3292.022336932231,2018-01-17 15:00:00,1994.9776630677688
base_02,sarimax,2018-01-17 16:00:00,2018-01-17 17:00:00,5676.0,5279.390469082284,2018-01-17 16:00:00,396.60953091771626
base_02,sarimax,2018-01-17 17:00:00,2018-01-17 18:00:00,4207.0,5644.666436223823,2018-01-17 17:00:00,-1437.6664362238234
base_02,sarimax,2018-01-17 18:00:00,2018-01-17 19:00:00,3080.0,4402.199762243597,2018-01-17 18:00:00,-1322.1997622435974
base_02,sarimax,2018-01-17 19:00:00,2018-01-17 20:00:00,2777.0,2877.824543834575,2018-01-17 19:00:00,-100.8245438345748
base_02,sarimax,2018-01-17 20:00:00,2018-01-17 21:00:00,2278.0,2736.2204477792247,2018-01-17 20:00:00,-458.22044777922474
base_02,sarimax,2018-01-17 21:00:00,2018-01-17 22:00:00,1706.0,2432.06936754947,2018-01-17 21:00:00,-726.0693675494699
base_02,sarimax,2018-01-17 22:00:00,2018-01-17 23:00:00,2597.0,1816.711325199407,2018-01-17 22:00:00,780.2886748005931
base_02,sarimax,2018-01-17 23:00:00,2018-01-18 00:00:00,756.0,2618.2910705933423,2018-01-17 23:00:00,-1862.2910705933423
base_02,sarimax,2018-01-18 00:00:00,2018-01-18 01:00:00,352.0,802.5324484283612,2018-01-18 00:00:00,-450.53244842836125
base_02,sarimax,2018-01-18 01:00:00,2018-01-18 04:00:00,883.0,391.51278402710795,2018-01-18 01:00:00,491.48721597289205
base_02,sarimax,2018-01-18 04:00:00,2018-01-18 05:00:00,2952.0,783.8078679159614,2018-01-18 04:00:00,2168.1921320840383
base_02,sarimax,2018-01-18 05:00:00,2018-01-18 06:00:00,5369.0,3150.4246042646496,2018-01-18 05:00:00,2218.5753957353504
base_02,sarimax,2018-01-18 06:00:00,2018-01-18 07:00:00,5848.0,5416.8345299625225,2018-01-18 06:00:00,431.16547003747746
base_02,sarimax,2018-01-18 07:00:00,2018-01-18 08:00:00,5751.0,5781.021159228186,2018-01-18 07:00:00,-30.021159228185752
base_02,sarimax,2018-01-18 08:00:00,2018-01-18 09:00:00,5143.0,5529.7520410882,2018-01-18 08:00:00,-386.7520410881998
base_02,sarimax,2018-01-18 09:00:00,2018-01-18 10:00:00,4479.0,4897.050257872705,2018-01-18 09:00:00,-418.0502578727046
base_02,sarimax,2018-01-18 10:00:00,2018-01-18 11:00:00,4706.0,4469.662799531032,2018-01-18 10:00:00,236.33720046896815
base_02,sarimax,2018-01-18 11:00:00,2018-01-18 12:00:00,4872.0,4772.6869760477975,2018-01-18 11:00:00,99.31302395220246
base_02,sarimax,2018-01-18 12:00:00,2018-01-18 13:00:00,4878.0,4972.7830546983,2018-01-18 12:00:00,-94.78305469829957
base_02,sarimax,2018-01-18 13:00:00,2018-01-18 14:00:00,5056.0,4971.055111919849,2018-01-18 13:00:00,84.94488808015103
base_02,sarimax,2018-01-18 14:00:00,2018-01-18 15:00:00,5834.0,5059.741419729501,2018-01-18 14:00:00,774.2585802704989
base_02,sarimax,2018-01-18 15:00:00,2018-01-18 16:00:00,6527.0,5835.785178211,2018-01-18 15:00:00,691.2148217889999
base_02,sarimax,2018-01-18 16:00:00,2018-01-18 17:00:00,6039.0,6524.134491438934,2018-01-18 16:00:00,-485.13449143893376
base_02,sarimax,2018-01-18 17:00:00,2018-01-18 18:00:00,4502.0,5996.677447847845,2018-01-18 17:00:00,-1494.6774478478446
base_02,sarimax,2018-01-18 18:00:00,2018-01-18 19:00:00,3289.0,4399.561709401225,2018-01-18 18:00:00,-1110.561709401225
base_02,sarimax,2018-01-18 19:00:00,2018-01-18 20:00:00,3096.0,3190.3440119637394,2018-01-18 19:00:00,-94.34401196373938
base_02,sarimax,2018-01-18 20:00:00,2018-01-18 21:00:00,2753.0,3124.863821889363,2018-01-18 20:00:00,-371.86382188936295
base_02,sarimax,2018-01-18 21:00:00,2018-01-18 22:00:00,1797.0,2905.530168397236,2018-01-18 21:00:00,-1108.5301683972361
base_02,sarimax,2018-01-18 22:00:00,2018-01-18 23:00:00,1188.0,1918.2673113156372,2018-01-18 22:00:00,-730.2673113156372
base_02,sarimax,2018-01-18 23:00:00,2018-01-19 00:00:00,589.0,1196.844465230815,2018-01-18 23:00:00,-607.8444652308151
base_02,sarimax,2018-01-19 00:00:00,2018-01-19 01:00:00,333.0,616.9177029992444,2018-01-19 00:00:00,-283.9177029992444
base_02,sarimax,2018-01-19 01:00:00,2018-01-19 02:00:00,283.0,441.56452807645474,2018-01-19 01:00:00,-158.56452807645474
base_02,sarimax,2018-01-19 02:00:00,2018-01-19 03:00:00,373.0,338.77053253243855,2018-01-19 02:00:00,34.22946746756145
base_02,sarimax,2018-01-19 03:00:00,2018-01-19 04:00:00,886.0,434.5854985494575,2018-01-19 03:00:00,451.4145014505425
base_02,sarimax,2018-01-19 04:00:00,2018-01-19 05:00:00,2795.0,908.9066606684738,2018-01-19 04:00:00,1886.0933393315263
base_02,sarimax,2018-01-19 05:00:00,2018-01-19 06:00:00,5340.0,2806.221443260313,2018-01-19 05:00:00,2533.778556739687
base_02,sarimax,2018-01-19 06:00:00,2018-01-19 07:00:00,6309.0,5327.311468049194,2018-01-19 06:00:00,981.6885319508056
base_02,sarimax,2018-01-19 07:00:00,2018-01-19 08:00:00,5673.0,6261.241269480588,2018-01-19 07:00:00,-588.241269480588
base_02,sarimax,2018-01-19 08:00:00,2018-01-19 09:00:00,4948.0,5478.102076859793,2018-01-19 08:00:00,-530.1020768597928
base_02,sarimax,2018-01-19 09:00:00,2018-01-19 10:00:00,4463.0,4693.92586082091,2018-01-19 09:00:00,-230.9258608209102
base_02,sarimax,2018-01-19 10:00:00,2018-01-19 11:00:00,4936.0,4378.976386105884,2018-01-19 10:00:00,557.0236138941164
base_02,sarimax,2018-01-19 11:00:00,2018-01-19 12:00:00,5218.0,5024.654944255114,2018-01-19 11:00:00,193.34505574488594
base_02,sarimax,2018-01-19 12:00:00,2018-01-19 13:00:00,5101.0,5310.886951395674,2018-01-19 12:00:00,-209.88695139567426
base_02,sarimax,2018-01-19 13:00:00,2018-01-19 14:00:00,5302.0,5176.41817923334,2018-01-19 13:00:00,125.5818207666598
base_02,sarimax,2018-01-19 14:00:00,2018-01-19 15:00:00,5810.0,5280.93966370131,2018-01-19 14:00:00,529.0603362986903
base_02,sarimax,2018-01-19 15:00:00,2018-01-19 16:00:00,6305.0,5790.1280725736015,2018-01-19 15:00:00,514.8719274263985
base_02,sarimax,2018-01-19 16:00:00,2018-01-19 17:00:00,5657.0,6325.75237838641,2018-01-19 16:00:00,-668.7523783864099
base_02,sarimax,2018-01-19 17:00:00,2018-01-19 18:00:00,4503.0,5629.530703728669,2018-01-19 17:00:00,-1126.5307037286693
base_02,sarimax,2018-01-19 18:00:00,2018-01-19 19:00:00,3516.0,4427.016357403096,2018-01-19 18:00:00,-911.0163574030958
base_02,sarimax,2018-01-19 19:00:00,2018-01-19 20:00:00,3094.0,3440.716580341317,2018-01-19 19:00:00,-346.7165803413168
base_02,sarimax,2018-01-19 20:00:00,2018-01-19 21:00:00,3370.0,3162.3332684673137,2018-01-19 20:00:00,207.6667315326863
base_02,sarimax,2018-01-19 21:00:00,2018-01-19 22:00:00,2819.0,3489.422222618173,2018-01-19 21:00:00,-670.4222226181728
base_02,sarimax,2018-01-19 22:00:00,2018-01-19 23:00:00,1892.0,2925.154925547223,2018-01-19 22:00:00,-1033.1549255472228
base_02,sarimax,2018-01-19 23:00:00,2018-01-20 00:00:00,1179.0,1916.3473376923341,2018-01-19 23:00:00,-737.3473376923341
base_02,sarimax,2018-01-20 00:00:00,2018-01-20 01:00:00,759.0,1131.686296135895,2018-01-20 00:00:00,-372.68629613589496
base_02,sarimax,2018-01-20 01:00:00,2018-01-20 02:00:00,528.0,811.2312540049405,2018-01-20 01:00:00,-283.2312540049405
base_02,sarimax,2018-01-20 02:00:00,2018-01-20 03:00:00,366.0,590.7876624310911,2018-01-20 02:00:00,-224.78766243109112
base_02,sarimax,2018-01-20 03:00:00,2018-01-20 04:00:00,399.0,403.53133144421975,2018-01-20 03:00:00,-4.531331444219745
base_02,sarimax,2018-01-20 04:00:00,2018-01-20 05:00:00,703.0,414.3759411395635,2018-01-20 04:00:00,288.6240588604365
base_02,sarimax,2018-01-20 05:00:00,2018-01-20 06:00:00,1307.0,716.7365958891696,2018-01-20 05:00:00,590.2634041108304
base_02,sarimax,2018-01-20 06:00:00,2018-01-20 07:00:00,1888.0,1312.922109069998,2018-01-20 06:00:00,575.077890930002
base_02,sarimax,2018-01-20 07:00:00,2018-01-20 08:00:00,2838.0,1897.6835067308598,2018-01-20 07:00:00,940.3164932691402
base_02,sarimax,2018-01-20 08:00:00,2018-01-20 09:00:00,3381.0,2804.6067191411653,2018-01-20 08:00:00,576.3932808588347
base_02,sarimax,2018-01-20 09:00:00,2018-01-20 10:00:00,4033.0,3338.7707831879634,2018-01-20 09:00:00,694.2292168120366
base_02,sarimax,2018-01-20 10:00:00,2018-01-20 11:00:00,4425.0,3997.935623677834,2018-01-20 10:00:00,427.064376322166
base_02,sarimax,2018-01-20 11:00:00,2018-01-20 12:00:00,4886.0,4370.267985130845,2018-01-20 11:00:00,515.7320148691551
base_02,sarimax,2018-01-20 12:00:00,2018-01-20 13:00:00,4693.0,4861.142074973442,2018-01-20 12:00:00,-168.1420749734416
base_02,sarimax,2018-01-20 13:00:00,2018-01-20 14:00:00,4986.0,4643.952467052429,2018-01-20 13:00:00,342.0475329475712
base_02,sarimax,2018-01-20 14:00:00,2018-01-20 15:00:00,4811.0,4958.17175970267,2018-01-20 14:00:00,-147.17175970267
base_02,sarimax,2018-01-20 15:00:00,2018-01-20 16:00:00,4757.0,4785.572692564345,2018-01-20 15:00:00,-28.572692564344834
base_02,sarimax,2018-01-20 16:00:00,2018-01-20 17:00:00,4754.0,4782.8313556340645,2018-01-20 16:00:00,-28.831355634064494
base_02,sarimax,2018-01-20 17:00:00,2018-01-20 18:00:00,4530.0,4722.6430954982125,2018-01-20 17:00:00,-192.64309549821246
base_02,sarimax,2018-01-20 18:00:00,2018-01-20 19:00:00,3900.0,4527.166853682403,2018-01-20 18:00:00,-627.1668536824027
base_02,sarimax,2018-01-20 19:00:00,2018-01-20 20:00:00,3497.0,3890.615109336726,2018-01-20 19:00:00,-393.61510933672616
base_02,sarimax,2018-01-20 20:00:00,2018-01-20 21:00:00,3742.0,3485.5511695245373,2018-01-20 20:00:00,256.4488304754627
base_02,sarimax,2018-01-20 21:00:00,2018-01-20 22:00:00,3608.0,3756.083328705279,2018-01-20 21:00:00,-148.0833287052792
base_02,sarimax,2018-01-20 22:00:00,2018-01-20 23:00:00,3427.0,3662.322290776312,2018-01-20 22:00:00,-235.322290776312
base_02,sarimax,2018-01-20 23:00:00,2018-01-21 00:00:00,1830.0,3471.5321444861406,2018-01-20 23:00:00,-1641.5321444861406
base_02,sarimax,2018-01-21 00:00:00,2018-01-21 01:00:00,1254.0,1808.603432587803,2018-01-21 00:00:00,-554.6034325878029
base_02,sarimax,2018-01-21 01:00:00,2018-01-21 02:00:00,788.0,1260.6629128173295,2018-01-21 01:00:00,-472.66291281732947
base_02,sarimax,2018-01-21 02:00:00,2018-01-21 03:00:00,367.0,799.3365482995589,2018-01-21 02:00:00,-432.3365482995589
base_02,sarimax,2018-01-21 03:00:00,2018-01-21 04:00:00,433.0,533.8359562503462,2018-01-21 03:00:00,-100.83595625034616
base_02,sarimax,2018-01-21 04:00:00,2018-01-21 05:00:00,582.0,491.9642282886646,2018-01-21 04:00:00,90.03577171133543
base_02,sarimax,2018-01-21 05:00:00,2018-01-21 06:00:00,1070.0,619.4559317064807,2018-01-21 05:00:00,450.54406829351933
base_02,sarimax,2018-01-21 06:00:00,2018-01-21 07:00:00,1343.0,1106.6865567153532,2018-01-21 06:00:00,236.31344328464684
base_02,sarimax,2018-01-21 07:00:00,2018-01-21 08:00:00,2056.0,1340.8608253048883,2018-01-21 07:00:00,715.1391746951117
base_02,sarimax,2018-01-21 08:00:00,2018-01-21 09:00:00,2804.0,2048.846454402839,2018-01-21 08:00:00,755.1535455971612
base_02,sarimax,2018-01-21 09:00:00,2018-01-21 10:00:00,3355.0,2752.1865052941926,2018-01-21 09:00:00,602.8134947058074
base_02,sarimax,2018-01-21 10:00:00,2018-01-21 11:00:00,3686.0,3337.5461377223637,2018-01-21 10:00:00,348.4538622776363
base_02,sarimax,2018-01-21 11:00:00,2018-01-21 12:00:00,4247.0,3628.751461161844,2018-01-21 11:00:00,618.248538838156
base_02,sarimax,2018-01-21 12:00:00,2018-01-21 13:00:00,4403.0,4179.310219723456,2018-01-21 12:00:00,223.6897802765443
base_02,sarimax,2018-01-21 13:00:00,2018-01-21 14:00:00,4464.0,4354.438227654388,2018-01-21 13:00:00,109.56177234561164
base_02,sarimax,2018-01-21 14:00:00,2018-01-21 15:00:00,4261.0,4435.238692254855,2018-01-21 14:00:00,-174.23869225485487
base_02,sarimax,2018-01-21 15:00:00,2018-01-21 16:00:00,4236.0,4202.714790626413,2018-01-21 15:00:00,33.28520937358735
base_02,sarimax,2018-01-21 16:00:00,2018-01-21 17:00:00,3791.0,4218.213600097154,2018-01-21 16:00:00,-427.2136000971541
base_02,sarimax,2018-01-21 17:00:00,2018-01-21 18:00:00,2398.0,3784.610917783511,2018-01-21 17:00:00,-1386.610917783511
base_02,sarimax,2018-01-21 18:00:00,2018-01-21 19:00:00,1992.0,2411.782827329218,2018-01-21 18:00:00,-419.782827329218
base_02,sarimax,2018-01-21 19:00:00,2018-01-21 20:00:00,2566.0,1994.0810650697724,2018-01-21 19:00:00,571.9189349302276
base_02,sarimax,2018-01-21 20:00:00,2018-01-21 21:00:00,2433.0,2609.699798675899,2018-01-21 20:00:00,-176.69979867589882
base_02,sarimax,2018-01-21 21:00:00,2018-01-21 22:00:00,1481.0,2573.213661358167,2018-01-21 21:00:00,-1092.213661358167
base_02,sarimax,2018-01-21 22:00:00,2018-01-21 23:00:00,848.0,1517.7478555505559,2018-01-21 22:00:00,-669.7478555505559
base_02,sarimax,2018-01-21 23:00:00,2018-01-22 00:00:00,486.0,789.5679834837767,2018-01-21 23:00:00,-303.56798348377674
base_02,sarimax,2018-01-22 00:00:00,2018-01-22 01:00:00,337.0,495.3760941981053,2018-01-22 00:00:00,-158.3760941981053
base_02,sarimax,2018-01-22 01:00:00,2018-01-22 02:00:00,254.0,428.7477534258288,2018-01-22 01:00:00,-174.74775342582882
base_02,sarimax,2018-01-22 02:00:00,2018-01-22 03:00:00,325.0,310.3638177869265,2018-01-22 02:00:00,14.636182213073482
base_02,sarimax,2018-01-22 03:00:00,2018-01-22 04:00:00,897.0,356.4747014794038,2018-01-22 03:00:00,540.5252985205962
base_02,sarimax,2018-01-22 04:00:00,2018-01-22 05:00:00,2797.0,910.4134921846012,2018-01-22 04:00:00,1886.5865078153988
base_02,sarimax,2018-01-22 05:00:00,2018-01-22 06:00:00,5109.0,2800.15192909625,2018-01-22 05:00:00,2308.84807090375
base_02,sarimax,2018-01-22 06:00:00,2018-01-22 07:00:00,5250.0,5099.652618947629,2018-01-22 06:00:00,150.34738105237102
base_02,sarimax,2018-01-22 07:00:00,2018-01-22 08:00:00,4429.0,5186.444507204828,2018-01-22 07:00:00,-757.4445072048284
base_02,sarimax,2018-01-22 08:00:00,2018-01-22 09:00:00,3794.0,4228.929720121487,2018-01-22 08:00:00,-434.92972012148675
base_02,sarimax,2018-01-22 09:00:00,2018-01-22 10:00:00,3351.0,3553.6765308801537,2018-01-22 09:00:00,-202.67653088015368
base_02,sarimax,2018-01-22 10:00:00,2018-01-22 11:00:00,3240.0,3335.1622628272376,2018-01-22 10:00:00,-95.16226282723756
base_02,sarimax,2018-01-22 11:00:00,2018-01-22 12:00:00,3143.0,3320.4465508617855,2018-01-22 11:00:00,-177.44655086178545
base_02,sarimax,2018-01-22 12:00:00,2018-01-22 13:00:00,3066.0,3202.791905206475,2018-01-22 12:00:00,-136.7919052064749
base_02,sarimax,2018-01-22 13:00:00,2018-01-22 14:00:00,2846.0,3110.6658069219716,2018-01-22 13:00:00,-264.6658069219716
base_02,sarimax,2018-01-22 14:00:00,2018-01-22 15:00:00,2132.0,2854.4853166878775,2018-01-22 14:00:00,-722.4853166878775
base_02,sarimax,2018-01-22 15:00:00,2018-01-22 16:00:00,1488.0,2137.7734382296126,2018-01-22 15:00:00,-649.7734382296126
base_02,sarimax,2018-01-22 16:00:00,2018-01-22 17:00:00,1379.0,1482.768664976304,2018-01-22 16:00:00,-103.76866497630408
base_02,sarimax,2018-01-22 17:00:00,2018-01-22 18:00:00,1086.0,1398.720624707969,2018-01-22 17:00:00,-312.7206247079689
base_02,sarimax,2018-01-22 18:00:00,2018-01-22 19:00:00,1291.0,1148.853324672192,2018-01-22 18:00:00,142.146675327808
base_02,sarimax,2018-01-22 19:00:00,2018-01-22 20:00:00,889.0,1358.8706959997157,2018-01-22 19:00:00,-469.87069599971574
base_02,sarimax,2018-01-22 20:00:00,2018-01-22 21:00:00,1246.0,898.8110907420917,2018-01-22 20:00:00,347.18890925790834
base_02,sarimax,2018-01-22 21:00:00,2018-01-22 22:00:00,1631.0,1274.4112244091534,2018-01-22 21:00:00,356.5887755908466
base_02,sarimax,2018-01-22 22:00:00,2018-01-22 23:00:00,570.0,1610.2999709017004,2018-01-22 22:00:00,-1040.2999709017004
base_02,sarimax,2018-01-22 23:00:00,2018-01-23 00:00:00,446.0,607.1871103859937,2018-01-22 23:00:00,-161.18711038599372
base_02,sarimax,2018-01-23 00:00:00,2018-01-23 01:00:00,245.0,402.55890187419243,2018-01-23 00:00:00,-157.55890187419243
base_02,sarimax,2018-01-23 01:00:00,2018-01-23 02:00:00,211.0,197.82350620888198,2018-01-23 01:00:00,13.17649379111802
base_02,sarimax,2018-01-23 02:00:00,2018-01-23 03:00:00,282.0,317.628565225218,2018-01-23 02:00:00,-35.62856522521798
base_02,sarimax,2018-01-23 03:00:00,2018-01-23 04:00:00,705.0,262.8014704195024,2018-01-23 03:00:00,442.1985295804976
base_02,sarimax,2018-01-23 04:00:00,2018-01-23 05:00:00,2008.0,704.2520927156547,2018-01-23 04:00:00,1303.7479072843453
base_02,sarimax,2018-01-23 05:00:00,2018-01-23 06:00:00,3674.0,1997.066971086798,2018-01-23 05:00:00,1676.933028913202
base_02,sarimax,2018-01-23 06:00:00,2018-01-23 07:00:00,3788.0,3658.5722219666536,2018-01-23 06:00:00,129.42777803334639
base_02,sarimax,2018-01-23 07:00:00,2018-01-23 08:00:00,3196.0,3737.3207393196794,2018-01-23 07:00:00,-541.3207393196794
base_02,sarimax,2018-01-23 08:00:00,2018-01-23 09:00:00,3337.0,3059.2904939850605,2018-01-23 08:00:00,277.7095060149395
base_02,sarimax,2018-01-23 09:00:00,2018-01-23 10:00:00,3237.0,3163.2771970413773,2018-01-23 09:00:00,73.72280295862265
base_02,sarimax,2018-01-23 10:00:00,2018-01-23 11:00:00,3299.0,3224.572381316151,2018-01-23 10:00:00,74.42761868384878
base_02,sarimax,2018-01-23 11:00:00,2018-01-23 12:00:00,3506.0,3370.3230306630217,2018-01-23 11:00:00,135.67696933697835
base_02,sarimax,2018-01-23 12:00:00,2018-01-23 13:00:00,3670.0,3502.3597982418687,2018-01-23 12:00:00,167.6402017581313
base_02,sarimax,2018-01-23 13:00:00,2018-01-23 14:00:00,4001.0,3703.0775991161704,2018-01-23 13:00:00,297.9224008838296
base_02,sarimax,2018-01-23 14:00:00,2018-01-23 15:00:00,4287.0,4015.3657289387384,2018-01-23 14:00:00,271.63427106126164
base_02,sarimax,2018-01-23 15:00:00,2018-01-23 16:00:00,5068.0,4282.409160362584,2018-01-23 15:00:00,785.5908396374161
base_02,sarimax,2018-01-23 16:00:00,2018-01-23 17:00:00,4650.0,5064.476322951716,2018-01-23 16:00:00,-414.4763229517157
base_02,sarimax,2018-01-23 17:00:00,2018-01-23 18:00:00,3467.0,4599.120778896044,2018-01-23 17:00:00,-1132.1207788960437
base_02,sarimax,2018-01-23 18:00:00,2018-01-23 19:00:00,2652.0,3411.632294192765,2018-01-23 18:00:00,-759.6322941927651
base_02,sarimax,2018-01-23 19:00:00,2018-01-23 20:00:00,2279.0,2537.2327993751687,2018-01-23 19:00:00,-258.2327993751687
base_02,sarimax,2018-01-23 20:00:00,2018-01-23 21:00:00,2175.0,2304.031164829106,2018-01-23 20:00:00,-129.03116482910582
base_02,sarimax,2018-01-23 21:00:00,2018-01-23 22:00:00,1412.0,2284.311192159057,2018-01-23 21:00:00,-872.3111921590571
base_02,sarimax,2018-01-23 22:00:00,2018-01-23 23:00:00,979.0,1498.9961569550755,2018-01-23 22:00:00,-519.9961569550755
base_02,sarimax,2018-01-23 23:00:00,2018-01-24 00:00:00,512.0,1005.3739061485359,2018-01-23 23:00:00,-493.37390614853587
base_02,sarimax,2018-01-24 00:00:00,2018-01-24 01:00:00,350.0,512.4369626363947,2018-01-24 00:00:00,-162.4369626363947
base_02,sarimax,2018-01-24 01:00:00,2018-01-24 02:00:00,235.0,407.9617814043039,2018-01-24 01:00:00,-172.9617814043039
base_02,sarimax,2018-01-24 02:00:00,2018-01-24 03:00:00,373.0,257.7457886409676,2018-01-24 02:00:00,115.25421135903241
base_02,sarimax,2018-01-24 03:00:00,2018-01-24 04:00:00,893.0,398.2812354796794,2018-01-24 03:00:00,494.7187645203206
base_02,sarimax,2018-01-24 04:00:00,2018-01-24 05:00:00,2915.0,902.1401933371249,2018-01-24 04:00:00,2012.8598066628751
base_02,sarimax,2018-01-24 05:00:00,2018-01-24 06:00:00,5445.0,2931.1191489735784,2018-01-24 05:00:00,2513.8808510264216
base_02,sarimax,2018-01-24 06:00:00,2018-01-24 07:00:00,5866.0,5436.367980597998,2018-01-24 06:00:00,429.6320194020018
base_02,sarimax,2018-01-24 07:00:00,2018-01-24 08:00:00,5625.0,5847.844050378439,2018-01-24 07:00:00,-222.84405037843862
base_02,sarimax,2018-01-24 08:00:00,2018-01-24 09:00:00,5153.0,5437.5981947308155,2018-01-24 08:00:00,-284.5981947308155
base_02,sarimax,2018-01-24 09:00:00,2018-01-24 10:00:00,4359.0,4911.102633290753,2018-01-24 09:00:00,-552.1026332907531
base_02,sarimax,2018-01-24 10:00:00,2018-01-24 11:00:00,4510.0,4333.163763861651,2018-01-24 10:00:00,176.8362361383488
base_02,sarimax,2018-01-24 11:00:00,2018-01-24 12:00:00,4704.0,4567.054949429445,2018-01-24 11:00:00,136.9450505705554
base_02,sarimax,2018-01-24 12:00:00,2018-01-24 13:00:00,4672.0,4771.860597986498,2018-01-24 12:00:00,-99.86059798649785
base_02,sarimax,2018-01-24 13:00:00,2018-01-24 14:00:00,4878.0,4766.704221272928,2018-01-24 13:00:00,111.29577872707159
base_02,sarimax,2018-01-24 14:00:00,2018-01-24 15:00:00,5570.0,4870.019462611881,2018-01-24 14:00:00,699.980537388119
base_02,sarimax,2018-01-24 15:00:00,2018-01-24 16:00:00,6395.0,5559.865266041303,2018-01-24 15:00:00,835.1347339586973
base_02,sarimax,2018-01-24 16:00:00,2018-01-24 17:00:00,5836.0,6407.930120669817,2018-01-24 16:00:00,-571.9301206698174
base_02,sarimax,2018-01-24 17:00:00,2018-01-24 18:00:00,4270.0,5816.06879723041,2018-01-24 17:00:00,-1546.0687972304104
base_02,sarimax,2018-01-24 18:00:00,2018-01-24 19:00:00,3104.0,4197.19888756634,2018-01-24 18:00:00,-1093.19888756634
base_02,sarimax,2018-01-24 19:00:00,2018-01-24 20:00:00,2720.0,3017.7225509600426,2018-01-24 19:00:00,-297.72255096004255
base_02,sarimax,2018-01-24 20:00:00,2018-01-24 21:00:00,2567.0,2771.6505988644417,2018-01-24 20:00:00,-204.6505988644417
base_02,sarimax,2018-01-24 21:00:00,2018-01-24 22:00:00,2254.0,2723.7269394994164,2018-01-24 21:00:00,-469.7269394994164
base_02,sarimax,2018-01-24 22:00:00,2018-01-24 23:00:00,1074.0,2372.526059429581,2018-01-24 22:00:00,-1298.526059429581
base_02,sarimax,2018-01-24 23:00:00,2018-01-25 00:00:00,578.0,1111.668457967111,2018-01-24 23:00:00,-533.668457967111
base_02,sarimax,2018-01-25 00:00:00,2018-01-25 01:00:00,345.0,591.8082488585613,2018-01-25 00:00:00,-246.80824885856134
base_02,sarimax,2018-01-25 01:00:00,2018-01-25 02:00:00,265.0,377.9249815779614,2018-01-25 01:00:00,-112.92498157796138
base_02,sarimax,2018-01-25 02:00:00,2018-01-25 03:00:00,398.0,386.3218014880549,2018-01-25 02:00:00,11.678198511945084
base_02,sarimax,2018-01-25 03:00:00,2018-01-25 04:00:00,929.0,448.39630028613016,2018-01-25 03:00:00,480.60369971386984
base_02,sarimax,2018-01-25 04:00:00,2018-01-25 05:00:00,2932.0,956.637014483423,2018-01-25 04:00:00,1975.362985516577
base_02,sarimax,2018-01-25 05:00:00,2018-01-25 06:00:00,5498.0,2938.9447717193248,2018-01-25 05:00:00,2559.0552282806752
base_02,sarimax,2018-01-25 06:00:00,2018-01-25 07:00:00,5702.0,5481.885809642815,2018-01-25 06:00:00,220.11419035718518
base_02,sarimax,2018-01-25 07:00:00,2018-01-25 08:00:00,5616.0,5647.905935018509,2018-01-25 07:00:00,-31.9059350185089
base_02,sarimax,2018-01-25 08:00:00,2018-01-25 09:00:00,5177.0,5413.700017520489,2018-01-25 08:00:00,-236.70001752048938
base_02,sarimax,2018-01-25 09:00:00,2018-01-25 10:00:00,4525.0,4919.247644355307,2018-01-25 09:00:00,-394.2476443553069
base_02,sarimax,2018-01-25 10:00:00,2018-01-25 11:00:00,4529.0,4505.08357563981,2018-01-25 10:00:00,23.91642436018992
base_02,sarimax,2018-01-25 11:00:00,2018-01-25 12:00:00,4646.0,4544.279103577396,2018-01-25 11:00:00,101.7208964226038
base_02,sarimax,2018-01-25 12:00:00,2018-01-25 13:00:00,4866.0,4694.71302774894,2018-01-25 12:00:00,171.28697225106043
base_02,sarimax,2018-01-25 13:00:00,2018-01-25 14:00:00,5152.0,4934.187977141659,2018-01-25 13:00:00,217.81202285834115
base_02,sarimax,2018-01-25 14:00:00,2018-01-25 15:00:00,5720.0,5150.368375276216,2018-01-25 14:00:00,569.6316247237837
base_02,sarimax,2018-01-25 15:00:00,2018-01-25 16:00:00,6669.0,5711.420044166804,2018-01-25 15:00:00,957.5799558331964
base_02,sarimax,2018-01-25 16:00:00,2018-01-25 17:00:00,5883.0,6646.966334112717,2018-01-25 16:00:00,-763.966334112717
base_02,sarimax,2018-01-25 17:00:00,2018-01-25 18:00:00,4449.0,5853.791988712611,2018-01-25 17:00:00,-1404.7919887126109
base_02,sarimax,2018-01-25 18:00:00,2018-01-25 19:00:00,3637.0,4391.148439358468,2018-01-25 18:00:00,-754.1484393584678
base_02,sarimax,2018-01-25 19:00:00,2018-01-25 20:00:00,3009.0,3540.319161861291,2018-01-25 19:00:00,-531.3191618612909
base_02,sarimax,2018-01-25 20:00:00,2018-01-25 21:00:00,2817.0,3093.1797973399675,2018-01-25 20:00:00,-276.17979733996754
base_02,sarimax,2018-01-25 21:00:00,2018-01-25 22:00:00,2047.0,2968.7652740610793,2018-01-25 21:00:00,-921.7652740610793
base_02,sarimax,2018-01-25 22:00:00,2018-01-25 23:00:00,1216.0,2136.680671869656,2018-01-25 22:00:00,-920.6806718696562
base_02,sarimax,2018-01-25 23:00:00,2018-01-26 00:00:00,893.0,1282.655840766062,2018-01-25 23:00:00,-389.65584076606206
base_02,sarimax,2018-01-26 00:00:00,2018-01-26 01:00:00,553.0,914.3140834513637,2018-01-26 00:00:00,-361.3140834513637
base_02,sarimax,2018-01-26 01:00:00,2018-01-26 02:00:00,421.0,634.7027288597595,2018-01-26 01:00:00,-213.70272885975953
base_02,sarimax,2018-01-26 02:00:00,2018-01-26 03:00:00,480.0,505.02692013693377,2018-01-26 02:00:00,-25.026920136933768
base_02,sarimax,2018-01-26 03:00:00,2018-01-26 04:00:00,986.0,522.7595747758551,2018-01-26 03:00:00,463.24042522414493
base_02,sarimax,2018-01-26 04:00:00,2018-01-26 05:00:00,2821.0,1035.9127895689355,2018-01-26 04:00:00,1785.0872104310645
base_02,sarimax,2018-01-26 05:00:00,2018-01-26 06:00:00,5179.0,2868.8332819262073,2018-01-26 05:00:00,2310.1667180737927
base_02,sarimax,2018-01-26 06:00:00,2018-01-26 07:00:00,6059.0,5171.50738750316,2018-01-26 06:00:00,887.4926124968397
base_02,sarimax,2018-01-26 07:00:00,2018-01-26 08:00:00,5953.0,6027.386509021461,2018-01-26 07:00:00,-74.38650902146128
base_02,sarimax,2018-01-26 08:00:00,2018-01-26 09:00:00,4939.0,5785.535873134143,2018-01-26 08:00:00,-846.535873134143
base_02,sarimax,2018-01-26 09:00:00,2018-01-26 10:00:00,4693.0,4722.338872496713,2018-01-26 09:00:00,-29.33887249671261
base_02,sarimax,2018-01-26 10:00:00,2018-01-26 11:00:00,5029.0,4621.141203477652,2018-01-26 10:00:00,407.8587965223478
base_02,sarimax,2018-01-26 11:00:00,2018-01-26 12:00:00,5401.0,5067.241143027192,2018-01-26 11:00:00,333.75885697280773
base_02,sarimax,2018-01-26 12:00:00,2018-01-26 13:00:00,5380.0,5519.07969517715,2018-01-26 12:00:00,-139.07969517714992
base_02,sarimax,2018-01-26 13:00:00,2018-01-26 14:00:00,5464.0,5412.523556539093,2018-01-26 13:00:00,51.47644346090692
base_02,sarimax,2018-01-26 14:00:00,2018-01-26 15:00:00,5810.0,5431.577560463089,2018-01-26 14:00:00,378.42243953691104
base_02,sarimax,2018-01-26 15:00:00,2018-01-26 16:00:00,6561.0,5766.81001975641,2018-01-26 15:00:00,794.1899802435901
base_02,sarimax,2018-01-26 16:00:00,2018-01-26 17:00:00,5829.0,6559.274212559285,2018-01-26 16:00:00,-730.2742125592849
base_02,sarimax,2018-01-26 17:00:00,2018-01-26 18:00:00,4811.0,5809.480285255969,2018-01-26 17:00:00,-998.4802852559687
base_02,sarimax,2018-01-26 18:00:00,2018-01-26 19:00:00,3638.0,4750.989909466289,2018-01-26 18:00:00,-1112.9899094662887
base_02,sarimax,2018-01-26 19:00:00,2018-01-26 20:00:00,3465.0,3541.6337165959158,2018-01-26 19:00:00,-76.63371659591576
base_02,sarimax,2018-01-26 20:00:00,2018-01-26 21:00:00,3215.0,3525.305013124729,2018-01-26 20:00:00,-310.30501312472916
base_02,sarimax,2018-01-26 21:00:00,2018-01-26 22:00:00,2637.0,3287.128673858923,2018-01-26 21:00:00,-650.1286738589229
base_02,sarimax,2018-01-26 22:00:00,2018-01-26 23:00:00,1841.0,2748.6823414170467,2018-01-26 22:00:00,-907.6823414170467
base_02,sarimax,2018-01-26 23:00:00,2018-01-27 00:00:00,1121.0,1858.036964857942,2018-01-26 23:00:00,-737.0369648579419
base_02,sarimax,2018-01-27 00:00:00,2018-01-27 01:00:00,672.0,1150.822493502537,2018-01-27 00:00:00,-478.8224935025371
base_02,sarimax,2018-01-27 01:00:00,2018-01-27 02:00:00,476.0,715.5114667577193,2018-01-27 01:00:00,-239.5114667577193
base_02,sarimax,2018-01-27 02:00:00,2018-01-27 03:00:00,373.0,536.2248714785038,2018-01-27 02:00:00,-163.22487147850381
base_02,sarimax,2018-01-27 03:00:00,2018-01-27 04:00:00,449.0,422.1333012517418,2018-01-27 03:00:00,26.866698748258216
base_02,sarimax,2018-01-27 04:00:00,2018-01-27 05:00:00,753.0,480.94706400053434,2018-01-27 04:00:00,272.05293599946566
base_02,sarimax,2018-01-27 05:00:00,2018-01-27 06:00:00,1378.0,760.7863058839491,2018-01-27 05:00:00,617.2136941160509
base_02,sarimax,2018-01-27 06:00:00,2018-01-27 07:00:00,2158.0,1375.4905342035956,2018-01-27 06:00:00,782.5094657964044
base_02,sarimax,2018-01-27 07:00:00,2018-01-27 08:00:00,2848.0,2129.937031094712,2018-01-27 07:00:00,718.062968905288
base_02,sarimax,2018-01-27 08:00:00,2018-01-27 09:00:00,3629.0,2810.188937344628,2018-01-27 08:00:00,818.8110626553721
base_02,sarimax,2018-01-27 09:00:00,2018-01-27 10:00:00,4325.0,3561.331648425213,2018-01-27 09:00:00,763.6683515747868
base_02,sarimax,2018-01-27 10:00:00,2018-01-27 11:00:00,4896.0,4262.263294611462,2018-01-27 10:00:00,633.7367053885382
base_02,sarimax,2018-01-27 11:00:00,2018-01-27 12:00:00,5344.0,4856.892028815427,2018-01-27 11:00:00,487.1079711845732
base_02,sarimax,2018-01-27 12:00:00,2018-01-27 13:00:00,5304.0,5283.096217077621,2018-01-27 12:00:00,20.903782922378923
base_02,sarimax,2018-01-27 13:00:00,2018-01-27 14:00:00,5132.0,5239.539853155809,2018-01-27 13:00:00,-107.5398531558094
base_02,sarimax,2018-01-27 14:00:00,2018-01-27 15:00:00,5407.0,5082.569586703518,2018-01-27 14:00:00,324.4304132964817
base_02,sarimax,2018-01-27 15:00:00,2018-01-27 16:00:00,5460.0,5362.819140127016,2018-01-27 15:00:00,97.180859872984
base_02,sarimax,2018-01-27 16:00:00,2018-01-27 17:00:00,5182.0,5471.013348482389,2018-01-27 16:00:00,-289.0133484823891
base_02,sarimax,2018-01-27 17:00:00,2018-01-27 18:00:00,5052.0,5184.855170183453,2018-01-27 17:00:00,-132.85517018345308
base_02,sarimax,2018-01-27 18:00:00,2018-01-27 19:00:00,4090.0,4997.463432784263,2018-01-27 18:00:00,-907.4634327842632
base_02,sarimax,2018-01-27 19:00:00,2018-01-27 20:00:00,3584.0,4063.112525422474,2018-01-27 19:00:00,-479.11252542247394
base_02,sarimax,2018-01-27 20:00:00,2018-01-27 21:00:00,3350.0,3590.94874904848,2018-01-27 20:00:00,-240.94874904847984
base_02,sarimax,2018-01-27 21:00:00,2018-01-27 22:00:00,3070.0,3342.6814776486817,2018-01-27 21:00:00,-272.6814776486817
base_02,sarimax,2018-01-27 22:00:00,2018-01-27 23:00:00,2033.0,3147.7356091602783,2018-01-27 22:00:00,-1114.7356091602783
base_02,sarimax,2018-01-27 23:00:00,2018-01-28 00:00:00,1260.0,2066.41706086238,2018-01-27 23:00:00,-806.4170608623799
base_02,sarimax,2018-01-28 00:00:00,2018-01-28 01:00:00,791.0,1285.238847737398,2018-01-28 00:00:00,-494.2388477373979
base_02,sarimax,2018-01-28 01:00:00,2018-01-28 02:00:00,653.0,818.7183942241627,2018-01-28 01:00:00,-165.7183942241627
base_02,sarimax,2018-01-28 02:00:00,2018-01-28 03:00:00,444.0,754.0888826002217,2018-01-28 02:00:00,-310.0888826002217
base_02,sarimax,2018-01-28 03:00:00,2018-01-28 04:00:00,395.0,512.9912274360249,2018-01-28 03:00:00,-117.99122743602493
base_02,sarimax,2018-01-28 04:00:00,2018-01-28 05:00:00,643.0,441.56741438726493,2018-01-28 04:00:00,201.43258561273507
base_02,sarimax,2018-01-28 05:00:00,2018-01-28 06:00:00,1058.0,654.4754772075953,2018-01-28 05:00:00,403.5245227924047
base_02,sarimax,2018-01-28 06:00:00,2018-01-28 07:00:00,1666.0,1064.7962534638227,2018-01-28 06:00:00,601.2037465361773
base_02,sarimax,2018-01-28 07:00:00,2018-01-28 08:00:00,2314.0,1674.00505751094,2018-01-28 07:00:00,639.9949424890599
base_02,sarimax,2018-01-28 08:00:00,2018-01-28 09:00:00,3024.0,2279.773675074475,2018-01-28 08:00:00,744.2263249255252
base_02,sarimax,2018-01-28 09:00:00,2018-01-28 10:00:00,3564.0,2971.1267737258995,2018-01-28 09:00:00,592.8732262741005
base_02,sarimax,2018-01-28 10:00:00,2018-01-28 11:00:00,4065.0,3504.3260020054536,2018-01-28 10:00:00,560.6739979945464
base_02,sarimax,2018-01-28 11:00:00,2018-01-28 12:00:00,4506.0,4013.6527824125897,2018-01-28 11:00:00,492.34721758741034
base_02,sarimax,2018-01-28 12:00:00,2018-01-28 13:00:00,4784.0,4445.912187612424,2018-01-28 12:00:00,338.0878123875764
base_02,sarimax,2018-01-28 13:00:00,2018-01-28 14:00:00,4895.0,4735.68414567874,2018-01-28 13:00:00,159.3158543212603
base_02,sarimax,2018-01-28 14:00:00,2018-01-28 15:00:00,4801.0,4851.886772368412,2018-01-28 14:00:00,-50.886772368411584
base_02,sarimax,2018-01-28 15:00:00,2018-01-28 16:00:00,4716.0,4760.0745883259215,2018-01-28 15:00:00,-44.07458832592147
base_02,sarimax,2018-01-28 16:00:00,2018-01-28 17:00:00,4535.0,4689.045217571156,2018-01-28 16:00:00,-154.04521757115617
base_02,sarimax,2018-01-28 17:00:00,2018-01-28 18:00:00,3849.0,4514.317127778384,2018-01-28 17:00:00,-665.317127778384
base_02,sarimax,2018-01-28 18:00:00,2018-01-28 19:00:00,3221.0,3852.991703468612,2018-01-28 18:00:00,-631.9917034686118
base_02,sarimax,2018-01-28 19:00:00,2018-01-28 20:00:00,2554.0,3222.0326068195222,2018-01-28 19:00:00,-668.0326068195222
base_02,sarimax,2018-01-28 20:00:00,2018-01-28 21:00:00,2082.0,2564.736816298112,2018-01-28 20:00:00,-482.736816298112
base_02,sarimax,2018-01-28 21:00:00,2018-01-28 22:00:00,1433.0,2136.742182429626,2018-01-28 21:00:00,-703.7421824296262
base_02,sarimax,2018-01-28 22:00:00,2018-01-28 23:00:00,877.0,1480.8774381652324,2018-01-28 22:00:00,-603.8774381652324
base_02,sarimax,2018-01-28 23:00:00,2018-01-29 00:00:00,482.0,923.4956214073056,2018-01-28 23:00:00,-441.49562140730563
base_02,sarimax,2018-01-29 00:00:00,2018-01-29 01:00:00,335.0,521.5395660593347,2018-01-29 00:00:00,-186.53956605933467
base_02,sarimax,2018-01-29 01:00:00,2018-01-29 02:00:00,230.0,385.17388549817645,2018-01-29 01:00:00,-155.17388549817645
base_02,sarimax,2018-01-29 02:00:00,2018-01-29 03:00:00,353.0,278.06528306337634,2018-01-29 02:00:00,74.93471693662366
base_02,sarimax,2018-01-29 03:00:00,2018-01-29 04:00:00,888.0,380.1354026177575,2018-01-29 03:00:00,507.8645973822425
base_02,sarimax,2018-01-29 04:00:00,2018-01-29 05:00:00,2837.0,894.1055262670486,2018-01-29 04:00:00,1942.8944737329514
base_02,sarimax,2018-01-29 05:00:00,2018-01-29 06:00:00,5488.0,2836.617506437402,2018-01-29 05:00:00,2651.382493562598
base_02,sarimax,2018-01-29 06:00:00,2018-01-29 07:00:00,6362.0,5455.78826302454,2018-01-29 06:00:00,906.2117369754596
base_02,sarimax,2018-01-29 07:00:00,2018-01-29 08:00:00,5438.0,6291.1245052455015,2018-01-29 07:00:00,-853.1245052455015
base_02,sarimax,2018-01-29 08:00:00,2018-01-29 09:00:00,4715.0,5229.32644974655,2018-01-29 08:00:00,-514.3264497465498
base_02,sarimax,2018-01-29 09:00:00,2018-01-29 10:00:00,4287.0,4446.94843124917,2018-01-29 09:00:00,-159.94843124917043
base_02,sarimax,2018-01-29 10:00:00,2018-01-29 11:00:00,4409.0,4210.701672976626,2018-01-29 10:00:00,198.29832702337444
base_02,sarimax,2018-01-29 11:00:00,2018-01-29 12:00:00,4725.0,4530.83291709433,2018-01-29 11:00:00,194.1670829056702
base_02,sarimax,2018-01-29 12:00:00,2018-01-29 13:00:00,4578.0,4823.131787199574,2018-01-29 12:00:00,-245.13178719957432
base_02,sarimax,2018-01-29 13:00:00,2018-01-29 14:00:00,5030.0,4637.375253464554,2018-01-29 13:00:00,392.6247465354463
base_02,sarimax,2018-01-29 14:00:00,2018-01-29 15:00:00,5527.0,5038.261059497307,2018-01-29 14:00:00,488.73894050269337
base_02,sarimax,2018-01-29 15:00:00,2018-01-29 16:00:00,6285.0,5515.679557770947,2018-01-29 15:00:00,769.3204422290528
base_02,sarimax,2018-01-29 16:00:00,2018-01-29 17:00:00,6023.0,6315.035441449568,2018-01-29 16:00:00,-292.03544144956777
base_02,sarimax,2018-01-29 17:00:00,2018-01-29 18:00:00,4286.0,5977.241573494473,2018-01-29 17:00:00,-1691.2415734944734
base_02,sarimax,2018-01-29 18:00:00,2018-01-29 19:00:00,3448.0,4217.40063230378,2018-01-29 18:00:00,-769.4006323037802
base_02,sarimax,2018-01-29 19:00:00,2018-01-29 20:00:00,2957.0,3339.437096732601,2018-01-29 19:00:00,-382.4370967326008
base_02,sarimax,2018-01-29 20:00:00,2018-01-29 21:00:00,2657.0,2964.5921655895995,2018-01-29 20:00:00,-307.5921655895995
base_02,sarimax,2018-01-29 21:00:00,2018-01-29 22:00:00,1955.0,2809.3207017372274,2018-01-29 21:00:00,-854.3207017372274
base_02,sarimax,2018-01-29 22:00:00,2018-01-29 23:00:00,1185.0,2021.5337295480845,2018-01-29 22:00:00,-836.5337295480845
base_02,sarimax,2018-01-29 23:00:00,2018-01-30 00:00:00,588.0,1217.5509065912581,2018-01-29 23:00:00,-629.5509065912581
base_02,sarimax,2018-01-30 00:00:00,2018-01-30 01:00:00,330.0,604.7296643217322,2018-01-30 00:00:00,-274.72966432173223
base_02,sarimax,2018-01-30 01:00:00,2018-01-30 02:00:00,249.0,389.9007420933028,2018-01-30 01:00:00,-140.90074209330282
base_02,sarimax,2018-01-30 02:00:00,2018-01-30 03:00:00,371.0,315.4445366024531,2018-01-30 02:00:00,55.55546339754687
base_02,sarimax,2018-01-30 03:00:00,2018-01-30 04:00:00,910.0,422.6184228375541,2018-01-30 03:00:00,487.3815771624459
base_02,sarimax,2018-01-30 04:00:00,2018-01-30 05:00:00,2876.0,930.0607961360342,2018-01-30 04:00:00,1945.9392038639658
base_02,sarimax,2018-01-30 05:00:00,2018-01-30 06:00:00,5585.0,2878.137361474676,2018-01-30 05:00:00,2706.862638525324
base_02,sarimax,2018-01-30 06:00:00,2018-01-30 07:00:00,6405.0,5587.105719545858,2018-01-30 06:00:00,817.8942804541421
base_02,sarimax,2018-01-30 07:00:00,2018-01-30 08:00:00,5489.0,6354.75211448992,2018-01-30 07:00:00,-865.7521144899201
base_02,sarimax,2018-01-30 08:00:00,2018-01-30 09:00:00,4462.0,5290.529603348096,2018-01-30 08:00:00,-828.5296033480963
base_02,sarimax,2018-01-30 09:00:00,2018-01-30 10:00:00,4388.0,4228.650293974125,2018-01-30 09:00:00,159.3497060258751
base_02,sarimax,2018-01-30 10:00:00,2018-01-30 11:00:00,4432.0,4344.893205349337,2018-01-30 10:00:00,87.10679465066278
base_02,sarimax,2018-01-30 11:00:00,2018-01-30 12:00:00,4783.0,4557.681251309379,2018-01-30 11:00:00,225.31874869062085
base_02,sarimax,2018-01-30 12:00:00,2018-01-30 13:00:00,4801.0,4914.666480536894,2018-01-30 12:00:00,-113.66648053689369
base_02,sarimax,2018-01-30 13:00:00,2018-01-30 14:00:00,5195.0,4847.676713226951,2018-01-30 13:00:00,347.3232867730494
base_02,sarimax,2018-01-30 14:00:00,2018-01-30 15:00:00,5701.0,5215.023129396262,2018-01-30 14:00:00,485.97687060373755
base_02,sarimax,2018-01-30 15:00:00,2018-01-30 16:00:00,6838.0,5688.872636383267,2018-01-30 15:00:00,1149.1273636167334
base_02,sarimax,2018-01-30 16:00:00,2018-01-30 17:00:00,5944.0,6851.010255254554,2018-01-30 16:00:00,-907.0102552545541
base_02,sarimax,2018-01-30 17:00:00,2018-01-30 18:00:00,4589.0,5927.410688419503,2018-01-30 17:00:00,-1338.4106884195025
base_02,sarimax,2018-01-30 18:00:00,2018-01-30 19:00:00,3090.0,4554.171299215718,2018-01-30 18:00:00,-1464.1712992157181
base_02,sarimax,2018-01-30 19:00:00,2018-01-30 20:00:00,2885.0,2982.8113840319006,2018-01-30 19:00:00,-97.81138403190062
base_02,sarimax,2018-01-30 20:00:00,2018-01-30 21:00:00,2490.0,2984.384572087045,2018-01-30 20:00:00,-494.38457208704494
base_02,sarimax,2018-01-30 21:00:00,2018-01-30 22:00:00,2261.0,2638.8423426557324,2018-01-30 21:00:00,-377.8423426557324
base_02,sarimax,2018-01-30 22:00:00,2018-01-30 23:00:00,1430.0,2423.930332695607,2018-01-30 22:00:00,-993.9303326956069
base_02,sarimax,2018-01-30 23:00:00,2018-01-31 00:00:00,628.0,1460.5489379343971,2018-01-30 23:00:00,-832.5489379343971
base_02,sarimax,2018-01-31 00:00:00,2018-01-31 01:00:00,381.0,676.2100588207652,2018-01-31 00:00:00,-295.2100588207652
base_02,sarimax,2018-01-31 01:00:00,2018-01-31 04:00:00,982.0,412.11027825926044,2018-01-31 01:00:00,569.8897217407396
base_02,sarimax,2018-01-31 04:00:00,2018-01-31 05:00:00,2534.0,1068.7974428551415,2018-01-31 04:00:00,1465.2025571448585
base_02,sarimax,2018-01-31 05:00:00,2018-01-31 06:00:00,5081.0,2624.237166006663,2018-01-31 05:00:00,2456.762833993337
base_02,sarimax,2018-01-31 06:00:00,2018-01-31 07:00:00,5675.0,5096.533463372298,2018-01-31 06:00:00,578.4665366277022
base_02,sarimax,2018-01-31 07:00:00,2018-01-31 08:00:00,5155.0,5596.62279862702,2018-01-31 07:00:00,-441.6227986270196
base_02,sarimax,2018-01-31 08:00:00,2018-01-31 09:00:00,5210.0,4961.110771114344,2018-01-31 08:00:00,248.88922888565594
base_02,sarimax,2018-01-31 09:00:00,2018-01-31 10:00:00,4379.0,4925.601541848032,2018-01-31 09:00:00,-546.601541848032
base_02,sarimax,2018-01-31 10:00:00,2018-01-31 11:00:00,4546.0,4318.751072984555,2018-01-31 10:00:00,227.24892701544468
base_02,sarimax,2018-01-31 11:00:00,2018-01-31 12:00:00,4885.0,4596.9799258628655,2018-01-31 11:00:00,288.02007413713454
base_02,sarimax,2018-01-31 12:00:00,2018-01-31 13:00:00,5021.0,4896.47808054308,2018-01-31 12:00:00,124.52191945691993
base_02,sarimax,2018-01-31 13:00:00,2018-01-31 14:00:00,5212.0,5114.015067448744,2018-01-31 13:00:00,97.98493255125595
base_02,sarimax,2018-01-31 14:00:00,2018-01-31 15:00:00,5941.0,5212.212119897084,2018-01-31 14:00:00,728.7878801029156
base_02,sarimax,2018-01-31 15:00:00,2018-01-31 16:00:00,6818.0,5908.5452351932245,2018-01-31 15:00:00,909.4547648067755
base_02,sarimax,2018-01-31 16:00:00,2018-01-31 17:00:00,6351.0,6814.515906255185,2018-01-31 16:00:00,-463.51590625518475
base_02,sarimax,2018-01-31 17:00:00,2018-01-31 18:00:00,4559.0,6325.928893772406,2018-01-31 17:00:00,-1766.928893772406
base_02,sarimax,2018-01-31 18:00:00,2018-01-31 19:00:00,3400.0,4491.8257777451145,2018-01-31 18:00:00,-1091.8257777451145
base_02,sarimax,2018-01-31 19:00:00,2018-01-31 20:00:00,2856.0,3300.6310746100426,2018-01-31 19:00:00,-444.63107461004256
base_02,sarimax,2018-01-31 20:00:00,2018-01-31 21:00:00,2564.0,2889.086283929722,2018-01-31 20:00:00,-325.08628392972196
base_02,sarimax,2018-01-31 21:00:00,2018-01-31 22:00:00,1739.0,2708.737781590034,2018-01-31 21:00:00,-969.737781590034
base_02,sarimax,2018-01-31 22:00:00,2018-01-31 23:00:00,1402.0,1798.2606034461282,2018-01-31 22:00:00,-396.26060344612824
base_02,sarimax,2018-01-31 23:00:00,2018-02-01 00:00:00,716.0,1410.8327891500069,2018-01-31 23:00:00,-694.8327891500069
base_02,sarimax,2018-02-01 00:00:00,2018-02-01 01:00:00,363.0,696.8863286621411,2018-02-01 00:00:00,-333.88632866214107
base_02,sarimax,2018-02-01 01:00:00,2018-02-01 02:00:00,285.0,409.782788691555,2018-02-01 01:00:00,-124.78278869155503
base_02,sarimax,2018-02-01 02:00:00,2018-02-01 03:00:00,362.0,288.66463966927984,2018-02-01 02:00:00,73.33536033072016
base_02,sarimax,2018-02-01 03:00:00,2018-02-01 04:00:00,936.0,409.35373701885845,2018-02-01 03:00:00,526.6462629811415
base_02,sarimax,2018-02-01 04:00:00,2018-02-01 05:00:00,2861.0,951.9551354134862,2018-02-01 04:00:00,1909.0448645865138
base_02,sarimax,2018-02-01 05:00:00,2018-02-01 06:00:00,5410.0,2859.5817584195406,2018-02-01 05:00:00,2550.4182415804594
base_02,sarimax,2018-02-01 06:00:00,2018-02-01 07:00:00,6303.0,5385.042595949462,2018-02-01 06:00:00,917.9574040505377
base_02,sarimax,2018-02-01 07:00:00,2018-02-01 08:00:00,5332.0,6239.620478685183,2018-02-01 07:00:00,-907.6204786851831
base_02,sarimax,2018-02-01 08:00:00,2018-02-01 09:00:00,5000.0,5125.056985361694,2018-02-01 08:00:00,-125.05698536169439
base_02,sarimax,2018-02-01 09:00:00,2018-02-01 10:00:00,4438.0,4743.643651479055,2018-02-01 09:00:00,-305.6436514790548
base_02,sarimax,2018-02-01 10:00:00,2018-02-01 11:00:00,4717.0,4361.425101105986,2018-02-01 10:00:00,355.57489889401404
base_02,sarimax,2018-02-01 11:00:00,2018-02-01 12:00:00,4843.0,4835.263712878657,2018-02-01 11:00:00,7.736287121342684
base_02,sarimax,2018-02-01 12:00:00,2018-02-01 13:00:00,5099.0,4887.047195268562,2018-02-01 12:00:00,211.95280473143794
base_02,sarimax,2018-02-01 13:00:00,2018-02-01 14:00:00,5402.0,5172.072783637108,2018-02-01 13:00:00,229.92721636289207
base_02,sarimax,2018-02-01 14:00:00,2018-02-01 15:00:00,5961.0,5395.3638075454755,2018-02-01 14:00:00,565.6361924545245
base_02,sarimax,2018-02-01 15:00:00,2018-02-01 16:00:00,6636.0,5959.572247467054,2018-02-01 15:00:00,676.4277525329462
base_02,sarimax,2018-02-01 16:00:00,2018-02-01 17:00:00,6375.0,6623.72727883932,2018-02-01 16:00:00,-248.7272788393202
base_02,sarimax,2018-02-01 17:00:00,2018-02-01 18:00:00,4723.0,6338.185183664973,2018-02-01 17:00:00,-1615.185183664973
base_02,sarimax,2018-02-01 18:00:00,2018-02-01 19:00:00,3595.0,4648.844516286399,2018-02-01 18:00:00,-1053.844516286399
base_02,sarimax,2018-02-01 19:00:00,2018-02-01 20:00:00,3133.0,3515.4016917421563,2018-02-01 19:00:00,-382.40169174215634
base_02,sarimax,2018-02-01 20:00:00,2018-02-01 21:00:00,2807.0,3149.952050108867,2018-02-01 20:00:00,-342.95205010886684
base_02,sarimax,2018-02-01 21:00:00,2018-02-01 22:00:00,2165.0,2962.205620321093,2018-02-01 21:00:00,-797.2056203210932
base_02,sarimax,2018-02-01 22:00:00,2018-02-01 23:00:00,1483.0,2261.8687224961336,2018-02-01 22:00:00,-778.8687224961336
base_02,sarimax,2018-02-01 23:00:00,2018-02-02 00:00:00,926.0,1520.4228982643015,2018-02-01 23:00:00,-594.4228982643015
base_02,sarimax,2018-02-02 00:00:00,2018-02-02 01:00:00,521.0,945.4083404335214,2018-02-02 00:00:00,-424.4083404335214
base_02,sarimax,2018-02-02 01:00:00,2018-02-02 02:00:00,422.0,562.6387770849597,2018-02-02 01:00:00,-140.63877708495966
base_02,sarimax,2018-02-02 02:00:00,2018-02-02 03:00:00,439.0,479.64822993241796,2018-02-02 02:00:00,-40.64822993241796
base_02,sarimax,2018-02-02 03:00:00,2018-02-02 04:00:00,922.0,479.6953041131593,2018-02-02 03:00:00,442.3046958868407
base_02,sarimax,2018-02-02 04:00:00,2018-02-02 05:00:00,2731.0,943.3201606579431,2018-02-02 04:00:00,1787.6798393420568
base_02,sarimax,2018-02-02 05:00:00,2018-02-02 06:00:00,5041.0,2736.68254950315,2018-02-02 05:00:00,2304.31745049685
base_02,sarimax,2018-02-02 06:00:00,2018-02-02 07:00:00,5843.0,5038.228820939763,2018-02-02 06:00:00,804.771179060237
base_02,sarimax,2018-02-02 07:00:00,2018-02-02 08:00:00,5149.0,5785.879568579705,2018-02-02 07:00:00,-636.8795685797049
base_02,sarimax,2018-02-02 08:00:00,2018-02-02 09:00:00,4963.0,4965.393035759495,2018-02-02 08:00:00,-2.393035759495433
base_02,sarimax,2018-02-02 09:00:00,2018-02-02 10:00:00,4379.0,4727.125648080748,2018-02-02 09:00:00,-348.12564808074785
base_02,sarimax,2018-02-02 10:00:00,2018-02-02 11:00:00,4932.0,4353.364133073333,2018-02-02 10:00:00,578.6358669266674
base_02,sarimax,2018-02-02 11:00:00,2018-02-02 12:00:00,5104.0,5043.44766433144,2018-02-02 11:00:00,60.55233566855986
base_02,sarimax,2018-02-02 12:00:00,2018-02-02 13:00:00,5378.0,5160.159352136317,2018-02-02 12:00:00,217.84064786368344
base_02,sarimax,2018-02-02 13:00:00,2018-02-02 14:00:00,5487.0,5459.635961094892,2018-02-02 13:00:00,27.36403890510792
base_02,sarimax,2018-02-02 14:00:00,2018-02-02 15:00:00,6080.0,5455.771062061307,2018-02-02 14:00:00,624.228937938693
base_02,sarimax,2018-02-02 15:00:00,2018-02-02 16:00:00,6646.0,6079.183871995966,2018-02-02 15:00:00,566.816128004034
base_02,sarimax,2018-02-02 16:00:00,2018-02-02 17:00:00,5891.0,6631.258823277604,2018-02-02 16:00:00,-740.2588232776043
base_02,sarimax,2018-02-02 17:00:00,2018-02-02 18:00:00,4691.0,5883.104695884261,2018-02-02 17:00:00,-1192.1046958842608
base_02,sarimax,2018-02-02 18:00:00,2018-02-02 19:00:00,3790.0,4635.0258855534485,2018-02-02 18:00:00,-845.0258855534485
base_02,sarimax,2018-02-02 19:00:00,2018-02-02 20:00:00,3216.0,3733.5629336071843,2018-02-02 19:00:00,-517.5629336071843
base_02,sarimax,2018-02-02 20:00:00,2018-02-02 21:00:00,3818.0,3291.8358985166833,2018-02-02 20:00:00,526.1641014833167
base_02,sarimax,2018-02-02 21:00:00,2018-02-02 22:00:00,3788.0,3944.5227290287326,2018-02-02 21:00:00,-156.52272902873256
base_02,sarimax,2018-02-02 22:00:00,2018-02-02 23:00:00,2020.0,3888.602963599761,2018-02-02 22:00:00,-1868.602963599761
base_02,sarimax,2018-02-02 23:00:00,2018-02-03 00:00:00,1368.0,2085.23424615396,2018-02-02 23:00:00,-717.2342461539602
base_02,sarimax,2018-02-03 00:00:00,2018-02-03 01:00:00,926.0,1311.8202167706534,2018-02-03 00:00:00,-385.82021677065336
base_02,sarimax,2018-02-03 01:00:00,2018-02-03 02:00:00,631.0,935.0456288566475,2018-02-03 01:00:00,-304.04562885664745
base_02,sarimax,2018-02-03 02:00:00,2018-02-03 03:00:00,471.0,809.1645412963401,2018-02-03 02:00:00,-338.1645412963401
base_02,sarimax,2018-02-03 03:00:00,2018-02-03 04:00:00,519.0,543.6977028450065,2018-02-03 03:00:00,-24.69770284500646
base_02,sarimax,2018-02-03 04:00:00,2018-02-03 05:00:00,783.0,565.9319289145344,2018-02-03 04:00:00,217.0680710854656
base_02,sarimax,2018-02-03 05:00:00,2018-02-03 06:00:00,1320.0,814.9740934573151,2018-02-03 05:00:00,505.0259065426849
base_02,sarimax,2018-02-03 06:00:00,2018-02-03 07:00:00,1839.0,1337.356601073243,2018-02-03 06:00:00,501.6433989267571
base_02,sarimax,2018-02-03 07:00:00,2018-02-03 08:00:00,2552.0,1834.869116967715,2018-02-03 07:00:00,717.130883032285
base_02,sarimax,2018-02-03 08:00:00,2018-02-03 09:00:00,3168.0,2522.542193257231,2018-02-03 08:00:00,645.4578067427692
base_02,sarimax,2018-02-03 09:00:00,2018-02-03 10:00:00,3572.0,3122.840046713316,2018-02-03 09:00:00,449.15995328668396
base_02,sarimax,2018-02-03 10:00:00,2018-02-03 11:00:00,3838.0,3527.5249337899177,2018-02-03 10:00:00,310.47506621008233
base_02,sarimax,2018-02-03 11:00:00,2018-02-03 12:00:00,3924.0,3787.2982766502523,2018-02-03 11:00:00,136.70172334974768
base_02,sarimax,2018-02-03 12:00:00,2018-02-03 13:00:00,3562.0,3869.235749984991,2018-02-03 12:00:00,-307.2357499849909
base_02,sarimax,2018-02-03 13:00:00,2018-02-03 14:00:00,3572.0,3523.1433656739187,2018-02-03 13:00:00,48.85663432608135
base_02,sarimax,2018-02-03 14:00:00,2018-02-03 15:00:00,3716.0,3544.3943185687303,2018-02-03 14:00:00,171.60568143126966
base_02,sarimax,2018-02-03 15:00:00,2018-02-03 16:00:00,3752.0,3710.8175003998604,2018-02-03 15:00:00,41.182499600139636
base_02,sarimax,2018-02-03 16:00:00,2018-02-03 17:00:00,3652.0,3782.994619491431,2018-02-03 16:00:00,-130.99461949143097
base_02,sarimax,2018-02-03 17:00:00,2018-02-03 18:00:00,3763.0,3642.8492933445164,2018-02-03 17:00:00,120.15070665548365
base_02,sarimax,2018-02-03 18:00:00,2018-02-03 19:00:00,3301.0,3739.9225931023166,2018-02-03 18:00:00,-438.92259310231657
base_02,sarimax,2018-02-03 19:00:00,2018-02-03 20:00:00,2632.0,3298.238468215038,2018-02-03 19:00:00,-666.2384682150382
base_02,sarimax,2018-02-03 20:00:00,2018-02-03 21:00:00,2454.0,2631.1184162313575,2018-02-03 20:00:00,-177.11841623135751
base_02,sarimax,2018-02-03 21:00:00,2018-02-03 22:00:00,2892.0,2428.1940880758275,2018-02-03 21:00:00,463.8059119241725
base_02,sarimax,2018-02-03 22:00:00,2018-02-03 23:00:00,2935.0,2932.651543567997,2018-02-03 22:00:00,2.3484564320028767
base_02,sarimax,2018-02-03 23:00:00,2018-02-04 00:00:00,1536.0,2990.5474739850906,2018-02-03 23:00:00,-1454.5474739850906
base_02,sarimax,2018-02-04 00:00:00,2018-02-04 01:00:00,986.0,1532.877461320604,2018-02-04 00:00:00,-546.877461320604
base_02,sarimax,2018-02-04 01:00:00,2018-02-04 02:00:00,670.0,923.4575790573226,2018-02-04 01:00:00,-253.45757905732262
base_02,sarimax,2018-02-04 02:00:00,2018-02-04 03:00:00,520.0,638.8922065307831,2018-02-04 02:00:00,-118.89220653078314
base_02,sarimax,2018-02-04 03:00:00,2018-02-04 04:00:00,524.0,636.5783234619555,2018-02-04 03:00:00,-112.5783234619555
base_02,sarimax,2018-02-04 04:00:00,2018-02-04 05:00:00,648.0,560.0702640352139,2018-02-04 04:00:00,87.92973596478612
base_02,sarimax,2018-02-04 05:00:00,2018-02-04 06:00:00,1046.0,670.9979215839837,2018-02-04 05:00:00,375.0020784160163
base_02,sarimax,2018-02-04 06:00:00,2018-02-04 07:00:00,1320.0,1046.8803992974651,2018-02-04 06:00:00,273.11960070253485
base_02,sarimax,2018-02-04 07:00:00,2018-02-04 08:00:00,1857.0,1294.1962300913617,2018-02-04 07:00:00,562.8037699086383
base_02,sarimax,2018-02-04 08:00:00,2018-02-04 09:00:00,2449.0,1815.623460130018,2018-02-04 08:00:00,633.376539869982
base_02,sarimax,2018-02-04 09:00:00,2018-02-04 10:00:00,3225.0,2394.2395114602036,2018-02-04 09:00:00,830.7604885397964
base_02,sarimax,2018-02-04 10:00:00,2018-02-04 11:00:00,3452.0,3199.9399716646367,2018-02-04 10:00:00,252.0600283353633
base_02,sarimax,2018-02-04 11:00:00,2018-02-04 12:00:00,3735.0,3415.7507012627266,2018-02-04 11:00:00,319.2492987372734
base_02,sarimax,2018-02-04 12:00:00,2018-02-04 13:00:00,3801.0,3696.5888383830743,2018-02-04 12:00:00,104.41116161692571
base_02,sarimax,2018-02-04 13:00:00,2018-02-04 14:00:00,3686.0,3735.802712684052,2018-02-04 13:00:00,-49.80271268405204
base_02,sarimax,2018-02-04 14:00:00,2018-02-04 15:00:00,3508.0,3680.0251084789247,2018-02-04 14:00:00,-172.02510847892472
base_02,sarimax,2018-02-04 15:00:00,2018-02-04 16:00:00,3630.0,3489.180475129083,2018-02-04 15:00:00,140.81952487091712
base_02,sarimax,2018-02-04 16:00:00,2018-02-04 17:00:00,2975.0,3635.399662381408,2018-02-04 16:00:00,-660.3996623814078
base_02,sarimax,2018-02-04 17:00:00,2018-02-04 18:00:00,2052.0,2989.7951788673145,2018-02-04 17:00:00,-937.7951788673145
base_02,sarimax,2018-02-04 18:00:00,2018-02-04 19:00:00,1720.0,2054.139190247223,2018-02-04 18:00:00,-334.1391902472228
base_02,sarimax,2018-02-04 19:00:00,2018-02-04 20:00:00,1855.0,1690.4984947804385,2018-02-04 19:00:00,164.50150521956152
base_02,sarimax,2018-02-04 20:00:00,2018-02-04 21:00:00,2438.0,1908.443684192338,2018-02-04 20:00:00,529.556315807662
base_02,sarimax,2018-02-04 21:00:00,2018-02-04 22:00:00,2382.0,2529.841614697674,2018-02-04 21:00:00,-147.84161469767378
base_02,sarimax,2018-02-04 22:00:00,2018-02-04 23:00:00,1321.0,2412.4678559173108,2018-02-04 22:00:00,-1091.4678559173108
base_02,sarimax,2018-02-04 23:00:00,2018-02-05 00:00:00,836.0,1295.8210511399104,2018-02-04 23:00:00,-459.8210511399104
base_02,sarimax,2018-02-05 00:00:00,2018-02-05 01:00:00,505.0,772.3065399368347,2018-02-05 00:00:00,-267.3065399368347
base_02,sarimax,2018-02-05 01:00:00,2018-02-05 02:00:00,411.0,500.8536599599274,2018-02-05 01:00:00,-89.85365995992743
base_02,sarimax,2018-02-05 02:00:00,2018-02-05 03:00:00,429.0,506.7663115402536,2018-02-05 02:00:00,-77.76631154025358
base_02,sarimax,2018-02-05 03:00:00,2018-02-05 04:00:00,925.0,473.17477855279185,2018-02-05 03:00:00,451.82522144720815
base_02,sarimax,2018-02-05 04:00:00,2018-02-05 05:00:00,2657.0,959.757705409839,2018-02-05 04:00:00,1697.242294590161
base_02,sarimax,2018-02-05 05:00:00,2018-02-05 06:00:00,4846.0,2669.824644985867,2018-02-05 05:00:00,2176.175355014133
base_02,sarimax,2018-02-05 06:00:00,2018-02-05 07:00:00,6026.0,4856.585162922004,2018-02-05 06:00:00,1169.4148370779958
base_02,sarimax,2018-02-05 07:00:00,2018-02-05 08:00:00,6048.0,5986.203201123453,2018-02-05 07:00:00,61.796798876546745
base_02,sarimax,2018-02-05 08:00:00,2018-02-05 09:00:00,4893.0,5883.841936956522,2018-02-05 08:00:00,-990.8419369565217
base_02,sarimax,2018-02-05 09:00:00,2018-02-05 10:00:00,4124.0,4682.843520153222,2018-02-05 09:00:00,-558.843520153222
base_02,sarimax,2018-02-05 10:00:00,2018-02-05 11:00:00,4470.0,4033.9270785613494,2018-02-05 10:00:00,436.0729214386506
base_02,sarimax,2018-02-05 11:00:00,2018-02-05 12:00:00,4450.0,4505.429399702125,2018-02-05 11:00:00,-55.42939970212501
base_02,sarimax,2018-02-05 12:00:00,2018-02-05 13:00:00,4303.0,4606.468096768628,2018-02-05 12:00:00,-303.46809676862813
base_02,sarimax,2018-02-05 13:00:00,2018-02-05 14:00:00,4884.0,4411.495116692771,2018-02-05 13:00:00,472.50488330722874
base_02,sarimax,2018-02-05 14:00:00,2018-02-05 15:00:00,5441.0,4867.438592284339,2018-02-05 14:00:00,573.5614077156606
base_02,sarimax,2018-02-05 15:00:00,2018-02-05 16:00:00,6091.0,5451.955741307638,2018-02-05 15:00:00,639.0442586923618
base_02,sarimax,2018-02-05 16:00:00,2018-02-05 17:00:00,5912.0,6111.153234017625,2018-02-05 16:00:00,-199.15323401762544
base_02,sarimax,2018-02-05 17:00:00,2018-02-05 18:00:00,4263.0,5850.52527518818,2018-02-05 17:00:00,-1587.5252751881799
base_02,sarimax,2018-02-05 18:00:00,2018-02-05 19:00:00,3098.0,4184.92699679532,2018-02-05 18:00:00,-1086.9269967953196
base_02,sarimax,2018-02-05 19:00:00,2018-02-05 20:00:00,2587.0,3002.8062308795065,2018-02-05 19:00:00,-415.80623087950653
base_02,sarimax,2018-02-05 20:00:00,2018-02-05 21:00:00,2136.0,2600.9691748242535,2018-02-05 20:00:00,-464.9691748242535
base_02,sarimax,2018-02-05 21:00:00,2018-02-05 22:00:00,1459.0,2284.6064250624863,2018-02-05 21:00:00,-825.6064250624863
base_02,sarimax,2018-02-05 22:00:00,2018-02-05 23:00:00,887.0,1555.0350285081643,2018-02-05 22:00:00,-668.0350285081643
base_02,sarimax,2018-02-05 23:00:00,2018-02-06 00:00:00,468.0,913.5643519958434,2018-02-05 23:00:00,-445.56435199584337
base_02,sarimax,2018-02-06 00:00:00,2018-02-06 01:00:00,334.0,498.69231049630804,2018-02-06 00:00:00,-164.69231049630804
base_02,sarimax,2018-02-06 01:00:00,2018-02-06 02:00:00,237.0,377.9563040927622,2018-02-06 01:00:00,-140.9563040927622
base_02,sarimax,2018-02-06 02:00:00,2018-02-06 03:00:00,339.0,277.8148255753939,2018-02-06 02:00:00,61.18517442460609
base_02,sarimax,2018-02-06 03:00:00,2018-02-06 04:00:00,850.0,365.35524187148894,2018-02-06 03:00:00,484.64475812851106
base_02,sarimax,2018-02-06 04:00:00,2018-02-06 05:00:00,2801.0,841.7469952636569,2018-02-06 04:00:00,1959.253004736343
base_02,sarimax,2018-02-06 05:00:00,2018-02-06 06:00:00,5434.0,2795.836212798189,2018-02-06 05:00:00,2638.163787201811
base_02,sarimax,2018-02-06 06:00:00,2018-02-06 07:00:00,6067.0,5398.763804954857,2018-02-06 06:00:00,668.2361950451432
base_02,sarimax,2018-02-06 07:00:00,2018-02-06 08:00:00,5009.0,5998.102815020516,2018-02-06 07:00:00,-989.1028150205157
base_02,sarimax,2018-02-06 08:00:00,2018-02-06 09:00:00,5190.0,4805.727192246945,2018-02-06 08:00:00,384.2728077530546
base_02,sarimax,2018-02-06 09:00:00,2018-02-06 10:00:00,4290.0,4939.213086876185,2018-02-06 09:00:00,-649.2130868761851
base_02,sarimax,2018-02-06 10:00:00,2018-02-06 11:00:00,4309.0,4276.729738751986,2018-02-06 10:00:00,32.27026124801432
base_02,sarimax,2018-02-06 11:00:00,2018-02-06 12:00:00,4741.0,4453.777323429351,2018-02-06 11:00:00,287.2226765706491
base_02,sarimax,2018-02-06 12:00:00,2018-02-06 13:00:00,4621.0,4767.116387416769,2018-02-06 12:00:00,-146.1163874167687
base_02,sarimax,2018-02-06 13:00:00,2018-02-06 14:00:00,4987.0,4753.554012455563,2018-02-06 13:00:00,233.44598754443723
base_02,sarimax,2018-02-06 14:00:00,2018-02-06 15:00:00,5710.0,5005.921389043184,2018-02-06 14:00:00,704.0786109568162
base_02,sarimax,2018-02-06 15:00:00,2018-02-06 16:00:00,6770.0,5674.863519890548,2018-02-06 15:00:00,1095.1364801094524
base_02,sarimax,2018-02-06 16:00:00,2018-02-06 17:00:00,6207.0,6783.153258337083,2018-02-06 16:00:00,-576.1532583370827
base_02,sarimax,2018-02-06 17:00:00,2018-02-06 18:00:00,4612.0,6163.251987202624,2018-02-06 17:00:00,-1551.2519872026242
base_02,sarimax,2018-02-06 18:00:00,2018-02-06 19:00:00,3217.0,4529.631804575142,2018-02-06 18:00:00,-1312.6318045751423
base_02,sarimax,2018-02-06 19:00:00,2018-02-06 20:00:00,2634.0,3115.134507461471,2018-02-06 19:00:00,-481.134507461471
base_02,sarimax,2018-02-06 20:00:00,2018-02-06 21:00:00,2407.0,2687.999245610441,2018-02-06 20:00:00,-280.999245610441
base_02,sarimax,2018-02-06 21:00:00,2018-02-06 22:00:00,1652.0,2568.6912925511556,2018-02-06 21:00:00,-916.6912925511556
base_02,sarimax,2018-02-06 22:00:00,2018-02-06 23:00:00,1120.0,1794.580582564201,2018-02-06 22:00:00,-674.580582564201
base_02,sarimax,2018-02-06 23:00:00,2018-02-07 00:00:00,549.0,1178.489668748519,2018-02-06 23:00:00,-629.4896687485191
base_02,sarimax,2018-02-07 00:00:00,2018-02-07 01:00:00,346.0,570.6728782483297,2018-02-07 00:00:00,-224.67287824832965
base_02,sarimax,2018-02-07 01:00:00,2018-02-07 02:00:00,259.0,422.77349794982314,2018-02-07 01:00:00,-163.77349794982314
base_02,sarimax,2018-02-07 02:00:00,2018-02-07 03:00:00,337.0,312.2135206906489,2018-02-07 02:00:00,24.78647930935108
base_02,sarimax,2018-02-07 03:00:00,2018-02-07 04:00:00,865.0,396.20399137397294,2018-02-07 03:00:00,468.79600862602706
base_02,sarimax,2018-02-07 04:00:00,2018-02-07 05:00:00,2776.0,885.7699600592744,2018-02-07 04:00:00,1890.2300399407256
base_02,sarimax,2018-02-07 05:00:00,2018-02-07 06:00:00,4899.0,2777.539487106297,2018-02-07 05:00:00,2121.460512893703
base_02,sarimax,2018-02-07 06:00:00,2018-02-07 07:00:00,4967.0,4851.8756365371455,2018-02-07 06:00:00,115.12436346285449
base_02,sarimax,2018-02-07 07:00:00,2018-02-07 08:00:00,4915.0,4879.999262133981,2018-02-07 07:00:00,35.000737866019335
base_02,sarimax,2018-02-07 08:00:00,2018-02-07 09:00:00,5343.0,4690.731607318868,2018-02-07 08:00:00,652.2683926811324
base_02,sarimax,2018-02-07 09:00:00,2018-02-07 10:00:00,4364.0,5155.114272615997,2018-02-07 09:00:00,-791.1142726159969
base_02,sarimax,2018-02-07 10:00:00,2018-02-07 11:00:00,4466.0,4409.237731880202,2018-02-07 10:00:00,56.76226811979814
base_02,sarimax,2018-02-07 11:00:00,2018-02-07 12:00:00,4697.0,4506.756666166804,2018-02-07 11:00:00,190.24333383319572
base_02,sarimax,2018-02-07 12:00:00,2018-02-07 13:00:00,4833.0,4674.585123891288,2018-02-07 12:00:00,158.41487610871172
base_02,sarimax,2018-02-07 13:00:00,2018-02-07 14:00:00,5095.0,4953.894191498716,2018-02-07 13:00:00,141.10580850128372
base_02,sarimax,2018-02-07 14:00:00,2018-02-07 15:00:00,5658.0,5104.1733358035435,2018-02-07 14:00:00,553.8266641964565
base_02,sarimax,2018-02-07 15:00:00,2018-02-07 16:00:00,6531.0,5645.136942431958,2018-02-07 15:00:00,885.8630575680418
base_02,sarimax,2018-02-07 16:00:00,2018-02-07 17:00:00,6117.0,6519.795311615564,2018-02-07 16:00:00,-402.79531161556406
base_02,sarimax,2018-02-07 17:00:00,2018-02-07 18:00:00,4394.0,6077.89177567152,2018-02-07 17:00:00,-1683.89177567152
base_02,sarimax,2018-02-07 18:00:00,2018-02-07 19:00:00,3307.0,4307.015979747687,2018-02-07 18:00:00,-1000.0159797476872
base_02,sarimax,2018-02-07 19:00:00,2018-02-07 20:00:00,3037.0,3192.2651727880034,2018-02-07 19:00:00,-155.26517278800338
base_02,sarimax,2018-02-07 20:00:00,2018-02-07 21:00:00,2463.0,3062.125987850718,2018-02-07 20:00:00,-599.125987850718
base_02,sarimax,2018-02-07 21:00:00,2018-02-07 22:00:00,1653.0,2639.618303044525,2018-02-07 21:00:00,-986.618303044525
base_02,sarimax,2018-02-07 22:00:00,2018-02-07 23:00:00,973.0,1764.510648819569,2018-02-07 22:00:00,-791.510648819569
base_02,sarimax,2018-02-07 23:00:00,2018-02-08 00:00:00,573.0,1006.1074596215881,2018-02-07 23:00:00,-433.1074596215881
base_02,sarimax,2018-02-08 00:00:00,2018-02-08 01:00:00,315.0,636.1063666849802,2018-02-08 00:00:00,-321.10636668498023
base_02,sarimax,2018-02-08 01:00:00,2018-02-08 02:00:00,233.0,400.67073595157075,2018-02-08 01:00:00,-167.67073595157075
base_02,sarimax,2018-02-08 02:00:00,2018-02-08 03:00:00,340.0,290.56421797998036,2018-02-08 02:00:00,49.435782020019644
base_02,sarimax,2018-02-08 03:00:00,2018-02-08 04:00:00,882.0,374.67821616586633,2018-02-08 03:00:00,507.32178383413367
base_02,sarimax,2018-02-08 04:00:00,2018-02-08 05:00:00,2830.0,888.5417591926562,2018-02-08 04:00:00,1941.4582408073438
base_02,sarimax,2018-02-08 05:00:00,2018-02-08 06:00:00,5449.0,2801.907166377317,2018-02-08 05:00:00,2647.092833622683
base_02,sarimax,2018-02-08 06:00:00,2018-02-08 07:00:00,5954.0,5442.048695216122,2018-02-08 06:00:00,511.9513047838782
base_02,sarimax,2018-02-08 07:00:00,2018-02-08 08:00:00,5395.0,5880.362182534915,2018-02-08 07:00:00,-485.3621825349146
base_02,sarimax,2018-02-08 08:00:00,2018-02-08 09:00:00,5192.0,5188.764812845378,2018-02-08 08:00:00,3.235187154621599
base_02,sarimax,2018-02-08 09:00:00,2018-02-08 10:00:00,4477.0,4947.032708637102,2018-02-08 09:00:00,-470.0327086371017
base_02,sarimax,2018-02-08 10:00:00,2018-02-08 11:00:00,4686.0,4471.3905269213665,2018-02-08 10:00:00,214.60947307863353
base_02,sarimax,2018-02-08 11:00:00,2018-02-08 12:00:00,4896.0,4775.228006349254,2018-02-08 11:00:00,120.77199365074557
base_02,sarimax,2018-02-08 12:00:00,2018-02-08 13:00:00,4907.0,4937.856922191564,2018-02-08 12:00:00,-30.85692219156408
base_02,sarimax,2018-02-08 13:00:00,2018-02-08 14:00:00,4988.0,5004.4598728362,2018-02-08 13:00:00,-16.459872836199793
base_02,sarimax,2018-02-08 14:00:00,2018-02-08 15:00:00,5852.0,4984.384787541491,2018-02-08 14:00:00,867.6152124585087
base_02,sarimax,2018-02-08 15:00:00,2018-02-08 16:00:00,6883.0,5835.016176401415,2018-02-08 15:00:00,1047.9838235985853
base_02,sarimax,2018-02-08 16:00:00,2018-02-08 17:00:00,6278.0,6879.094932319009,2018-02-08 16:00:00,-601.0949323190089
base_02,sarimax,2018-02-08 17:00:00,2018-02-08 18:00:00,4550.0,6262.938898438067,2018-02-08 17:00:00,-1712.9388984380666
base_02,sarimax,2018-02-08 18:00:00,2018-02-08 19:00:00,3494.0,4456.688412006878,2018-02-08 18:00:00,-962.688412006878
base_02,sarimax,2018-02-08 19:00:00,2018-02-08 20:00:00,3094.0,3381.047173219661,2018-02-08 19:00:00,-287.0471732196611
base_02,sarimax,2018-02-08 20:00:00,2018-02-08 21:00:00,3530.0,3152.516594191625,2018-02-08 20:00:00,377.4834058083752
base_02,sarimax,2018-02-08 21:00:00,2018-02-08 22:00:00,3197.0,3700.565243243214,2018-02-08 21:00:00,-503.5652432432139
base_02,sarimax,2018-02-08 22:00:00,2018-02-08 23:00:00,1305.0,3296.537534883905,2018-02-08 22:00:00,-1991.5375348839052
base_02,sarimax,2018-02-08 23:00:00,2018-02-09 00:00:00,660.0,1340.9259199406426,2018-02-08 23:00:00,-680.9259199406426
base_02,sarimax,2018-02-09 00:00:00,2018-02-09 01:00:00,389.0,609.7141759444395,2018-02-09 00:00:00,-220.7141759444395
base_02,sarimax,2018-02-09 01:00:00,2018-02-09 02:00:00,287.0,420.3321683655524,2018-02-09 01:00:00,-133.33216836555238
base_02,sarimax,2018-02-09 02:00:00,2018-02-09 03:00:00,340.0,478.4801037724753,2018-02-09 02:00:00,-138.48010377247527
base_02,sarimax,2018-02-09 03:00:00,2018-02-09 04:00:00,826.0,388.7763202118811,2018-02-09 03:00:00,437.2236797881189
base_02,sarimax,2018-02-09 04:00:00,2018-02-09 05:00:00,2651.0,846.1267834963462,2018-02-09 04:00:00,1804.8732165036538
base_02,sarimax,2018-02-09 05:00:00,2018-02-09 06:00:00,5319.0,2634.0666863011506,2018-02-09 05:00:00,2684.9333136988494
base_02,sarimax,2018-02-09 06:00:00,2018-02-09 07:00:00,6499.0,5292.974948196776,2018-02-09 06:00:00,1206.0250518032244
base_02,sarimax,2018-02-09 07:00:00,2018-02-09 08:00:00,5467.0,6431.0597529636925,2018-02-09 07:00:00,-964.0597529636925
base_02,sarimax,2018-02-09 08:00:00,2018-02-09 09:00:00,4975.0,5263.708583686735,2018-02-09 08:00:00,-288.70858368673544
base_02,sarimax,2018-02-09 09:00:00,2018-02-09 10:00:00,4513.0,4711.9069319739265,2018-02-09 09:00:00,-198.90693197392648
base_02,sarimax,2018-02-09 10:00:00,2018-02-09 11:00:00,4913.0,4410.3520354306265,2018-02-09 10:00:00,502.64796456937347
base_02,sarimax,2018-02-09 11:00:00,2018-02-09 12:00:00,5335.0,5034.398143298748,2018-02-09 11:00:00,300.60185670125156
base_02,sarimax,2018-02-09 12:00:00,2018-02-09 13:00:00,5340.0,5402.707253127814,2018-02-09 12:00:00,-62.7072531278136
base_02,sarimax,2018-02-09 13:00:00,2018-02-09 14:00:00,5429.0,5408.873971546812,2018-02-09 13:00:00,20.126028453188155
base_02,sarimax,2018-02-09 14:00:00,2018-02-09 15:00:00,5861.0,5403.874286626216,2018-02-09 14:00:00,457.1257133737836
base_02,sarimax,2018-02-09 15:00:00,2018-02-09 16:00:00,6347.0,5830.939122761879,2018-02-09 15:00:00,516.0608772381211
base_02,sarimax,2018-02-09 16:00:00,2018-02-09 17:00:00,5833.0,6350.9489618613525,2018-02-09 16:00:00,-517.9489618613525
base_02,sarimax,2018-02-09 17:00:00,2018-02-09 18:00:00,5021.0,5817.180361247477,2018-02-09 17:00:00,-796.1803612474769
base_02,sarimax,2018-02-09 18:00:00,2018-02-09 19:00:00,3804.0,4959.888393764075,2018-02-09 18:00:00,-1155.8883937640749
base_02,sarimax,2018-02-09 19:00:00,2018-02-09 20:00:00,3095.0,3729.4252322937236,2018-02-09 19:00:00,-634.4252322937236
base_02,sarimax,2018-02-09 20:00:00,2018-02-09 21:00:00,3092.0,3145.1806153135994,2018-02-09 20:00:00,-53.180615313599446
base_02,sarimax,2018-02-09 21:00:00,2018-02-09 22:00:00,2485.0,3151.611066959912,2018-02-09 21:00:00,-666.611066959912
base_02,sarimax,2018-02-09 22:00:00,2018-02-09 23:00:00,2126.0,2623.569074744333,2018-02-09 22:00:00,-497.5690747443332
base_02,sarimax,2018-02-09 23:00:00,2018-02-10 00:00:00,1102.0,2193.119965103502,2018-02-09 23:00:00,-1091.1199651035022
base_02,sarimax,2018-02-10 00:00:00,2018-02-10 01:00:00,603.0,1097.4355714946437,2018-02-10 00:00:00,-494.4355714946437
base_02,sarimax,2018-02-10 01:00:00,2018-02-10 02:00:00,438.0,659.9052487402665,2018-02-10 01:00:00,-221.90524874026653
base_02,sarimax,2018-02-10 02:00:00,2018-02-10 03:00:00,330.0,477.9881992691622,2018-02-10 02:00:00,-147.98819926916218
base_02,sarimax,2018-02-10 03:00:00,2018-02-10 04:00:00,389.0,424.691638089048,2018-02-10 03:00:00,-35.69163808904801
base_02,sarimax,2018-02-10 04:00:00,2018-02-10 05:00:00,688.0,435.54258468474313,2018-02-10 04:00:00,252.45741531525687
base_02,sarimax,2018-02-10 05:00:00,2018-02-10 06:00:00,1164.0,694.5433810295344,2018-02-10 05:00:00,469.45661897046557
base_02,sarimax,2018-02-10 06:00:00,2018-02-10 07:00:00,1911.0,1157.3007113339786,2018-02-10 06:00:00,753.6992886660214
base_02,sarimax,2018-02-10 07:00:00,2018-02-10 08:00:00,3115.0,1887.6819683877347,2018-02-10 07:00:00,1227.3180316122653
base_02,sarimax,2018-02-10 08:00:00,2018-02-10 09:00:00,3653.0,3066.8296013612526,2018-02-10 08:00:00,586.1703986387474
base_02,sarimax,2018-02-10 09:00:00,2018-02-10 10:00:00,4161.0,3619.2298731159226,2018-02-10 09:00:00,541.7701268840774
base_02,sarimax,2018-02-10 10:00:00,2018-02-10 11:00:00,4514.0,4111.693971121715,2018-02-10 10:00:00,402.30602887828536
base_02,sarimax,2018-02-10 11:00:00,2018-02-10 12:00:00,5237.0,4421.367561673755,2018-02-10 11:00:00,815.6324383262454
base_02,sarimax,2018-02-10 12:00:00,2018-02-10 13:00:00,4925.0,5222.159592962544,2018-02-10 12:00:00,-297.1595929625437
base_02,sarimax,2018-02-10 13:00:00,2018-02-10 14:00:00,5173.0,4886.775135262653,2018-02-10 13:00:00,286.22486473734716
base_02,sarimax,2018-02-10 14:00:00,2018-02-10 15:00:00,5030.0,5159.186232883165,2018-02-10 14:00:00,-129.18623288316485
base_02,sarimax,2018-02-10 15:00:00,2018-02-10 16:00:00,4841.0,4976.114863202307,2018-02-10 15:00:00,-135.11486320230688
base_02,sarimax,2018-02-10 16:00:00,2018-02-10 17:00:00,4808.0,4883.187216003338,2018-02-10 16:00:00,-75.18721600333811
base_02,sarimax,2018-02-10 17:00:00,2018-02-10 18:00:00,4803.0,4776.259453514526,2018-02-10 17:00:00,26.740546485473715
base_02,sarimax,2018-02-10 18:00:00,2018-02-10 19:00:00,4346.0,4799.146348732209,2018-02-10 18:00:00,-453.14634873220893
base_02,sarimax,2018-02-10 19:00:00,2018-02-10 20:00:00,3448.0,4330.981857450743,2018-02-10 19:00:00,-882.9818574507426
base_02,sarimax,2018-02-10 20:00:00,2018-02-10 21:00:00,3962.0,3431.601635095865,2018-02-10 20:00:00,530.3983649041352
base_02,sarimax,2018-02-10 21:00:00,2018-02-10 22:00:00,4180.0,3950.7640003357446,2018-02-10 21:00:00,229.23599966425536
base_02,sarimax,2018-02-10 22:00:00,2018-02-10 23:00:00,2459.0,4189.091443890526,2018-02-10 22:00:00,-1730.0914438905256
base_02,sarimax,2018-02-10 23:00:00,2018-02-11 00:00:00,1367.0,2539.478538177086,2018-02-10 23:00:00,-1172.4785381770862
base_02,sarimax,2018-02-11 00:00:00,2018-02-11 01:00:00,761.0,1307.2067905887266,2018-02-11 00:00:00,-546.2067905887266
base_02,sarimax,2018-02-11 01:00:00,2018-02-11 02:00:00,488.0,731.3370781919666,2018-02-11 01:00:00,-243.3370781919666
base_02,sarimax,2018-02-11 02:00:00,2018-02-11 03:00:00,302.0,653.084283340261,2018-02-11 02:00:00,-351.084283340261
base_02,sarimax,2018-02-11 03:00:00,2018-02-11 04:00:00,254.0,407.4174788771124,2018-02-11 03:00:00,-153.4174788771124
base_02,sarimax,2018-02-11 04:00:00,2018-02-11 05:00:00,431.0,313.7915208698379,2018-02-11 04:00:00,117.20847913016212
base_02,sarimax,2018-02-11 05:00:00,2018-02-11 06:00:00,789.0,456.79693593812556,2018-02-11 05:00:00,332.20306406187444
base_02,sarimax,2018-02-11 06:00:00,2018-02-11 07:00:00,1607.0,795.7230877508714,2018-02-11 06:00:00,811.2769122491286
base_02,sarimax,2018-02-11 07:00:00,2018-02-11 08:00:00,2817.0,1605.027757427576,2018-02-11 07:00:00,1211.972242572424
base_02,sarimax,2018-02-11 08:00:00,2018-02-11 09:00:00,3358.0,2787.299532634705,2018-02-11 08:00:00,570.700467365295
base_02,sarimax,2018-02-11 09:00:00,2018-02-11 10:00:00,3869.0,3367.2061794905662,2018-02-11 09:00:00,501.7938205094338
base_02,sarimax,2018-02-11 10:00:00,2018-02-11 11:00:00,4223.0,3827.0807119252286,2018-02-11 10:00:00,395.91928807477143
base_02,sarimax,2018-02-11 11:00:00,2018-02-11 12:00:00,4950.0,4136.334783677112,2018-02-11 11:00:00,813.6652163228882
base_02,sarimax,2018-02-11 12:00:00,2018-02-11 13:00:00,4637.0,4928.0390035399005,2018-02-11 12:00:00,-291.0390035399005
base_02,sarimax,2018-02-11 13:00:00,2018-02-11 14:00:00,4886.0,4623.3445337785215,2018-02-11 13:00:00,262.6554662214785
base_02,sarimax,2018-02-11 14:00:00,2018-02-11 15:00:00,4629.0,4895.497645703612,2018-02-11 14:00:00,-266.49764570361185
base_02,sarimax,2018-02-11 15:00:00,2018-02-11 16:00:00,4678.0,4580.358307521719,2018-02-11 15:00:00,97.64169247828067
base_02,sarimax,2018-02-11 16:00:00,2018-02-11 17:00:00,4276.0,4725.65202960174,2018-02-11 16:00:00,-449.65202960173974
base_02,sarimax,2018-02-11 17:00:00,2018-02-11 18:00:00,3846.0,4252.551893186956,2018-02-11 17:00:00,-406.55189318695557
base_02,sarimax,2018-02-11 18:00:00,2018-02-11 19:00:00,2903.0,3859.5973514801726,2018-02-11 18:00:00,-956.5973514801726
base_02,sarimax,2018-02-11 19:00:00,2018-02-11 20:00:00,2435.0,2874.608615497986,2018-02-11 19:00:00,-439.6086154979862
base_02,sarimax,2018-02-11 20:00:00,2018-02-11 21:00:00,1902.0,2446.162479801812,2018-02-11 20:00:00,-544.162479801812
base_02,sarimax,2018-02-11 21:00:00,2018-02-11 22:00:00,1372.0,1930.1881560516335,2018-02-11 21:00:00,-558.1881560516335
base_02,sarimax,2018-02-11 22:00:00,2018-02-11 23:00:00,865.0,1453.518356348709,2018-02-11 22:00:00,-588.518356348709
base_02,sarimax,2018-02-11 23:00:00,2018-02-12 00:00:00,502.0,900.9459456281209,2018-02-11 23:00:00,-398.94594562812085
base_02,sarimax,2018-02-12 00:00:00,2018-02-12 01:00:00,286.0,537.6513478230465,2018-02-12 00:00:00,-251.65134782304654
base_02,sarimax,2018-02-12 01:00:00,2018-02-12 02:00:00,230.0,315.2277297638883,2018-02-12 01:00:00,-85.2277297638883
base_02,sarimax,2018-02-12 02:00:00,2018-02-12 03:00:00,311.0,272.758781067444,2018-02-12 02:00:00,38.24121893255602
base_02,sarimax,2018-02-12 03:00:00,2018-02-12 04:00:00,809.0,326.2004741716869,2018-02-12 03:00:00,482.7995258283131
base_02,sarimax,2018-02-12 04:00:00,2018-02-12 05:00:00,2735.0,815.9240312898146,2018-02-12 04:00:00,1919.0759687101854
base_02,sarimax,2018-02-12 05:00:00,2018-02-12 06:00:00,5454.0,2711.9749813827284,2018-02-12 05:00:00,2742.0250186172716
base_02,sarimax,2018-02-12 06:00:00,2018-02-12 07:00:00,6107.0,5438.264732020925,2018-02-12 06:00:00,668.7352679790747
base_02,sarimax,2018-02-12 07:00:00,2018-02-12 08:00:00,5876.0,6040.575346414604,2018-02-12 07:00:00,-164.5753464146037
base_02,sarimax,2018-02-12 08:00:00,2018-02-12 09:00:00,4941.0,5674.49206118562,2018-02-12 08:00:00,-733.4920611856196
base_02,sarimax,2018-02-12 09:00:00,2018-02-12 10:00:00,4307.0,4673.92930821217,2018-02-12 09:00:00,-366.9293082121703
base_02,sarimax,2018-02-12 10:00:00,2018-02-12 11:00:00,4367.0,4266.001133092455,2018-02-12 10:00:00,100.99886690754465
base_02,sarimax,2018-02-12 11:00:00,2018-02-12 12:00:00,4545.0,4412.593868477435,2018-02-12 11:00:00,132.40613152256537
base_02,sarimax,2018-02-12 12:00:00,2018-02-12 13:00:00,4561.0,4664.1826770881235,2018-02-12 12:00:00,-103.18267708812346
base_02,sarimax,2018-02-12 13:00:00,2018-02-12 14:00:00,4998.0,4647.1833488431275,2018-02-12 13:00:00,350.81665115687247
base_02,sarimax,2018-02-12 14:00:00,2018-02-12 15:00:00,5525.0,5016.295268501345,2018-02-12 14:00:00,508.70473149865484
base_02,sarimax,2018-02-12 15:00:00,2018-02-12 16:00:00,6459.0,5516.964854871356,2018-02-12 15:00:00,942.0351451286442
base_02,sarimax,2018-02-12 16:00:00,2018-02-12 17:00:00,5852.0,6463.899636031086,2018-02-12 16:00:00,-611.8996360310857
base_02,sarimax,2018-02-12 17:00:00,2018-02-12 18:00:00,4245.0,5809.590226253336,2018-02-12 17:00:00,-1564.5902262533364
base_02,sarimax,2018-02-12 18:00:00,2018-02-12 19:00:00,3034.0,4185.280351133851,2018-02-12 18:00:00,-1151.2803511338507
base_02,sarimax,2018-02-12 19:00:00,2018-02-12 20:00:00,2498.0,2909.4524081272893,2018-02-12 19:00:00,-411.45240812728935
base_02,sarimax,2018-02-12 20:00:00,2018-02-12 21:00:00,2055.0,2537.14344290855,2018-02-12 20:00:00,-482.1434429085498
base_02,sarimax,2018-02-12 21:00:00,2018-02-12 22:00:00,1440.0,2203.268585134369,2018-02-12 21:00:00,-763.268585134369
base_02,sarimax,2018-02-12 22:00:00,2018-02-12 23:00:00,934.0,1557.0524400557215,2018-02-12 22:00:00,-623.0524400557215
base_02,sarimax,2018-02-12 23:00:00,2018-02-13 00:00:00,498.0,971.6181536473936,2018-02-12 23:00:00,-473.61815364739357
base_02,sarimax,2018-02-13 00:00:00,2018-02-13 01:00:00,300.0,557.0957529315222,2018-02-13 00:00:00,-257.09575293152216
base_02,sarimax,2018-02-13 01:00:00,2018-02-13 02:00:00,225.0,375.2636958372776,2018-02-13 01:00:00,-150.26369583727762
base_02,sarimax,2018-02-13 02:00:00,2018-02-13 03:00:00,368.0,294.03788099047296,2018-02-13 02:00:00,73.96211900952704
base_02,sarimax,2018-02-13 03:00:00,2018-02-13 04:00:00,885.0,431.74837589328814,2018-02-13 03:00:00,453.25162410671186
base_02,sarimax,2018-02-13 04:00:00,2018-02-13 05:00:00,2885.0,922.6020470436289,2018-02-13 04:00:00,1962.3979529563712
base_02,sarimax,2018-02-13 05:00:00,2018-02-13 06:00:00,5675.0,2907.756386349545,2018-02-13 05:00:00,2767.243613650455
base_02,sarimax,2018-02-13 06:00:00,2018-02-13 07:00:00,6585.0,5674.613983872401,2018-02-13 06:00:00,910.3860161275989
base_02,sarimax,2018-02-13 07:00:00,2018-02-13 08:00:00,5915.0,6533.141599922134,2018-02-13 07:00:00,-618.1415999221344
base_02,sarimax,2018-02-13 08:00:00,2018-02-13 09:00:00,5060.0,5714.346427338066,2018-02-13 08:00:00,-654.346427338066
base_02,sarimax,2018-02-13 09:00:00,2018-02-13 10:00:00,4423.0,4797.844783205302,2018-02-13 09:00:00,-374.8447832053016
base_02,sarimax,2018-02-13 10:00:00,2018-02-13 11:00:00,4722.0,4363.9006460452765,2018-02-13 10:00:00,358.0993539547235
base_02,sarimax,2018-02-13 11:00:00,2018-02-13 12:00:00,4825.0,4827.874375535713,2018-02-13 11:00:00,-2.8743755357127156
base_02,sarimax,2018-02-13 12:00:00,2018-02-13 13:00:00,4762.0,4929.384566019387,2018-02-13 12:00:00,-167.38456601938742
base_02,sarimax,2018-02-13 13:00:00,2018-02-13 14:00:00,5007.0,4869.058418958412,2018-02-13 13:00:00,137.9415810415876
base_02,sarimax,2018-02-13 14:00:00,2018-02-13 15:00:00,5647.0,4999.8724730578,2018-02-13 14:00:00,647.1275269422003
base_02,sarimax,2018-02-13 15:00:00,2018-02-13 16:00:00,6587.0,5654.997203996548,2018-02-13 15:00:00,932.0027960034522
base_02,sarimax,2018-02-13 16:00:00,2018-02-13 17:00:00,6308.0,6603.4501479179135,2018-02-13 16:00:00,-295.45014791791345
base_02,sarimax,2018-02-13 17:00:00,2018-02-13 18:00:00,4917.0,6275.179154918886,2018-02-13 17:00:00,-1358.1791549188856
base_02,sarimax,2018-02-13 18:00:00,2018-02-13 19:00:00,3424.0,4838.424547915859,2018-02-13 18:00:00,-1414.424547915859
base_02,sarimax,2018-02-13 19:00:00,2018-02-13 20:00:00,2979.0,3310.425684416238,2018-02-13 19:00:00,-331.4256844162378
base_02,sarimax,2018-02-13 20:00:00,2018-02-13 21:00:00,3680.0,2996.71402328981,2018-02-13 20:00:00,683.28597671019
base_02,sarimax,2018-02-13 21:00:00,2018-02-13 22:00:00,2908.0,3810.1496840668187,2018-02-13 21:00:00,-902.1496840668187
base_02,sarimax,2018-02-13 22:00:00,2018-02-13 23:00:00,1107.0,3052.176818763063,2018-02-13 22:00:00,-1945.1768187630628
base_02,sarimax,2018-02-13 23:00:00,2018-02-14 00:00:00,597.0,1145.897384496914,2018-02-13 23:00:00,-548.8973844969139
base_02,sarimax,2018-02-14 00:00:00,2018-02-14 01:00:00,345.0,521.2009909993558,2018-02-14 00:00:00,-176.20099099935578
base_02,sarimax,2018-02-14 01:00:00,2018-02-14 02:00:00,283.0,418.6585754510183,2018-02-14 01:00:00,-135.6585754510183
base_02,sarimax,2018-02-14 02:00:00,2018-02-14 03:00:00,348.0,454.0840410305607,2018-02-14 02:00:00,-106.08404103056068
base_02,sarimax,2018-02-14 03:00:00,2018-02-14 04:00:00,882.0,389.2336142600746,2018-02-14 03:00:00,492.7663857399254
base_02,sarimax,2018-02-14 04:00:00,2018-02-14 05:00:00,2837.0,907.3144553731413,2018-02-14 04:00:00,1929.6855446268587
base_02,sarimax,2018-02-14 05:00:00,2018-02-14 06:00:00,5402.0,2831.3522626609306,2018-02-14 05:00:00,2570.6477373390694
base_02,sarimax,2018-02-14 06:00:00,2018-02-14 07:00:00,5826.0,5392.856882941436,2018-02-14 06:00:00,433.1431170585638
base_02,sarimax,2018-02-14 07:00:00,2018-02-14 08:00:00,5572.0,5773.106105954148,2018-02-14 07:00:00,-201.106105954148
base_02,sarimax,2018-02-14 08:00:00,2018-02-14 09:00:00,5194.0,5365.463528501716,2018-02-14 08:00:00,-171.4635285017157
base_02,sarimax,2018-02-14 09:00:00,2018-02-14 10:00:00,4766.0,4954.994497797914,2018-02-14 09:00:00,-188.99449779791394
base_02,sarimax,2018-02-14 10:00:00,2018-02-14 11:00:00,4842.0,4769.709228369337,2018-02-14 10:00:00,72.29077163066268
base_02,sarimax,2018-02-14 11:00:00,2018-02-14 12:00:00,4975.0,4920.152305512372,2018-02-14 11:00:00,54.84769448762836
base_02,sarimax,2018-02-14 12:00:00,2018-02-14 13:00:00,5027.0,5048.571930458121,2018-02-14 12:00:00,-21.571930458120733
base_02,sarimax,2018-02-14 13:00:00,2018-02-14 14:00:00,5221.0,5110.152391853345,2018-02-14 13:00:00,110.84760814665515
base_02,sarimax,2018-02-14 14:00:00,2018-02-14 15:00:00,5696.0,5238.864697781392,2018-02-14 14:00:00,457.13530221860765
base_02,sarimax,2018-02-14 15:00:00,2018-02-14 16:00:00,6660.0,5701.248338363566,2018-02-14 15:00:00,958.7516616364337
base_02,sarimax,2018-02-14 16:00:00,2018-02-14 17:00:00,6154.0,6668.765445026527,2018-02-14 16:00:00,-514.7654450265272
base_02,sarimax,2018-02-14 17:00:00,2018-02-14 18:00:00,4607.0,6136.684331902733,2018-02-14 17:00:00,-1529.684331902733
base_02,sarimax,2018-02-14 18:00:00,2018-02-14 19:00:00,3268.0,4539.543963101631,2018-02-14 18:00:00,-1271.5439631016307
base_02,sarimax,2018-02-14 19:00:00,2018-02-14 20:00:00,2775.0,3144.9623610493854,2018-02-14 19:00:00,-369.96236104938544
base_02,sarimax,2018-02-14 20:00:00,2018-02-14 21:00:00,2493.0,2818.544074243611,2018-02-14 20:00:00,-325.5440742436108
base_02,sarimax,2018-02-14 21:00:00,2018-02-14 22:00:00,1772.0,2647.9398459422514,2018-02-14 21:00:00,-875.9398459422514
base_02,sarimax,2018-02-14 22:00:00,2018-02-14 23:00:00,1122.0,1904.8245932368895,2018-02-14 22:00:00,-782.8245932368895
base_02,sarimax,2018-02-14 23:00:00,2018-02-15 00:00:00,639.0,1169.8951256368748,2018-02-14 23:00:00,-530.8951256368748
base_02,sarimax,2018-02-15 00:00:00,2018-02-15 01:00:00,353.0,671.0202364410457,2018-02-15 00:00:00,-318.02023644104565
base_02,sarimax,2018-02-15 01:00:00,2018-02-15 02:00:00,253.0,417.63703808681043,2018-02-15 01:00:00,-164.63703808681043
base_02,sarimax,2018-02-15 02:00:00,2018-02-15 03:00:00,353.0,313.80457398091767,2018-02-15 02:00:00,39.19542601908233
base_02,sarimax,2018-02-15 03:00:00,2018-02-15 04:00:00,889.0,389.4660291851606,2018-02-15 03:00:00,499.5339708148394
base_02,sarimax,2018-02-15 04:00:00,2018-02-15 05:00:00,2862.0,899.4501537148797,2018-02-15 04:00:00,1962.5498462851203
base_02,sarimax,2018-02-15 05:00:00,2018-02-15 06:00:00,5454.0,2863.0272571442574,2018-02-15 05:00:00,2590.9727428557426
base_02,sarimax,2018-02-15 06:00:00,2018-02-15 07:00:00,6174.0,5425.366635950328,2018-02-15 06:00:00,748.6333640496723
base_02,sarimax,2018-02-15 07:00:00,2018-02-15 08:00:00,5488.0,6123.537634749404,2018-02-15 07:00:00,-635.5376347494039
base_02,sarimax,2018-02-15 08:00:00,2018-02-15 09:00:00,5630.0,5278.636463720181,2018-02-15 08:00:00,351.3635362798186
base_02,sarimax,2018-02-15 09:00:00,2018-02-15 10:00:00,4508.0,5388.646042713336,2018-02-15 09:00:00,-880.6460427133361
base_02,sarimax,2018-02-15 10:00:00,2018-02-15 11:00:00,4644.0,4465.777824318012,2018-02-15 10:00:00,178.22217568198812
base_02,sarimax,2018-02-15 11:00:00,2018-02-15 12:00:00,5034.0,4740.433254025374,2018-02-15 11:00:00,293.56674597462643
base_02,sarimax,2018-02-15 12:00:00,2018-02-15 13:00:00,4960.0,5021.565223933845,2018-02-15 12:00:00,-61.56522393384512
base_02,sarimax,2018-02-15 13:00:00,2018-02-15 14:00:00,5248.0,5068.9613883921675,2018-02-15 13:00:00,179.03861160783254
base_02,sarimax,2018-02-15 14:00:00,2018-02-15 15:00:00,5844.0,5230.372844395881,2018-02-15 14:00:00,613.6271556041193
base_02,sarimax,2018-02-15 15:00:00,2018-02-15 16:00:00,6807.0,5804.222843654405,2018-02-15 15:00:00,1002.7771563455954
base_02,sarimax,2018-02-15 16:00:00,2018-02-15 17:00:00,6262.0,6806.720491642382,2018-02-15 16:00:00,-544.7204916423816
base_02,sarimax,2018-02-15 17:00:00,2018-02-15 18:00:00,4982.0,6223.9809891757795,2018-02-15 17:00:00,-1241.9809891757795
base_02,sarimax,2018-02-15 18:00:00,2018-02-15 19:00:00,3463.0,4907.649664042305,2018-02-15 18:00:00,-1444.6496640423047
base_02,sarimax,2018-02-15 19:00:00,2018-02-15 20:00:00,3144.0,3349.3704716388493,2018-02-15 19:00:00,-205.37047163884927
base_02,sarimax,2018-02-15 20:00:00,2018-02-15 21:00:00,3916.0,3186.380490375569,2018-02-15 20:00:00,729.619509624431
base_02,sarimax,2018-02-15 21:00:00,2018-02-15 22:00:00,2674.0,4020.7938220768383,2018-02-15 21:00:00,-1346.7938220768383
base_02,sarimax,2018-02-15 22:00:00,2018-02-15 23:00:00,1179.0,2813.7288183102337,2018-02-15 22:00:00,-1634.7288183102337
base_02,sarimax,2018-02-15 23:00:00,2018-02-16 00:00:00,674.0,1160.5637538328838,2018-02-15 23:00:00,-486.5637538328838
base_02,sarimax,2018-02-16 00:00:00,2018-02-16 01:00:00,387.0,554.4515758147726,2018-02-16 00:00:00,-167.45157581477258
base_02,sarimax,2018-02-16 01:00:00,2018-02-16 02:00:00,273.0,460.54796487499027,2018-02-16 01:00:00,-187.54796487499027
base_02,sarimax,2018-02-16 02:00:00,2018-02-16 03:00:00,369.0,382.68058476551573,2018-02-16 02:00:00,-13.680584765515732
base_02,sarimax,2018-02-16 03:00:00,2018-02-16 04:00:00,831.0,383.1669682760931,2018-02-16 03:00:00,447.8330317239069
base_02,sarimax,2018-02-16 04:00:00,2018-02-16 05:00:00,2676.0,833.0304804125844,2018-02-16 04:00:00,1842.9695195874156
base_02,sarimax,2018-02-16 05:00:00,2018-02-16 06:00:00,5122.0,2661.8603037771727,2018-02-16 05:00:00,2460.1396962228273
base_02,sarimax,2018-02-16 06:00:00,2018-02-16 07:00:00,6444.0,5098.6101551307775,2018-02-16 06:00:00,1345.3898448692225
base_02,sarimax,2018-02-16 07:00:00,2018-02-16 08:00:00,5589.0,6383.874919966566,2018-02-16 07:00:00,-794.8749199665663
base_02,sarimax,2018-02-16 08:00:00,2018-02-16 09:00:00,4764.0,5397.6666105851955,2018-02-16 08:00:00,-633.6666105851955
base_02,sarimax,2018-02-16 09:00:00,2018-02-16 10:00:00,4646.0,4530.518442827817,2018-02-16 09:00:00,115.48155717218287
base_02,sarimax,2018-02-16 10:00:00,2018-02-16 11:00:00,4947.0,4540.854875309537,2018-02-16 10:00:00,406.1451246904626
base_02,sarimax,2018-02-16 11:00:00,2018-02-16 12:00:00,5337.0,5069.464045603267,2018-02-16 11:00:00,267.53595439673336
base_02,sarimax,2018-02-16 12:00:00,2018-02-16 13:00:00,5333.0,5458.073866524865,2018-02-16 12:00:00,-125.07386652486457
base_02,sarimax,2018-02-16 13:00:00,2018-02-16 14:00:00,5224.0,5369.5559273288645,2018-02-16 13:00:00,-145.55592732886453
base_02,sarimax,2018-02-16 14:00:00,2018-02-16 15:00:00,5921.0,5216.876053043461,2018-02-16 14:00:00,704.1239469565389
base_02,sarimax,2018-02-16 15:00:00,2018-02-16 16:00:00,6371.0,5903.1148902212935,2018-02-16 15:00:00,467.88510977870646
base_02,sarimax,2018-02-16 16:00:00,2018-02-16 17:00:00,5731.0,6383.480346250992,2018-02-16 16:00:00,-652.4803462509917
base_02,sarimax,2018-02-16 17:00:00,2018-02-16 18:00:00,4896.0,5744.411783247086,2018-02-16 17:00:00,-848.4117832470856
base_02,sarimax,2018-02-16 18:00:00,2018-02-16 19:00:00,3687.0,4811.899989109525,2018-02-16 18:00:00,-1124.8999891095254
base_02,sarimax,2018-02-16 19:00:00,2018-02-16 20:00:00,3027.0,3626.446856814874,2018-02-16 19:00:00,-599.4468568148741
base_02,sarimax,2018-02-16 20:00:00,2018-02-16 21:00:00,2903.0,3082.419359064057,2018-02-16 20:00:00,-179.41935906405706
base_02,sarimax,2018-02-16 21:00:00,2018-02-16 22:00:00,2591.0,2991.88670704965,2018-02-16 21:00:00,-400.8867070496499
base_02,sarimax,2018-02-16 22:00:00,2018-02-16 23:00:00,1725.0,2717.9502776302556,2018-02-16 22:00:00,-992.9502776302556
base_02,sarimax,2018-02-16 23:00:00,2018-02-17 00:00:00,1068.0,1807.06472192829,2018-02-16 23:00:00,-739.06472192829
base_02,sarimax,2018-02-17 00:00:00,2018-02-17 01:00:00,661.0,1087.8272921871062,2018-02-17 00:00:00,-426.8272921871062
base_02,sarimax,2018-02-17 01:00:00,2018-02-17 02:00:00,538.0,700.080215733087,2018-02-17 01:00:00,-162.08021573308702
base_02,sarimax,2018-02-17 02:00:00,2018-02-17 03:00:00,352.0,645.7534705507285,2018-02-17 02:00:00,-293.7534705507285
base_02,sarimax,2018-02-17 03:00:00,2018-02-17 04:00:00,386.0,428.43885996614335,2018-02-17 03:00:00,-42.438859966143355
base_02,sarimax,2018-02-17 04:00:00,2018-02-17 05:00:00,627.0,438.2769870591153,2018-02-17 04:00:00,188.7230129408847
base_02,sarimax,2018-02-17 05:00:00,2018-02-17 06:00:00,1226.0,648.1230082215512,2018-02-17 05:00:00,577.8769917784488
base_02,sarimax,2018-02-17 06:00:00,2018-02-17 07:00:00,1831.0,1259.7806540223694,2018-02-17 06:00:00,571.2193459776306
base_02,sarimax,2018-02-17 07:00:00,2018-02-17 08:00:00,2826.0,1836.0536045460299,2018-02-17 07:00:00,989.9463954539701
base_02,sarimax,2018-02-17 08:00:00,2018-02-17 09:00:00,3514.0,2803.844766965234,2018-02-17 08:00:00,710.1552330347658
base_02,sarimax,2018-02-17 09:00:00,2018-02-17 10:00:00,3977.0,3462.526331694824,2018-02-17 09:00:00,514.473668305176
base_02,sarimax,2018-02-17 10:00:00,2018-02-17 11:00:00,4526.0,3932.3712962403506,2018-02-17 10:00:00,593.6287037596494
base_02,sarimax,2018-02-17 11:00:00,2018-02-17 12:00:00,4933.0,4448.499030188289,2018-02-17 11:00:00,484.500969811711
base_02,sarimax,2018-02-17 12:00:00,2018-02-17 13:00:00,4792.0,4883.976126741827,2018-02-17 12:00:00,-91.9761267418271
base_02,sarimax,2018-02-17 13:00:00,2018-02-17 14:00:00,4881.0,4765.063962390281,2018-02-17 13:00:00,115.93603760971928
base_02,sarimax,2018-02-17 14:00:00,2018-02-17 15:00:00,4912.0,4848.722086452406,2018-02-17 14:00:00,63.277913547593926
base_02,sarimax,2018-02-17 15:00:00,2018-02-17 16:00:00,5935.0,4879.2965226009,2018-02-17 15:00:00,1055.7034773991
base_02,sarimax,2018-02-17 16:00:00,2018-02-17 17:00:00,4550.0,5963.025064139085,2018-02-17 16:00:00,-1413.0250641390849
base_02,sarimax,2018-02-17 17:00:00,2018-02-17 18:00:00,4284.0,4527.681191322684,2018-02-17 17:00:00,-243.68119132268384
base_02,sarimax,2018-02-17 18:00:00,2018-02-17 19:00:00,3489.0,4266.311325509777,2018-02-17 18:00:00,-777.3113255097769
base_02,sarimax,2018-02-17 19:00:00,2018-02-17 20:00:00,2947.0,3351.488110215483,2018-02-17 19:00:00,-404.4881102154832
base_02,sarimax,2018-02-17 20:00:00,2018-02-17 21:00:00,3089.0,3062.8229046839606,2018-02-17 20:00:00,26.177095316039413
base_02,sarimax,2018-02-17 21:00:00,2018-02-17 22:00:00,2945.0,3095.2249320980873,2018-02-17 21:00:00,-150.22493209808727
base_02,sarimax,2018-02-17 22:00:00,2018-02-17 23:00:00,1858.0,2999.4734665073406,2018-02-17 22:00:00,-1141.4734665073406
base_02,sarimax,2018-02-17 23:00:00,2018-02-18 00:00:00,1169.0,1868.3688267884477,2018-02-17 23:00:00,-699.3688267884477
base_02,sarimax,2018-02-18 00:00:00,2018-02-18 01:00:00,733.0,1128.9403159468684,2018-02-18 00:00:00,-395.9403159468684
base_02,sarimax,2018-02-18 01:00:00,2018-02-18 02:00:00,593.0,725.2303959961503,2018-02-18 01:00:00,-132.23039599615026
base_02,sarimax,2018-02-18 02:00:00,2018-02-18 03:00:00,302.0,690.5899351007871,2018-02-18 02:00:00,-388.5899351007871
base_02,sarimax,2018-02-18 03:00:00,2018-02-18 04:00:00,284.0,376.72034136669413,2018-02-18 03:00:00,-92.72034136669413
base_02,sarimax,2018-02-18 04:00:00,2018-02-18 05:00:00,444.0,341.42242625566115,2018-02-18 04:00:00,102.57757374433885
base_02,sarimax,2018-02-18 05:00:00,2018-02-18 06:00:00,742.0,483.1631221607268,2018-02-18 05:00:00,258.8368778392732
base_02,sarimax,2018-02-18 06:00:00,2018-02-18 07:00:00,1210.0,788.0813069430321,2018-02-18 06:00:00,421.91869305696787
base_02,sarimax,2018-02-18 07:00:00,2018-02-18 08:00:00,1889.0,1226.4319356517738,2018-02-18 07:00:00,662.5680643482262
base_02,sarimax,2018-02-18 08:00:00,2018-02-18 09:00:00,2567.0,1880.477980984991,2018-02-18 08:00:00,686.5220190150089
base_02,sarimax,2018-02-18 09:00:00,2018-02-18 10:00:00,3505.0,2557.3978717253035,2018-02-18 09:00:00,947.6021282746965
base_02,sarimax,2018-02-18 10:00:00,2018-02-18 11:00:00,3826.0,3483.3364330678783,2018-02-18 10:00:00,342.66356693212174
base_02,sarimax,2018-02-18 11:00:00,2018-02-18 12:00:00,4279.0,3796.010769561911,2018-02-18 11:00:00,482.9892304380892
base_02,sarimax,2018-02-18 12:00:00,2018-02-18 13:00:00,4388.0,4250.482588443703,2018-02-18 12:00:00,137.5174115562968
base_02,sarimax,2018-02-18 13:00:00,2018-02-18 14:00:00,4263.0,4336.959725611559,2018-02-18 13:00:00,-73.9597256115594
base_02,sarimax,2018-02-18 14:00:00,2018-02-18 15:00:00,4343.0,4257.341593869957,2018-02-18 14:00:00,85.65840613004275
base_02,sarimax,2018-02-18 15:00:00,2018-02-18 16:00:00,4424.0,4317.77117048269,2018-02-18 15:00:00,106.22882951731026
base_02,sarimax,2018-02-18 16:00:00,2018-02-18 17:00:00,4136.0,4421.98217952307,2018-02-18 16:00:00,-285.98217952307004
base_02,sarimax,2018-02-18 17:00:00,2018-02-18 18:00:00,3587.0,4153.02065386047,2018-02-18 17:00:00,-566.0206538604698
base_02,sarimax,2018-02-18 18:00:00,2018-02-18 19:00:00,3038.0,3567.26959270122,2018-02-18 18:00:00,-529.2695927012201
base_02,sarimax,2018-02-18 19:00:00,2018-02-18 20:00:00,2522.0,3008.135866650646,2018-02-18 19:00:00,-486.1358666506462
base_02,sarimax,2018-02-18 20:00:00,2018-02-18 21:00:00,2044.0,2534.791707528544,2018-02-18 20:00:00,-490.79170752854407
base_02,sarimax,2018-02-18 21:00:00,2018-02-18 22:00:00,1637.0,2073.1510354223597,2018-02-18 21:00:00,-436.15103542235966
base_02,sarimax,2018-02-18 22:00:00,2018-02-18 23:00:00,1152.0,1664.5189881682622,2018-02-18 22:00:00,-512.5189881682622
base_02,sarimax,2018-02-18 23:00:00,2018-02-19 00:00:00,623.0,1178.3059669434333,2018-02-18 23:00:00,-555.3059669434333
base_02,sarimax,2018-02-19 00:00:00,2018-02-19 01:00:00,360.0,650.5275586776148,2018-02-19 00:00:00,-290.5275586776148
base_02,sarimax,2018-02-19 01:00:00,2018-02-19 02:00:00,281.0,384.73774725333453,2018-02-19 01:00:00,-103.73774725333453
base_02,sarimax,2018-02-19 02:00:00,2018-02-19 03:00:00,340.0,327.16207280577044,2018-02-19 02:00:00,12.837927194229565
base_02,sarimax,2018-02-19 03:00:00,2018-02-19 04:00:00,781.0,377.6198981640724,2018-02-19 03:00:00,403.3801018359276
base_02,sarimax,2018-02-19 04:00:00,2018-02-19 05:00:00,2432.0,799.3869793325355,2018-02-19 04:00:00,1632.6130206674645
base_02,sarimax,2018-02-19 05:00:00,2018-02-19 06:00:00,4228.0,2425.676494809592,2018-02-19 05:00:00,1802.323505190408
base_02,sarimax,2018-02-19 06:00:00,2018-02-19 07:00:00,4740.0,4210.380512443616,2018-02-19 06:00:00,529.6194875563842
base_02,sarimax,2018-02-19 07:00:00,2018-02-19 08:00:00,3905.0,4681.049612622912,2018-02-19 07:00:00,-776.0496126229118
base_02,sarimax,2018-02-19 08:00:00,2018-02-19 09:00:00,3344.0,3725.3557198160524,2018-02-19 08:00:00,-381.35571981605244
base_02,sarimax,2018-02-19 09:00:00,2018-02-19 10:00:00,3226.0,3159.7243452967473,2018-02-19 09:00:00,66.27565470325271
base_02,sarimax,2018-02-19 10:00:00,2018-02-19 11:00:00,3239.0,3177.9899816333773,2018-02-19 10:00:00,61.01001836662272
base_02,sarimax,2018-02-19 11:00:00,2018-02-19 12:00:00,3484.0,3327.6034347066466,2018-02-19 11:00:00,156.39656529335343
base_02,sarimax,2018-02-19 12:00:00,2018-02-19 13:00:00,3450.0,3543.752046581654,2018-02-19 12:00:00,-93.75204658165421
base_02,sarimax,2018-02-19 13:00:00,2018-02-19 14:00:00,3490.0,3465.817740303708,2018-02-19 13:00:00,24.18225969629202
base_02,sarimax,2018-02-19 14:00:00,2018-02-19 15:00:00,3426.0,3490.7532297333805,2018-02-19 14:00:00,-64.75322973338052
base_02,sarimax,2018-02-19 15:00:00,2018-02-19 16:00:00,3682.0,3401.9913798403827,2018-02-19 15:00:00,280.0086201596173
base_02,sarimax,2018-02-19 16:00:00,2018-02-19 17:00:00,3585.0,3689.710593146895,2018-02-19 16:00:00,-104.71059314689501
base_02,sarimax,2018-02-19 17:00:00,2018-02-19 18:00:00,2659.0,3574.182058738867,2018-02-19 17:00:00,-915.182058738867
base_02,sarimax,2018-02-19 18:00:00,2018-02-19 19:00:00,2087.0,2661.800727995018,2018-02-19 18:00:00,-574.800727995018
base_02,sarimax,2018-02-19 19:00:00,2018-02-19 20:00:00,1821.0,2054.064609539287,2018-02-19 19:00:00,-233.06460953928718
base_02,sarimax,2018-02-19 20:00:00,2018-02-19 21:00:00,1593.0,1828.5494617284535,2018-02-19 20:00:00,-235.54946172845348
base_02,sarimax,2018-02-19 21:00:00,2018-02-19 22:00:00,1354.0,1680.8039611633176,2018-02-19 21:00:00,-326.8039611633176
base_02,sarimax,2018-02-19 22:00:00,2018-02-19 23:00:00,817.0,1410.395193310947,2018-02-19 22:00:00,-593.395193310947
base_02,sarimax,2018-02-19 23:00:00,2018-02-20 00:00:00,434.0,844.4859974792091,2018-02-19 23:00:00,-410.4859974792091
base_02,sarimax,2018-02-20 00:00:00,2018-02-20 01:00:00,269.0,459.79299521681077,2018-02-20 00:00:00,-190.79299521681077
base_02,sarimax,2018-02-20 01:00:00,2018-02-20 02:00:00,234.0,291.36766328679585,2018-02-20 01:00:00,-57.367663286795846
base_02,sarimax,2018-02-20 02:00:00,2018-02-20 03:00:00,342.0,288.4354840134486,2018-02-20 02:00:00,53.564515986551385
base_02,sarimax,2018-02-20 03:00:00,2018-02-20 04:00:00,825.0,383.3580310476112,2018-02-20 03:00:00,441.6419689523888
base_02,sarimax,2018-02-20 04:00:00,2018-02-20 05:00:00,2690.0,844.7673393170062,2018-02-20 04:00:00,1845.2326606829938
base_02,sarimax,2018-02-20 05:00:00,2018-02-20 06:00:00,4705.0,2691.1026248994553,2018-02-20 05:00:00,2013.8973751005447
base_02,sarimax,2018-02-20 06:00:00,2018-02-20 07:00:00,4844.0,4694.6016593494805,2018-02-20 06:00:00,149.39834065051946
base_02,sarimax,2018-02-20 07:00:00,2018-02-20 08:00:00,4738.0,4790.506380112445,2018-02-20 07:00:00,-52.506380112445186
base_02,sarimax,2018-02-20 08:00:00,2018-02-20 09:00:00,4707.0,4546.00215224154,2018-02-20 08:00:00,160.99784775846
base_02,sarimax,2018-02-20 09:00:00,2018-02-20 10:00:00,4062.0,4495.403343463934,2018-02-20 09:00:00,-433.4033434639341
base_02,sarimax,2018-02-20 10:00:00,2018-02-20 11:00:00,4058.0,4041.747452180495,2018-02-20 10:00:00,16.252547819504798
base_02,sarimax,2018-02-20 11:00:00,2018-02-20 12:00:00,4407.0,4073.3265247336512,2018-02-20 11:00:00,333.67347526634876
base_02,sarimax,2018-02-20 12:00:00,2018-02-20 13:00:00,4439.0,4413.7393058074995,2018-02-20 12:00:00,25.260694192500523
base_02,sarimax,2018-02-20 13:00:00,2018-02-20 14:00:00,4786.0,4500.81740867898,2018-02-20 13:00:00,285.1825913210196
base_02,sarimax,2018-02-20 14:00:00,2018-02-20 15:00:00,5620.0,4796.593330353319,2018-02-20 14:00:00,823.4066696466807
base_02,sarimax,2018-02-20 15:00:00,2018-02-20 16:00:00,6471.0,5585.0266126610995,2018-02-20 15:00:00,885.9733873389005
base_02,sarimax,2018-02-20 16:00:00,2018-02-20 17:00:00,5888.0,6469.684603556298,2018-02-20 16:00:00,-581.6846035562976
base_02,sarimax,2018-02-20 17:00:00,2018-02-20 18:00:00,4226.0,5844.296907445536,2018-02-20 17:00:00,-1618.296907445536
base_02,sarimax,2018-02-20 18:00:00,2018-02-20 19:00:00,3012.0,4141.330212634979,2018-02-20 18:00:00,-1129.330212634979
base_02,sarimax,2018-02-20 19:00:00,2018-02-20 20:00:00,2601.0,2882.9449164576126,2018-02-20 19:00:00,-281.94491645761263
base_02,sarimax,2018-02-20 20:00:00,2018-02-20 21:00:00,2591.0,2638.2460039203384,2018-02-20 20:00:00,-47.24600392033835
base_02,sarimax,2018-02-20 21:00:00,2018-02-20 22:00:00,1592.0,2748.9998005842267,2018-02-20 21:00:00,-1156.9998005842267
base_02,sarimax,2018-02-20 22:00:00,2018-02-20 23:00:00,965.0,1692.1304971424634,2018-02-20 22:00:00,-727.1304971424634
base_02,sarimax,2018-02-20 23:00:00,2018-02-21 00:00:00,516.0,996.0727433953405,2018-02-20 23:00:00,-480.07274339534047
base_02,sarimax,2018-02-21 00:00:00,2018-02-21 01:00:00,359.0,507.02886837111623,2018-02-21 00:00:00,-148.02886837111623
base_02,sarimax,2018-02-21 01:00:00,2018-02-21 02:00:00,237.0,437.64523928976826,2018-02-21 01:00:00,-200.64523928976826
base_02,sarimax,2018-02-21 02:00:00,2018-02-21 03:00:00,354.0,286.76288016775885,2018-02-21 02:00:00,67.23711983224115
base_02,sarimax,2018-02-21 03:00:00,2018-02-21 04:00:00,886.0,386.0316507133744,2018-02-21 03:00:00,499.9683492866256
base_02,sarimax,2018-02-21 04:00:00,2018-02-21 05:00:00,2858.0,888.2238301591078,2018-02-21 04:00:00,1969.7761698408922
base_02,sarimax,2018-02-21 05:00:00,2018-02-21 06:00:00,5569.0,2857.9421929254804,2018-02-21 05:00:00,2711.0578070745196
base_02,sarimax,2018-02-21 06:00:00,2018-02-21 07:00:00,6045.0,5550.715482796416,2018-02-21 06:00:00,494.2845172035841
base_02,sarimax,2018-02-21 07:00:00,2018-02-21 08:00:00,5638.0,5978.797446300157,2018-02-21 07:00:00,-340.7974463001574
base_02,sarimax,2018-02-21 08:00:00,2018-02-21 09:00:00,5062.0,5432.955875059857,2018-02-21 08:00:00,-370.95587505985714
base_02,sarimax,2018-02-21 09:00:00,2018-02-21 10:00:00,4553.0,4810.6303058816675,2018-02-21 09:00:00,-257.6303058816675
base_02,sarimax,2018-02-21 10:00:00,2018-02-21 11:00:00,4837.0,4541.335061115723,2018-02-21 10:00:00,295.66493888427703
base_02,sarimax,2018-02-21 11:00:00,2018-02-21 12:00:00,5091.0,4922.867509791624,2018-02-21 11:00:00,168.1324902083761
base_02,sarimax,2018-02-21 12:00:00,2018-02-21 13:00:00,4632.0,5193.279029303779,2018-02-21 12:00:00,-561.2790293037788
base_02,sarimax,2018-02-21 13:00:00,2018-02-21 14:00:00,5130.0,4709.887581024815,2018-02-21 13:00:00,420.1124189751854
base_02,sarimax,2018-02-21 14:00:00,2018-02-21 15:00:00,5364.0,5114.56728037809,2018-02-21 14:00:00,249.4327196219101
base_02,sarimax,2018-02-21 15:00:00,2018-02-21 16:00:00,6795.0,5358.257151177524,2018-02-21 15:00:00,1436.742848822476
base_02,sarimax,2018-02-21 16:00:00,2018-02-21 17:00:00,6282.0,6847.307229874078,2018-02-21 16:00:00,-565.3072298740781
base_02,sarimax,2018-02-21 17:00:00,2018-02-21 18:00:00,4583.0,6235.117533110738,2018-02-21 17:00:00,-1652.117533110738
base_02,sarimax,2018-02-21 18:00:00,2018-02-21 19:00:00,3356.0,4555.163352641573,2018-02-21 18:00:00,-1199.1633526415726
base_02,sarimax,2018-02-21 19:00:00,2018-02-21 20:00:00,2959.0,3165.6711042234633,2018-02-21 19:00:00,-206.67110422346332
base_02,sarimax,2018-02-21 20:00:00,2018-02-21 21:00:00,2471.0,2985.4086980932825,2018-02-21 20:00:00,-514.4086980932825
base_02,sarimax,2018-02-21 21:00:00,2018-02-21 22:00:00,1749.0,2633.696056317114,2018-02-21 21:00:00,-884.6960563171142
base_02,sarimax,2018-02-21 22:00:00,2018-02-21 23:00:00,1029.0,1842.109849157773,2018-02-21 22:00:00,-813.1098491577729
base_02,sarimax,2018-02-21 23:00:00,2018-02-22 00:00:00,528.0,1061.3448260801206,2018-02-21 23:00:00,-533.3448260801206
base_02,sarimax,2018-02-22 00:00:00,2018-02-22 01:00:00,338.0,556.4030203698804,2018-02-22 00:00:00,-218.40302036988044
base_02,sarimax,2018-02-22 01:00:00,2018-02-22 02:00:00,245.0,391.18920790274876,2018-02-22 01:00:00,-146.18920790274876
base_02,sarimax,2018-02-22 02:00:00,2018-02-22 03:00:00,339.0,302.0471423704176,2018-02-22 02:00:00,36.95285762958241
base_02,sarimax,2018-02-22 03:00:00,2018-02-22 04:00:00,853.0,371.5981483272124,2018-02-22 03:00:00,481.4018516727876
base_02,sarimax,2018-02-22 04:00:00,2018-02-22 05:00:00,2854.0,870.4220476009548,2018-02-22 04:00:00,1983.5779523990452
base_02,sarimax,2018-02-22 05:00:00,2018-02-22 06:00:00,5466.0,2861.313824670094,2018-02-22 05:00:00,2604.686175329906
base_02,sarimax,2018-02-22 06:00:00,2018-02-22 07:00:00,6559.0,5475.808859254459,2018-02-22 06:00:00,1083.191140745541
base_02,sarimax,2018-02-22 07:00:00,2018-02-22 08:00:00,5837.0,6539.726634434107,2018-02-22 07:00:00,-702.7266344341069
base_02,sarimax,2018-02-22 08:00:00,2018-02-22 09:00:00,5428.0,5655.640104108851,2018-02-22 08:00:00,-227.64010410885112
base_02,sarimax,2018-02-22 09:00:00,2018-02-22 10:00:00,4827.0,5195.488820999165,2018-02-22 09:00:00,-368.488820999165
base_02,sarimax,2018-02-22 10:00:00,2018-02-22 11:00:00,5108.0,4770.311208237928,2018-02-22 10:00:00,337.68879176207156
base_02,sarimax,2018-02-22 11:00:00,2018-02-22 12:00:00,4980.0,5227.84446605565,2018-02-22 11:00:00,-247.84446605564972
base_02,sarimax,2018-02-22 12:00:00,2018-02-22 13:00:00,5174.0,5042.178663179082,2018-02-22 12:00:00,131.82133682091808
base_02,sarimax,2018-02-22 13:00:00,2018-02-22 14:00:00,5353.0,5260.4926043815085,2018-02-22 13:00:00,92.5073956184915
base_02,sarimax,2018-02-22 14:00:00,2018-02-22 15:00:00,6263.0,5354.291843370197,2018-02-22 14:00:00,908.7081566298029
base_02,sarimax,2018-02-22 15:00:00,2018-02-22 16:00:00,6902.0,6298.348676245516,2018-02-22 15:00:00,603.6513237544841
base_02,sarimax,2018-02-22 16:00:00,2018-02-22 17:00:00,5900.0,6888.0073452385595,2018-02-22 16:00:00,-988.0073452385595
base_02,sarimax,2018-02-22 17:00:00,2018-02-22 18:00:00,4514.0,5886.745138056251,2018-02-22 17:00:00,-1372.7451380562507
base_02,sarimax,2018-02-22 18:00:00,2018-02-22 19:00:00,3048.0,4420.867437813053,2018-02-22 18:00:00,-1372.8674378130527
base_02,sarimax,2018-02-22 19:00:00,2018-02-22 20:00:00,2736.0,2976.8990143283995,2018-02-22 19:00:00,-240.89901432839952
base_02,sarimax,2018-02-22 20:00:00,2018-02-22 21:00:00,2247.0,2820.937402380206,2018-02-22 20:00:00,-573.9374023802061
base_02,sarimax,2018-02-22 21:00:00,2018-02-22 22:00:00,1905.0,2385.160817491587,2018-02-22 21:00:00,-480.16081749158684
base_02,sarimax,2018-02-22 22:00:00,2018-02-22 23:00:00,1372.0,2053.7675341687213,2018-02-22 22:00:00,-681.7675341687213
base_02,sarimax,2018-02-22 23:00:00,2018-02-23 00:00:00,632.0,1406.0045616091181,2018-02-22 23:00:00,-774.0045616091181
base_02,sarimax,2018-02-23 00:00:00,2018-02-23 01:00:00,390.0,676.8464154321911,2018-02-23 00:00:00,-286.84641543219107
base_02,sarimax,2018-02-23 01:00:00,2018-02-23 02:00:00,309.0,423.09565019127047,2018-02-23 01:00:00,-114.09565019127047
base_02,sarimax,2018-02-23 02:00:00,2018-02-23 03:00:00,368.0,363.1767093020852,2018-02-23 02:00:00,4.823290697914786
base_02,sarimax,2018-02-23 03:00:00,2018-02-23 04:00:00,830.0,443.5316034180753,2018-02-23 03:00:00,386.4683965819247
base_02,sarimax,2018-02-23 04:00:00,2018-02-23 05:00:00,2451.0,859.8913520298795,2018-02-23 04:00:00,1591.1086479701205
base_02,sarimax,2018-02-23 05:00:00,2018-02-23 06:00:00,4627.0,2457.744458553405,2018-02-23 05:00:00,2169.255541446595
base_02,sarimax,2018-02-23 06:00:00,2018-02-23 07:00:00,5240.0,4625.060431105379,2018-02-23 06:00:00,614.9395688946206
base_02,sarimax,2018-02-23 07:00:00,2018-02-23 08:00:00,4595.0,5193.02714476605,2018-02-23 07:00:00,-598.0271447660498
base_02,sarimax,2018-02-23 08:00:00,2018-02-23 09:00:00,4413.0,4428.036800958857,2018-02-23 08:00:00,-15.036800958857384
base_02,sarimax,2018-02-23 09:00:00,2018-02-23 10:00:00,4140.0,4195.465863600136,2018-02-23 09:00:00,-55.46586360013589
base_02,sarimax,2018-02-23 10:00:00,2018-02-23 11:00:00,4183.0,4076.9187100664303,2018-02-23 10:00:00,106.08128993356968
base_02,sarimax,2018-02-23 11:00:00,2018-02-23 12:00:00,4732.0,4266.563553539121,2018-02-23 11:00:00,465.43644646087887
base_02,sarimax,2018-02-23 12:00:00,2018-02-23 13:00:00,4786.0,4754.0996625574035,2018-02-23 12:00:00,31.900337442596538
base_02,sarimax,2018-02-23 13:00:00,2018-02-23 14:00:00,5131.0,4819.375644346089,2018-02-23 13:00:00,311.62435565391115
base_02,sarimax,2018-02-23 14:00:00,2018-02-23 15:00:00,5631.0,5143.71415343574,2018-02-23 14:00:00,487.2858465642603
base_02,sarimax,2018-02-23 15:00:00,2018-02-23 16:00:00,6368.0,5581.055895005354,2018-02-23 15:00:00,786.9441049946463
base_02,sarimax,2018-02-23 16:00:00,2018-02-23 17:00:00,5681.0,6360.968875145893,2018-02-23 16:00:00,-679.9688751458934
base_02,sarimax,2018-02-23 17:00:00,2018-02-23 18:00:00,4876.0,5642.7758479628355,2018-02-23 17:00:00,-766.7758479628355
base_02,sarimax,2018-02-23 18:00:00,2018-02-23 19:00:00,3751.0,4807.761722295761,2018-02-23 18:00:00,-1056.7617222957606
base_02,sarimax,2018-02-23 19:00:00,2018-02-23 20:00:00,3124.0,3637.775326335976,2018-02-23 19:00:00,-513.7753263359759
base_02,sarimax,2018-02-23 20:00:00,2018-02-23 21:00:00,3015.0,3168.739581977204,2018-02-23 20:00:00,-153.73958197720412
base_02,sarimax,2018-02-23 21:00:00,2018-02-23 22:00:00,2528.0,3068.081569030989,2018-02-23 21:00:00,-540.0815690309892
base_02,sarimax,2018-02-23 22:00:00,2018-02-23 23:00:00,2105.0,2621.9053823960767,2018-02-23 22:00:00,-516.9053823960767
base_02,sarimax,2018-02-23 23:00:00,2018-02-24 00:00:00,1043.0,2137.1622165810954,2018-02-23 23:00:00,-1094.1622165810954
base_02,sarimax,2018-02-24 00:00:00,2018-02-24 01:00:00,712.0,1026.7769047096667,2018-02-24 00:00:00,-314.7769047096667
base_02,sarimax,2018-02-24 01:00:00,2018-02-24 02:00:00,490.0,722.6284626713236,2018-02-24 01:00:00,-232.62846267132363
base_02,sarimax,2018-02-24 02:00:00,2018-02-24 03:00:00,425.0,497.443760628033,2018-02-24 02:00:00,-72.44376062803298
base_02,sarimax,2018-02-24 03:00:00,2018-02-24 04:00:00,404.0,491.6440885053626,2018-02-24 03:00:00,-87.64408850536262
base_02,sarimax,2018-02-24 04:00:00,2018-02-24 05:00:00,676.0,422.35955986806147,2018-02-24 04:00:00,253.64044013193853
base_02,sarimax,2018-02-24 05:00:00,2018-02-24 06:00:00,1119.0,678.8486532086608,2018-02-24 05:00:00,440.15134679133917
base_02,sarimax,2018-02-24 06:00:00,2018-02-24 07:00:00,1836.0,1111.5427734650852,2018-02-24 06:00:00,724.4572265349148
base_02,sarimax,2018-02-24 07:00:00,2018-02-24 08:00:00,3018.0,1850.2799201910052,2018-02-24 07:00:00,1167.7200798089948
base_02,sarimax,2018-02-24 08:00:00,2018-02-24 09:00:00,3753.0,3012.8507955503947,2018-02-24 08:00:00,740.1492044496053
base_02,sarimax,2018-02-24 09:00:00,2018-02-24 10:00:00,4373.0,3753.9434232574204,2018-02-24 09:00:00,619.0565767425796
base_02,sarimax,2018-02-24 10:00:00,2018-02-24 11:00:00,4487.0,4364.853425420633,2018-02-24 10:00:00,122.14657457936664
base_02,sarimax,2018-02-24 11:00:00,2018-02-24 12:00:00,4938.0,4420.560814662081,2018-02-24 11:00:00,517.4391853379193
base_02,sarimax,2018-02-24 12:00:00,2018-02-24 13:00:00,4744.0,4893.992354345223,2018-02-24 12:00:00,-149.99235434522325
base_02,sarimax,2018-02-24 13:00:00,2018-02-24 14:00:00,4831.0,4726.100822087346,2018-02-24 13:00:00,104.89917791265361
base_02,sarimax,2018-02-24 14:00:00,2018-02-24 15:00:00,3660.0,4842.175048952693,2018-02-24 14:00:00,-1182.175048952693
base_02,sarimax,2018-02-24 15:00:00,2018-02-24 16:00:00,3247.0,3627.006530161014,2018-02-24 15:00:00,-380.00653016101387
base_02,sarimax,2018-02-24 16:00:00,2018-02-24 17:00:00,2709.0,3265.7184971645797,2018-02-24 16:00:00,-556.7184971645797
base_02,sarimax,2018-02-24 17:00:00,2018-02-24 18:00:00,2677.0,2704.250322070917,2018-02-24 17:00:00,-27.25032207091681
base_02,sarimax,2018-02-24 18:00:00,2018-02-24 19:00:00,2338.0,2806.7438509617245,2018-02-24 18:00:00,-468.74385096172455
base_02,sarimax,2018-02-24 19:00:00,2018-02-24 20:00:00,1520.0,2380.7336479052415,2018-02-24 19:00:00,-860.7336479052415
base_02,sarimax,2018-02-24 20:00:00,2018-02-24 21:00:00,1686.0,1580.6564279516203,2018-02-24 20:00:00,105.34357204837966
base_02,sarimax,2018-02-24 21:00:00,2018-02-24 22:00:00,1786.0,1691.7679091546033,2018-02-24 21:00:00,94.23209084539667
base_02,sarimax,2018-02-24 22:00:00,2018-02-24 23:00:00,1162.0,1820.2065098435796,2018-02-24 22:00:00,-658.2065098435796
base_02,sarimax,2018-02-24 23:00:00,2018-02-25 00:00:00,779.0,1245.4924405636723,2018-02-24 23:00:00,-466.4924405636723
base_02,sarimax,2018-02-25 00:00:00,2018-02-25 01:00:00,510.0,731.4252906870305,2018-02-25 00:00:00,-221.4252906870305
base_02,sarimax,2018-02-25 01:00:00,2018-02-25 02:00:00,381.0,461.7648407900149,2018-02-25 01:00:00,-80.76484079001489
base_02,sarimax,2018-02-25 02:00:00,2018-02-25 03:00:00,254.0,437.4946654489746,2018-02-25 02:00:00,-183.49466544897462
base_02,sarimax,2018-02-25 03:00:00,2018-02-25 04:00:00,251.0,262.9359946923038,2018-02-25 03:00:00,-11.93599469230378
base_02,sarimax,2018-02-25 04:00:00,2018-02-25 05:00:00,407.0,266.814260731691,2018-02-25 04:00:00,140.18573926830902
base_02,sarimax,2018-02-25 05:00:00,2018-02-25 06:00:00,723.0,410.5956519654528,2018-02-25 05:00:00,312.4043480345472
base_02,sarimax,2018-02-25 06:00:00,2018-02-25 07:00:00,947.0,738.3102362451339,2018-02-25 06:00:00,208.68976375486614
base_02,sarimax,2018-02-25 07:00:00,2018-02-25 08:00:00,1343.0,948.1284340287592,2018-02-25 07:00:00,394.8715659712408
base_02,sarimax,2018-02-25 08:00:00,2018-02-25 09:00:00,2014.0,1310.2383994967288,2018-02-25 08:00:00,703.7616005032712
base_02,sarimax,2018-02-25 09:00:00,2018-02-25 10:00:00,2598.0,1982.6859842082376,2018-02-25 09:00:00,615.3140157917624
base_02,sarimax,2018-02-25 10:00:00,2018-02-25 11:00:00,3073.0,2589.69424555472,2018-02-25 10:00:00,483.30575444527994
base_02,sarimax,2018-02-25 11:00:00,2018-02-25 12:00:00,3719.0,3053.6932979371304,2018-02-25 11:00:00,665.3067020628696
base_02,sarimax,2018-02-25 12:00:00,2018-02-25 13:00:00,3840.0,3673.810315388121,2018-02-25 12:00:00,166.18968461187887
base_02,sarimax,2018-02-25 13:00:00,2018-02-25 14:00:00,3865.0,3815.099513521654,2018-02-25 13:00:00,49.90048647834601
base_02,sarimax,2018-02-25 14:00:00,2018-02-25 15:00:00,3974.0,3830.3946443088175,2018-02-25 14:00:00,143.60535569118247
base_02,sarimax,2018-02-25 15:00:00,2018-02-25 16:00:00,4262.0,3925.9706450692843,2018-02-25 15:00:00,336.0293549307157
base_02,sarimax,2018-02-25 16:00:00,2018-02-25 17:00:00,4131.0,4262.472331918365,2018-02-25 16:00:00,-131.47233191836494
base_02,sarimax,2018-02-25 17:00:00,2018-02-25 18:00:00,3759.0,4133.4905357447105,2018-02-25 17:00:00,-374.49053574471054
base_02,sarimax,2018-02-25 18:00:00,2018-02-25 19:00:00,2950.0,3742.7805048615273,2018-02-25 18:00:00,-792.7805048615273
base_02,sarimax,2018-02-25 19:00:00,2018-02-25 20:00:00,2604.0,2905.868013871609,2018-02-25 19:00:00,-301.86801387160904
base_02,sarimax,2018-02-25 20:00:00,2018-02-25 21:00:00,2507.0,2598.4004355760735,2018-02-25 20:00:00,-91.4004355760735
base_02,sarimax,2018-02-25 21:00:00,2018-02-25 22:00:00,3097.0,2531.573168697059,2018-02-25 21:00:00,565.4268313029411
base_02,sarimax,2018-02-25 22:00:00,2018-02-25 23:00:00,1239.0,3155.663597735081,2018-02-25 22:00:00,-1916.663597735081
base_02,sarimax,2018-02-25 23:00:00,2018-02-26 00:00:00,517.0,1259.666403722397,2018-02-25 23:00:00,-742.666403722397
base_02,sarimax,2018-02-26 00:00:00,2018-02-26 01:00:00,348.0,510.67923144840535,2018-02-26 00:00:00,-162.67923144840535
base_02,sarimax,2018-02-26 01:00:00,2018-02-26 02:00:00,267.0,273.0044433095503,2018-02-26 01:00:00,-6.004443309550311
base_02,sarimax,2018-02-26 02:00:00,2018-02-26 03:00:00,336.0,429.43951839379105,2018-02-26 02:00:00,-93.43951839379105
base_02,sarimax,2018-02-26 03:00:00,2018-02-26 04:00:00,902.0,398.4890636945374,2018-02-26 03:00:00,503.5109363054626
base_02,sarimax,2018-02-26 04:00:00,2018-02-26 05:00:00,2665.0,914.4261588917765,2018-02-26 04:00:00,1750.5738411082234
base_02,sarimax,2018-02-26 05:00:00,2018-02-26 06:00:00,5186.0,2662.722869999624,2018-02-26 05:00:00,2523.277130000376
base_02,sarimax,2018-02-26 06:00:00,2018-02-26 07:00:00,6034.0,5176.576913379959,2018-02-26 06:00:00,857.4230866200414
base_02,sarimax,2018-02-26 07:00:00,2018-02-26 08:00:00,5602.0,5983.905393039595,2018-02-26 07:00:00,-381.90539303959486
base_02,sarimax,2018-02-26 08:00:00,2018-02-26 09:00:00,5033.0,5429.068815292944,2018-02-26 08:00:00,-396.06881529294424
base_02,sarimax,2018-02-26 09:00:00,2018-02-26 10:00:00,4472.0,4804.345505223619,2018-02-26 09:00:00,-332.3455052236186
base_02,sarimax,2018-02-26 10:00:00,2018-02-26 11:00:00,4371.0,4475.510221115642,2018-02-26 10:00:00,-104.5102211156418
base_02,sarimax,2018-02-26 11:00:00,2018-02-26 12:00:00,4532.0,4440.507497979949,2018-02-26 11:00:00,91.49250202005078
base_02,sarimax,2018-02-26 12:00:00,2018-02-26 13:00:00,4602.0,4640.396618234584,2018-02-26 12:00:00,-38.39661823458391
base_02,sarimax,2018-02-26 13:00:00,2018-02-26 14:00:00,4875.0,4700.577372078404,2018-02-26 13:00:00,174.42262792159636
base_02,sarimax,2018-02-26 14:00:00,2018-02-26 15:00:00,5389.0,4917.9873379759265,2018-02-26 14:00:00,471.0126620240735
base_02,sarimax,2018-02-26 15:00:00,2018-02-26 16:00:00,6370.0,5386.780442172959,2018-02-26 15:00:00,983.2195578270412
base_02,sarimax,2018-02-26 16:00:00,2018-02-26 17:00:00,5920.0,6377.066182004297,2018-02-26 16:00:00,-457.06618200429693
base_02,sarimax,2018-02-26 17:00:00,2018-02-26 18:00:00,4442.0,5892.32919825776,2018-02-26 17:00:00,-1450.3291982577603
base_02,sarimax,2018-02-26 18:00:00,2018-02-26 19:00:00,3086.0,4364.875271613671,2018-02-26 18:00:00,-1278.8752716136714
base_02,sarimax,2018-02-26 19:00:00,2018-02-26 20:00:00,2642.0,2958.0496625876763,2018-02-26 19:00:00,-316.04966258767627
base_02,sarimax,2018-02-26 20:00:00,2018-02-26 21:00:00,2197.0,2680.134090763951,2018-02-26 20:00:00,-483.134090763951
base_02,sarimax,2018-02-26 21:00:00,2018-02-26 22:00:00,1528.0,2339.8280493954494,2018-02-26 21:00:00,-811.8280493954494
base_02,sarimax,2018-02-26 22:00:00,2018-02-26 23:00:00,1008.0,1650.568677550229,2018-02-26 22:00:00,-642.568677550229
base_02,sarimax,2018-02-26 23:00:00,2018-02-27 00:00:00,529.0,1030.7225892107322,2018-02-26 23:00:00,-501.72258921073217
base_02,sarimax,2018-02-27 00:00:00,2018-02-27 01:00:00,329.0,530.4985331301464,2018-02-27 00:00:00,-201.49853313014637
base_02,sarimax,2018-02-27 01:00:00,2018-02-27 02:00:00,255.0,390.60385089718966,2018-02-27 01:00:00,-135.60385089718966
base_02,sarimax,2018-02-27 02:00:00,2018-02-27 03:00:00,370.0,278.6365818989806,2018-02-27 02:00:00,91.36341810101942
base_02,sarimax,2018-02-27 03:00:00,2018-02-27 04:00:00,878.0,419.5770527998764,2018-02-27 03:00:00,458.4229472001236
base_02,sarimax,2018-02-27 04:00:00,2018-02-27 05:00:00,2884.0,885.4345957599616,2018-02-27 04:00:00,1998.5654042400383
base_02,sarimax,2018-02-27 05:00:00,2018-02-27 06:00:00,5418.0,2870.2133774537297,2018-02-27 05:00:00,2547.7866225462703
base_02,sarimax,2018-02-27 06:00:00,2018-02-27 07:00:00,6318.0,5391.8681804933185,2018-02-27 06:00:00,926.1318195066815
base_02,sarimax,2018-02-27 07:00:00,2018-02-27 08:00:00,5876.0,6232.815838427985,2018-02-27 07:00:00,-356.815838427985
base_02,sarimax,2018-02-27 08:00:00,2018-02-27 09:00:00,5093.0,5667.1378070244255,2018-02-27 08:00:00,-574.1378070244255
base_02,sarimax,2018-02-27 09:00:00,2018-02-27 10:00:00,4349.0,4907.997747743965,2018-02-27 09:00:00,-558.9977477439652
base_02,sarimax,2018-02-27 10:00:00,2018-02-27 11:00:00,4607.0,4297.1802651520375,2018-02-27 10:00:00,309.81973484796254
base_02,sarimax,2018-02-27 11:00:00,2018-02-27 12:00:00,4901.0,4705.784588496372,2018-02-27 11:00:00,195.21541150362827
base_02,sarimax,2018-02-27 12:00:00,2018-02-27 13:00:00,4912.0,5006.678648886029,2018-02-27 12:00:00,-94.6786488860289
base_02,sarimax,2018-02-27 13:00:00,2018-02-27 14:00:00,5221.0,5032.757887202447,2018-02-27 13:00:00,188.2421127975531
base_02,sarimax,2018-02-27 14:00:00,2018-02-27 15:00:00,5755.0,5223.5190715152785,2018-02-27 14:00:00,531.4809284847215
base_02,sarimax,2018-02-27 15:00:00,2018-02-27 16:00:00,6445.0,5746.628823916225,2018-02-27 15:00:00,698.371176083775
base_02,sarimax,2018-02-27 16:00:00,2018-02-27 17:00:00,6202.0,6447.740670989754,2018-02-27 16:00:00,-245.7406709897541
base_02,sarimax,2018-02-27 17:00:00,2018-02-27 18:00:00,4430.0,6170.1519865471855,2018-02-27 17:00:00,-1740.1519865471855
base_02,sarimax,2018-02-27 18:00:00,2018-02-27 19:00:00,3376.0,4377.8297865363165,2018-02-27 18:00:00,-1001.8297865363165
base_02,sarimax,2018-02-27 19:00:00,2018-02-27 20:00:00,2891.0,3279.1645674392785,2018-02-27 19:00:00,-388.16456743927847
base_02,sarimax,2018-02-27 20:00:00,2018-02-27 21:00:00,3376.0,2887.740202732155,2018-02-27 20:00:00,488.259797267845
base_02,sarimax,2018-02-27 21:00:00,2018-02-27 22:00:00,3003.0,3533.091377915207,2018-02-27 21:00:00,-530.091377915207
base_02,sarimax,2018-02-27 22:00:00,2018-02-27 23:00:00,1151.0,3077.756548992924,2018-02-27 22:00:00,-1926.7565489929239
base_02,sarimax,2018-02-27 23:00:00,2018-02-28 00:00:00,602.0,1171.4281450345688,2018-02-27 23:00:00,-569.4281450345688
base_02,sarimax,2018-02-28 00:00:00,2018-02-28 01:00:00,340.0,535.5385707273538,2018-02-28 00:00:00,-195.53857072735377
base_02,sarimax,2018-02-28 01:00:00,2018-02-28 02:00:00,294.0,366.4773173182914,2018-02-28 01:00:00,-72.4773173182914
base_02,sarimax,2018-02-28 02:00:00,2018-02-28 03:00:00,378.0,464.3036710357237,2018-02-28 02:00:00,-86.30367103572371
base_02,sarimax,2018-02-28 03:00:00,2018-02-28 04:00:00,887.0,407.09446093111694,2018-02-28 03:00:00,479.90553906888306
base_02,sarimax,2018-02-28 04:00:00,2018-02-28 05:00:00,2873.0,904.4064995371808,2018-02-28 04:00:00,1968.593500462819
base_02,sarimax,2018-02-28 05:00:00,2018-02-28 06:00:00,5649.0,2870.1603232622774,2018-02-28 05:00:00,2778.8396767377226
base_02,sarimax,2018-02-28 06:00:00,2018-02-28 07:00:00,6351.0,5627.365076481021,2018-02-28 06:00:00,723.6349235189791
base_02,sarimax,2018-02-28 07:00:00,2018-02-28 08:00:00,6007.0,6274.955031559839,2018-02-28 07:00:00,-267.955031559839
base_02,sarimax,2018-02-28 08:00:00,2018-02-28 09:00:00,5230.0,5804.426712801354,2018-02-28 08:00:00,-574.4267128013544
base_02,sarimax,2018-02-28 09:00:00,2018-02-28 10:00:00,4561.0,4998.701642737836,2018-02-28 09:00:00,-437.70164273783575
base_02,sarimax,2018-02-28 10:00:00,2018-02-28 11:00:00,4860.0,4559.708566526722,2018-02-28 10:00:00,300.2914334732777
base_02,sarimax,2018-02-28 11:00:00,2018-02-28 12:00:00,4936.0,4953.96020492753,2018-02-28 11:00:00,-17.960204927529958
base_02,sarimax,2018-02-28 12:00:00,2018-02-28 13:00:00,5036.0,5029.917533415942,2018-02-28 12:00:00,6.082466584058238
base_02,sarimax,2018-02-28 13:00:00,2018-02-28 14:00:00,5255.0,5136.37893718603,2018-02-28 13:00:00,118.62106281396973
base_02,sarimax,2018-02-28 14:00:00,2018-02-28 15:00:00,5729.0,5253.735406600064,2018-02-28 14:00:00,475.2645933999356
base_02,sarimax,2018-02-28 15:00:00,2018-02-28 16:00:00,6563.0,5740.089241712721,2018-02-28 15:00:00,822.9107582872794
base_02,sarimax,2018-02-28 16:00:00,2018-02-28 17:00:00,6316.0,6561.90517500311,2018-02-28 16:00:00,-245.90517500311034
base_02,sarimax,2018-02-28 17:00:00,2018-02-28 18:00:00,4877.0,6277.697716810293,2018-02-28 17:00:00,-1400.697716810293
base_02,sarimax,2018-02-28 18:00:00,2018-02-28 19:00:00,3267.0,4819.593550060814,2018-02-28 18:00:00,-1552.5935500608139
base_02,sarimax,2018-02-28 19:00:00,2018-02-28 20:00:00,2939.0,3149.729789792741,2018-02-28 19:00:00,-210.72978979274103
base_02,sarimax,2018-02-28 20:00:00,2018-02-28 21:00:00,2629.0,2937.9512973504225,2018-02-28 20:00:00,-308.95129735042246
base_02,sarimax,2018-02-28 21:00:00,2018-02-28 22:00:00,1780.0,2766.4791860668856,2018-02-28 21:00:00,-986.4791860668856
base_02,sarimax,2018-02-28 22:00:00,2018-02-28 23:00:00,1102.0,1940.1979626358798,2018-02-28 22:00:00,-838.1979626358798
base_02,sarimax,2018-02-28 23:00:00,2018-03-01 00:00:00,600.0,1130.547676084726,2018-02-28 23:00:00,-530.5476760847259
base_02,sarimax,2018-03-01 00:00:00,2018-03-01 01:00:00,369.0,627.4064333608854,2018-03-01 00:00:00,-258.40643336088544
base_02,sarimax,2018-03-01 01:00:00,2018-03-01 02:00:00,283.0,441.7680295631896,2018-03-01 01:00:00,-158.7680295631896
base_02,sarimax,2018-03-01 02:00:00,2018-03-01 03:00:00,385.0,337.50440023229237,2018-03-01 02:00:00,47.49559976770763
base_02,sarimax,2018-03-01 03:00:00,2018-03-01 04:00:00,919.0,423.4647391501454,2018-03-01 03:00:00,495.5352608498546
base_02,sarimax,2018-03-01 04:00:00,2018-03-01 05:00:00,2872.0,921.5952415929727,2018-03-01 04:00:00,1950.4047584070272
base_02,sarimax,2018-03-01 05:00:00,2018-03-01 06:00:00,5703.0,2854.443479962494,2018-03-01 05:00:00,2848.556520037506
base_02,sarimax,2018-03-01 06:00:00,2018-03-01 07:00:00,6275.0,5662.727772028868,2018-03-01 06:00:00,612.2722279711325
base_02,sarimax,2018-03-01 07:00:00,2018-03-01 08:00:00,5728.0,6205.138862047251,2018-03-01 07:00:00,-477.13886204725077
base_02,sarimax,2018-03-01 08:00:00,2018-03-01 09:00:00,5419.0,5510.537012477342,2018-03-01 08:00:00,-91.5370124773417
base_02,sarimax,2018-03-01 09:00:00,2018-03-01 10:00:00,4555.0,5160.44937679797,2018-03-01 09:00:00,-605.4493767979702
base_02,sarimax,2018-03-01 10:00:00,2018-03-01 11:00:00,4875.0,4538.265165468296,2018-03-01 10:00:00,336.7348345317041
base_02,sarimax,2018-03-01 11:00:00,2018-03-01 12:00:00,5080.0,4958.217619604778,2018-03-01 11:00:00,121.78238039522239
base_02,sarimax,2018-03-01 12:00:00,2018-03-01 13:00:00,5210.0,5141.856810858667,2018-03-01 12:00:00,68.1431891413331
base_02,sarimax,2018-03-01 13:00:00,2018-03-01 14:00:00,5328.0,5321.822175598297,2018-03-01 13:00:00,6.177824401703219
base_02,sarimax,2018-03-01 14:00:00,2018-03-01 15:00:00,5952.0,5320.297320631646,2018-03-01 14:00:00,631.7026793683544
base_02,sarimax,2018-03-01 15:00:00,2018-03-01 16:00:00,6565.0,5946.887866231588,2018-03-01 15:00:00,618.1121337684117
base_02,sarimax,2018-03-01 16:00:00,2018-03-01 17:00:00,6236.0,6561.827798360878,2018-03-01 16:00:00,-325.82779836087775
base_02,sarimax,2018-03-01 17:00:00,2018-03-01 18:00:00,4800.0,6224.751517991718,2018-03-01 17:00:00,-1424.7515179917182
base_02,sarimax,2018-03-01 18:00:00,2018-03-01 19:00:00,3709.0,4722.143784185134,2018-03-01 18:00:00,-1013.1437841851339
base_02,sarimax,2018-03-01 19:00:00,2018-03-01 20:00:00,3169.0,3618.888247521042,2018-03-01 19:00:00,-449.8882475210421
base_02,sarimax,2018-03-01 20:00:00,2018-03-01 21:00:00,2981.0,3175.4568234924654,2018-03-01 20:00:00,-194.45682349246545
base_02,sarimax,2018-03-01 21:00:00,2018-03-01 22:00:00,2166.0,3099.4376585700547,2018-03-01 21:00:00,-933.4376585700547
base_02,sarimax,2018-03-01 22:00:00,2018-03-01 23:00:00,1266.0,2250.075073869677,2018-03-01 22:00:00,-984.075073869677
base_02,sarimax,2018-03-01 23:00:00,2018-03-02 00:00:00,644.0,1295.8428444282388,2018-03-01 23:00:00,-651.8428444282388
base_02,sarimax,2018-03-02 00:00:00,2018-03-02 01:00:00,416.0,632.3801087838785,2018-03-02 00:00:00,-216.38010878387854
base_02,sarimax,2018-03-02 01:00:00,2018-03-02 02:00:00,295.0,475.4922565803937,2018-03-02 01:00:00,-180.4922565803937
base_02,sarimax,2018-03-02 02:00:00,2018-03-02 03:00:00,364.0,371.50478657832434,2018-03-02 02:00:00,-7.504786578324342
base_02,sarimax,2018-03-02 03:00:00,2018-03-02 04:00:00,846.0,397.2521726513998,2018-03-02 03:00:00,448.7478273486002
base_02,sarimax,2018-03-02 04:00:00,2018-03-02 05:00:00,2670.0,844.0491125578226,2018-03-02 04:00:00,1825.9508874421774
base_02,sarimax,2018-03-02 05:00:00,2018-03-02 06:00:00,5165.0,2662.193719666568,2018-03-02 05:00:00,2502.806280333432
base_02,sarimax,2018-03-02 06:00:00,2018-03-02 07:00:00,6497.0,5124.768636622139,2018-03-02 06:00:00,1372.2313633778613
base_02,sarimax,2018-03-02 07:00:00,2018-03-02 08:00:00,5636.0,6448.866582741273,2018-03-02 07:00:00,-812.8665827412733
base_02,sarimax,2018-03-02 08:00:00,2018-03-02 09:00:00,4945.0,5456.03685582722,2018-03-02 08:00:00,-511.0368558272203
base_02,sarimax,2018-03-02 09:00:00,2018-03-02 10:00:00,4858.0,4729.499790200444,2018-03-02 09:00:00,128.5002097995557
base_02,sarimax,2018-03-02 10:00:00,2018-03-02 11:00:00,5171.0,4770.795271263157,2018-03-02 10:00:00,400.2047287368432
base_02,sarimax,2018-03-02 11:00:00,2018-03-02 12:00:00,5391.0,5305.3786004832555,2018-03-02 11:00:00,85.62139951674453
base_02,sarimax,2018-03-02 12:00:00,2018-03-02 13:00:00,5390.0,5511.998170511542,2018-03-02 12:00:00,-121.99817051154241
base_02,sarimax,2018-03-02 13:00:00,2018-03-02 14:00:00,5692.0,5449.968750628986,2018-03-02 13:00:00,242.03124937101438
base_02,sarimax,2018-03-02 14:00:00,2018-03-02 15:00:00,6057.0,5699.105674288706,2018-03-02 14:00:00,357.8943257112942
base_02,sarimax,2018-03-02 15:00:00,2018-03-02 16:00:00,6730.0,6056.0119704140325,2018-03-02 15:00:00,673.9880295859675
base_02,sarimax,2018-03-02 16:00:00,2018-03-02 17:00:00,6070.0,6748.157529202718,2018-03-02 16:00:00,-678.1575292027183
base_02,sarimax,2018-03-02 17:00:00,2018-03-02 18:00:00,4954.0,6040.208221467043,2018-03-02 17:00:00,-1086.2082214670427
base_02,sarimax,2018-03-02 18:00:00,2018-03-02 19:00:00,3996.0,4913.343029127942,2018-03-02 18:00:00,-917.3430291279419
base_02,sarimax,2018-03-02 19:00:00,2018-03-02 20:00:00,3551.0,3918.2200064065073,2018-03-02 19:00:00,-367.2200064065073
base_02,sarimax,2018-03-02 20:00:00,2018-03-02 21:00:00,3238.0,3615.3702543038153,2018-03-02 20:00:00,-377.3702543038153
base_02,sarimax,2018-03-02 21:00:00,2018-03-02 22:00:00,2453.0,3343.533158014064,2018-03-02 21:00:00,-890.5331580140642
base_02,sarimax,2018-03-02 22:00:00,2018-03-02 23:00:00,1798.0,2552.966332509702,2018-03-02 22:00:00,-754.9663325097022
base_02,sarimax,2018-03-02 23:00:00,2018-03-03 00:00:00,1516.0,1836.4851108380922,2018-03-02 23:00:00,-320.48511083809217
base_02,sarimax,2018-03-03 00:00:00,2018-03-03 01:00:00,751.0,1546.0386504648918,2018-03-03 00:00:00,-795.0386504648918
base_02,sarimax,2018-03-03 01:00:00,2018-03-03 02:00:00,497.0,823.2202687917904,2018-03-03 01:00:00,-326.22026879179043
base_02,sarimax,2018-03-03 02:00:00,2018-03-03 03:00:00,365.0,551.489701446774,2018-03-03 02:00:00,-186.489701446774
base_02,sarimax,2018-03-03 03:00:00,2018-03-03 04:00:00,457.0,388.8195364351369,2018-03-03 03:00:00,68.18046356486309
base_02,sarimax,2018-03-03 04:00:00,2018-03-03 05:00:00,686.0,541.5609920264804,2018-03-03 04:00:00,144.43900797351955
base_02,sarimax,2018-03-03 05:00:00,2018-03-03 06:00:00,1174.0,716.5426843588352,2018-03-03 05:00:00,457.45731564116477
base_02,sarimax,2018-03-03 06:00:00,2018-03-03 07:00:00,2050.0,1187.5087754459548,2018-03-03 06:00:00,862.4912245540452
base_02,sarimax,2018-03-03 07:00:00,2018-03-03 08:00:00,3029.0,2038.8625825845936,2018-03-03 07:00:00,990.1374174154064
base_02,sarimax,2018-03-03 08:00:00,2018-03-03 09:00:00,3911.0,3016.125044442971,2018-03-03 08:00:00,894.8749555570289
base_02,sarimax,2018-03-03 09:00:00,2018-03-03 10:00:00,4598.0,3875.9161345247653,2018-03-03 09:00:00,722.0838654752347
base_02,sarimax,2018-03-03 10:00:00,2018-03-03 11:00:00,4766.0,4529.872278280881,2018-03-03 10:00:00,236.1277217191191
base_02,sarimax,2018-03-03 11:00:00,2018-03-03 12:00:00,5023.0,4683.071506457558,2018-03-03 11:00:00,339.9284935424421
base_02,sarimax,2018-03-03 12:00:00,2018-03-03 13:00:00,5240.0,4938.270320276586,2018-03-03 12:00:00,301.72967972341394
base_02,sarimax,2018-03-03 13:00:00,2018-03-03 14:00:00,5040.0,5189.853474743837,2018-03-03 13:00:00,-149.85347474383707
base_02,sarimax,2018-03-03 14:00:00,2018-03-03 15:00:00,4945.0,5036.666348824349,2018-03-03 14:00:00,-91.66634882434937
base_02,sarimax,2018-03-03 15:00:00,2018-03-03 16:00:00,4855.0,4926.982368561112,2018-03-03 15:00:00,-71.9823685611118
base_02,sarimax,2018-03-03 16:00:00,2018-03-03 17:00:00,4837.0,4833.352952422113,2018-03-03 16:00:00,3.6470475778869513
base_02,sarimax,2018-03-03 17:00:00,2018-03-03 18:00:00,4396.0,4856.257574274236,2018-03-03 17:00:00,-460.2575742742356
base_02,sarimax,2018-03-03 18:00:00,2018-03-03 19:00:00,3817.0,4398.498679942317,2018-03-03 18:00:00,-581.4986799423168
base_02,sarimax,2018-03-03 19:00:00,2018-03-03 20:00:00,3169.0,3814.3904144287026,2018-03-03 19:00:00,-645.3904144287026
base_02,sarimax,2018-03-03 20:00:00,2018-03-03 21:00:00,3632.0,3163.4653019782404,2018-03-03 20:00:00,468.5346980217596
base_02,sarimax,2018-03-03 21:00:00,2018-03-03 22:00:00,3148.0,3671.2626406631084,2018-03-03 21:00:00,-523.2626406631084
base_02,sarimax,2018-03-03 22:00:00,2018-03-03 23:00:00,1934.0,3203.4353852846166,2018-03-03 22:00:00,-1269.4353852846166
base_02,sarimax,2018-03-03 23:00:00,2018-03-04 00:00:00,1216.0,1993.3011039720257,2018-03-03 23:00:00,-777.3011039720257
base_02,sarimax,2018-03-04 00:00:00,2018-03-04 01:00:00,756.0,1163.2136877541664,2018-03-04 00:00:00,-407.21368775416636
base_02,sarimax,2018-03-04 01:00:00,2018-03-04 02:00:00,543.0,791.6220511233781,2018-03-04 01:00:00,-248.62205112337813
base_02,sarimax,2018-03-04 02:00:00,2018-03-04 03:00:00,351.0,662.1097660861676,2018-03-04 02:00:00,-311.1097660861676
base_02,sarimax,2018-03-04 03:00:00,2018-03-04 04:00:00,299.0,418.6979298849638,2018-03-04 03:00:00,-119.6979298849638
base_02,sarimax,2018-03-04 04:00:00,2018-03-04 05:00:00,431.0,339.55943729480873,2018-03-04 04:00:00,91.44056270519127
base_02,sarimax,2018-03-04 05:00:00,2018-03-04 06:00:00,733.0,445.2951031971112,2018-03-04 05:00:00,287.7048968028888
base_02,sarimax,2018-03-04 06:00:00,2018-03-04 07:00:00,1149.0,742.6005222911978,2018-03-04 06:00:00,406.39947770880224
base_02,sarimax,2018-03-04 07:00:00,2018-03-04 08:00:00,1840.0,1148.574593827785,2018-03-04 07:00:00,691.4254061722149
base_02,sarimax,2018-03-04 08:00:00,2018-03-04 09:00:00,2434.0,1817.6989364142596,2018-03-04 08:00:00,616.3010635857404
base_02,sarimax,2018-03-04 09:00:00,2018-03-04 10:00:00,3193.0,2404.0923059445417,2018-03-04 09:00:00,788.9076940554583
base_02,sarimax,2018-03-04 10:00:00,2018-03-04 11:00:00,3594.0,3151.751584314236,2018-03-04 10:00:00,442.24841568576403
base_02,sarimax,2018-03-04 11:00:00,2018-03-04 12:00:00,4241.0,3525.858519107833,2018-03-04 11:00:00,715.1414808921668
base_02,sarimax,2018-03-04 12:00:00,2018-03-04 13:00:00,4328.0,4197.899235319036,2018-03-04 12:00:00,130.10076468096395
base_02,sarimax,2018-03-04 13:00:00,2018-03-04 14:00:00,4341.0,4261.778563819769,2018-03-04 13:00:00,79.22143618023074
base_02,sarimax,2018-03-04 14:00:00,2018-03-04 15:00:00,4226.0,4310.583409435334,2018-03-04 14:00:00,-84.58340943533403
base_02,sarimax,2018-03-04 15:00:00,2018-03-04 16:00:00,4537.0,4165.836462949717,2018-03-04 15:00:00,371.1635370502827
base_02,sarimax,2018-03-04 16:00:00,2018-03-04 17:00:00,4093.0,4536.976569458255,2018-03-04 16:00:00,-443.97656945825474
base_02,sarimax,2018-03-04 17:00:00,2018-03-04 18:00:00,3910.0,4097.412366098105,2018-03-04 17:00:00,-187.41236609810494
base_02,sarimax,2018-03-04 18:00:00,2018-03-04 19:00:00,2945.0,3911.065129881765,2018-03-04 18:00:00,-966.0651298817652
base_02,sarimax,2018-03-04 19:00:00,2018-03-04 20:00:00,3258.0,2912.620840224408,2018-03-04 19:00:00,345.37915977559214
base_02,sarimax,2018-03-04 20:00:00,2018-03-04 21:00:00,3017.0,3299.8782330050158,2018-03-04 20:00:00,-282.8782330050158
base_02,sarimax,2018-03-04 21:00:00,2018-03-04 22:00:00,1747.0,3028.8676478663715,2018-03-04 21:00:00,-1281.8676478663715
base_02,sarimax,2018-03-04 22:00:00,2018-03-04 23:00:00,1138.0,1845.069244923765,2018-03-04 22:00:00,-707.0692449237649
base_02,sarimax,2018-03-04 23:00:00,2018-03-05 00:00:00,703.0,1105.5366899701642,2018-03-04 23:00:00,-402.53668997016416
base_02,sarimax,2018-03-05 00:00:00,2018-03-05 01:00:00,471.0,711.5471892074167,2018-03-05 00:00:00,-240.54718920741675
base_02,sarimax,2018-03-05 01:00:00,2018-03-05 02:00:00,391.0,593.8466677350983,2018-03-05 01:00:00,-202.84666773509832
base_02,sarimax,2018-03-05 02:00:00,2018-03-05 03:00:00,486.0,442.23984399354833,2018-03-05 02:00:00,43.760156006451666
base_02,sarimax,2018-03-05 03:00:00,2018-03-05 04:00:00,976.0,525.9867077195908,2018-03-05 03:00:00,450.01329228040925
base_02,sarimax,2018-03-05 04:00:00,2018-03-05 05:00:00,2704.0,999.3138507398213,2018-03-05 04:00:00,1704.6861492601788
base_02,sarimax,2018-03-05 05:00:00,2018-03-05 06:00:00,4879.0,2711.5839549801663,2018-03-05 05:00:00,2167.4160450198337
base_02,sarimax,2018-03-05 06:00:00,2018-03-05 07:00:00,5062.0,4871.188954987257,2018-03-05 06:00:00,190.8110450127433
base_02,sarimax,2018-03-05 07:00:00,2018-03-05 08:00:00,4211.0,5012.076102994455,2018-03-05 07:00:00,-801.0761029944551
base_02,sarimax,2018-03-05 08:00:00,2018-03-05 09:00:00,3780.0,4031.952759434607,2018-03-05 08:00:00,-251.95275943460683
base_02,sarimax,2018-03-05 09:00:00,2018-03-05 10:00:00,3586.0,3556.5964267314807,2018-03-05 09:00:00,29.403573268519267
base_02,sarimax,2018-03-05 10:00:00,2018-03-05 11:00:00,3611.0,3569.8586544523014,2018-03-05 10:00:00,41.14134554769862
base_02,sarimax,2018-03-05 11:00:00,2018-03-05 12:00:00,3719.0,3692.714840233383,2018-03-05 11:00:00,26.2851597666172
base_02,sarimax,2018-03-05 12:00:00,2018-03-05 13:00:00,3682.0,3773.9659055380544,2018-03-05 12:00:00,-91.96590553805436
base_02,sarimax,2018-03-05 13:00:00,2018-03-05 14:00:00,3928.0,3695.4011026841126,2018-03-05 13:00:00,232.59889731588737
base_02,sarimax,2018-03-05 14:00:00,2018-03-05 15:00:00,4151.0,3926.067243842592,2018-03-05 14:00:00,224.93275615740822
base_02,sarimax,2018-03-05 15:00:00,2018-03-05 16:00:00,3260.0,4123.097594867604,2018-03-05 15:00:00,-863.0975948676041
base_02,sarimax,2018-03-05 16:00:00,2018-03-05 17:00:00,1953.0,3239.9322708192562,2018-03-05 16:00:00,-1286.9322708192562
base_02,sarimax,2018-03-05 17:00:00,2018-03-05 18:00:00,1389.0,1915.215413473479,2018-03-05 17:00:00,-526.215413473479
base_02,sarimax,2018-03-05 18:00:00,2018-03-05 19:00:00,1117.0,1363.3087862061298,2018-03-05 18:00:00,-246.30878620612975
base_02,sarimax,2018-03-05 19:00:00,2018-03-05 20:00:00,844.0,1200.313509518335,2018-03-05 19:00:00,-356.31350951833497
base_02,sarimax,2018-03-05 20:00:00,2018-03-05 21:00:00,753.0,966.9029949369724,2018-03-05 20:00:00,-213.9029949369724
base_02,sarimax,2018-03-05 21:00:00,2018-03-05 22:00:00,694.0,806.4611093694984,2018-03-05 21:00:00,-112.46110936949844
base_02,sarimax,2018-03-05 22:00:00,2018-03-05 23:00:00,599.0,721.280552203411,2018-03-05 22:00:00,-122.28055220341105
base_02,sarimax,2018-03-05 23:00:00,2018-03-06 00:00:00,308.0,630.2171775679475,2018-03-05 23:00:00,-322.2171775679475
base_02,sarimax,2018-03-06 00:00:00,2018-03-06 01:00:00,242.0,317.86127458622934,2018-03-06 00:00:00,-75.86127458622934
base_02,sarimax,2018-03-06 01:00:00,2018-03-06 02:00:00,231.0,247.72978838455342,2018-03-06 01:00:00,-16.729788384553416
base_02,sarimax,2018-03-06 02:00:00,2018-03-06 03:00:00,335.0,239.2804840052877,2018-03-06 02:00:00,95.71951599471231
base_02,sarimax,2018-03-06 03:00:00,2018-03-06 04:00:00,807.0,363.38371325164405,2018-03-06 03:00:00,443.61628674835595
base_02,sarimax,2018-03-06 04:00:00,2018-03-06 05:00:00,2537.0,812.6703546645667,2018-03-06 04:00:00,1724.3296453354333
base_02,sarimax,2018-03-06 05:00:00,2018-03-06 06:00:00,4601.0,2539.2792801145592,2018-03-06 05:00:00,2061.7207198854408
base_02,sarimax,2018-03-06 06:00:00,2018-03-06 07:00:00,4848.0,4591.667792011476,2018-03-06 06:00:00,256.3322079885238
base_02,sarimax,2018-03-06 07:00:00,2018-03-06 08:00:00,4623.0,4796.077159569039,2018-03-06 07:00:00,-173.0771595690394
base_02,sarimax,2018-03-06 08:00:00,2018-03-06 09:00:00,4085.0,4452.784424851934,2018-03-06 08:00:00,-367.7844248519341
base_02,sarimax,2018-03-06 09:00:00,2018-03-06 10:00:00,3602.0,3877.2106835621607,2018-03-06 09:00:00,-275.21068356216074
base_02,sarimax,2018-03-06 10:00:00,2018-03-06 11:00:00,3781.0,3578.424110405125,2018-03-06 10:00:00,202.5758895948752
base_02,sarimax,2018-03-06 11:00:00,2018-03-06 12:00:00,4037.0,3811.9742930302973,2018-03-06 11:00:00,225.0257069697027
base_02,sarimax,2018-03-06 12:00:00,2018-03-06 13:00:00,4166.0,4116.78118273416,2018-03-06 12:00:00,49.21881726583979
base_02,sarimax,2018-03-06 13:00:00,2018-03-06 14:00:00,4671.0,4212.468640149552,2018-03-06 13:00:00,458.5313598504481
base_02,sarimax,2018-03-06 14:00:00,2018-03-06 15:00:00,5260.0,4662.6615427181405,2018-03-06 14:00:00,597.3384572818595
base_02,sarimax,2018-03-06 15:00:00,2018-03-06 16:00:00,6420.0,5232.941449018265,2018-03-06 15:00:00,1187.0585509817347
base_02,sarimax,2018-03-06 16:00:00,2018-03-06 17:00:00,5874.0,6401.650750361378,2018-03-06 16:00:00,-527.6507503613784
base_02,sarimax,2018-03-06 17:00:00,2018-03-06 18:00:00,4400.0,5817.232748998835,2018-03-06 17:00:00,-1417.2327489988347
base_02,sarimax,2018-03-06 18:00:00,2018-03-06 19:00:00,3188.0,4332.655356062523,2018-03-06 18:00:00,-1144.6553560625234
base_02,sarimax,2018-03-06 19:00:00,2018-03-06 20:00:00,2600.0,3039.5639010259565,2018-03-06 19:00:00,-439.5639010259565
base_02,sarimax,2018-03-06 20:00:00,2018-03-06 21:00:00,3415.0,2637.7926941773244,2018-03-06 20:00:00,777.2073058226756
base_02,sarimax,2018-03-06 21:00:00,2018-03-06 22:00:00,2587.0,3544.8014220753425,2018-03-06 21:00:00,-957.8014220753425
base_02,sarimax,2018-03-06 22:00:00,2018-03-06 23:00:00,1144.0,2681.065965619524,2018-03-06 22:00:00,-1537.065965619524
base_02,sarimax,2018-03-06 23:00:00,2018-03-07 00:00:00,591.0,1184.0821105423415,2018-03-06 23:00:00,-593.0821105423415
base_02,sarimax,2018-03-07 00:00:00,2018-03-07 01:00:00,376.0,513.9714898385225,2018-03-07 00:00:00,-137.97148983852253
base_02,sarimax,2018-03-07 01:00:00,2018-03-07 02:00:00,247.0,455.3260576379306,2018-03-07 01:00:00,-208.3260576379306
base_02,sarimax,2018-03-07 02:00:00,2018-03-07 03:00:00,378.0,363.9662929357552,2018-03-07 02:00:00,14.033707064244823
base_02,sarimax,2018-03-07 03:00:00,2018-03-07 04:00:00,921.0,417.4931936168312,2018-03-07 03:00:00,503.5068063831688
base_02,sarimax,2018-03-07 04:00:00,2018-03-07 05:00:00,2875.0,915.8203068187365,2018-03-07 04:00:00,1959.1796931812635
base_02,sarimax,2018-03-07 05:00:00,2018-03-07 06:00:00,5670.0,2866.2902564315104,2018-03-07 05:00:00,2803.7097435684896
base_02,sarimax,2018-03-07 06:00:00,2018-03-07 07:00:00,6121.0,5662.732206456447,2018-03-07 06:00:00,458.2677935435531
base_02,sarimax,2018-03-07 07:00:00,2018-03-07 08:00:00,5896.0,6050.616956296018,2018-03-07 07:00:00,-154.61695629601763
base_02,sarimax,2018-03-07 08:00:00,2018-03-07 09:00:00,5343.0,5718.331966712497,2018-03-07 08:00:00,-375.331966712497
base_02,sarimax,2018-03-07 09:00:00,2018-03-07 10:00:00,4619.0,5062.707089805894,2018-03-07 09:00:00,-443.7070898058937
base_02,sarimax,2018-03-07 10:00:00,2018-03-07 11:00:00,4819.0,4596.953006088544,2018-03-07 10:00:00,222.0469939114564
base_02,sarimax,2018-03-07 11:00:00,2018-03-07 12:00:00,4879.0,4882.896398309324,2018-03-07 11:00:00,-3.8963983093235584
base_02,sarimax,2018-03-07 12:00:00,2018-03-07 13:00:00,5093.0,4959.440752688948,2018-03-07 12:00:00,133.55924731105188
base_02,sarimax,2018-03-07 13:00:00,2018-03-07 14:00:00,5160.0,5196.1695871005695,2018-03-07 13:00:00,-36.169587100569515
base_02,sarimax,2018-03-07 14:00:00,2018-03-07 15:00:00,5886.0,5145.500517614777,2018-03-07 14:00:00,740.499482385223
base_02,sarimax,2018-03-07 15:00:00,2018-03-07 16:00:00,6849.0,5900.692616075239,2018-03-07 15:00:00,948.3073839247609
base_02,sarimax,2018-03-07 16:00:00,2018-03-07 17:00:00,5951.0,6829.492713480329,2018-03-07 16:00:00,-878.4927134803293
base_02,sarimax,2018-03-07 17:00:00,2018-03-07 18:00:00,4637.0,5936.874719581233,2018-03-07 17:00:00,-1299.874719581233
base_02,sarimax,2018-03-07 18:00:00,2018-03-07 19:00:00,3367.0,4558.194753770801,2018-03-07 18:00:00,-1191.194753770801
base_02,sarimax,2018-03-07 19:00:00,2018-03-07 20:00:00,3297.0,3248.16093534383,2018-03-07 19:00:00,48.839064656170194
base_02,sarimax,2018-03-07 20:00:00,2018-03-07 21:00:00,2451.0,3354.6826235741855,2018-03-07 20:00:00,-903.6826235741855
base_02,sarimax,2018-03-07 21:00:00,2018-03-07 22:00:00,1790.0,2547.335438878229,2018-03-07 21:00:00,-757.3354388782291
base_02,sarimax,2018-03-07 22:00:00,2018-03-07 23:00:00,1352.0,1902.677366099634,2018-03-07 22:00:00,-550.6773660996339
base_02,sarimax,2018-03-07 23:00:00,2018-03-08 00:00:00,545.0,1344.193343119441,2018-03-07 23:00:00,-799.1933431194409
base_02,sarimax,2018-03-08 00:00:00,2018-03-08 01:00:00,368.0,622.2274971370596,2018-03-08 00:00:00,-254.22749713705957
base_02,sarimax,2018-03-08 01:00:00,2018-03-08 02:00:00,260.0,420.36925523858736,2018-03-08 01:00:00,-160.36925523858736
base_02,sarimax,2018-03-08 02:00:00,2018-03-08 03:00:00,344.0,294.5173610574361,2018-03-08 02:00:00,49.48263894256388
base_02,sarimax,2018-03-08 03:00:00,2018-03-08 04:00:00,887.0,413.37396593709644,2018-03-08 03:00:00,473.62603406290356
base_02,sarimax,2018-03-08 04:00:00,2018-03-08 05:00:00,2788.0,904.4349293341174,2018-03-08 04:00:00,1883.5650706658826
base_02,sarimax,2018-03-08 05:00:00,2018-03-08 06:00:00,5661.0,2796.4834950668683,2018-03-08 05:00:00,2864.5165049331317
base_02,sarimax,2018-03-08 06:00:00,2018-03-08 07:00:00,6280.0,5641.926178929244,2018-03-08 06:00:00,638.0738210707559
base_02,sarimax,2018-03-08 07:00:00,2018-03-08 08:00:00,6042.0,6204.333717353564,2018-03-08 07:00:00,-162.33371735356377
base_02,sarimax,2018-03-08 08:00:00,2018-03-08 09:00:00,5221.0,5856.755572138788,2018-03-08 08:00:00,-635.755572138788
base_02,sarimax,2018-03-08 09:00:00,2018-03-08 10:00:00,4669.0,4976.577868376706,2018-03-08 09:00:00,-307.57786837670574
base_02,sarimax,2018-03-08 10:00:00,2018-03-08 11:00:00,4922.0,4654.769216262063,2018-03-08 10:00:00,267.2307837379367
base_02,sarimax,2018-03-08 11:00:00,2018-03-08 12:00:00,4946.0,4990.170707157051,2018-03-08 11:00:00,-44.170707157050856
base_02,sarimax,2018-03-08 12:00:00,2018-03-08 13:00:00,5117.0,5055.0176354675905,2018-03-08 12:00:00,61.98236453240952
base_02,sarimax,2018-03-08 13:00:00,2018-03-08 14:00:00,5349.0,5200.209312896383,2018-03-08 13:00:00,148.79068710361662
base_02,sarimax,2018-03-08 14:00:00,2018-03-08 15:00:00,5983.0,5343.661997155277,2018-03-08 14:00:00,639.3380028447227
base_02,sarimax,2018-03-08 15:00:00,2018-03-08 16:00:00,6738.0,5994.929822213488,2018-03-08 15:00:00,743.0701777865124
base_02,sarimax,2018-03-08 16:00:00,2018-03-08 17:00:00,6200.0,6721.792148671471,2018-03-08 16:00:00,-521.7921486714713
base_02,sarimax,2018-03-08 17:00:00,2018-03-08 18:00:00,5136.0,6171.713030766752,2018-03-08 17:00:00,-1035.7130307667521
base_02,sarimax,2018-03-08 18:00:00,2018-03-08 19:00:00,3509.0,5062.083271633065,2018-03-08 18:00:00,-1553.0832716330651
base_02,sarimax,2018-03-08 19:00:00,2018-03-08 20:00:00,3565.0,3408.222293773989,2018-03-08 19:00:00,156.7777062260111
base_02,sarimax,2018-03-08 20:00:00,2018-03-08 21:00:00,2951.0,3584.6187572537465,2018-03-08 20:00:00,-633.6187572537465
base_02,sarimax,2018-03-08 21:00:00,2018-03-08 22:00:00,2759.0,3031.250394846021,2018-03-08 21:00:00,-272.2503948460212
base_02,sarimax,2018-03-08 22:00:00,2018-03-08 23:00:00,2179.0,2916.6023976241527,2018-03-08 22:00:00,-737.6023976241527
base_02,sarimax,2018-03-08 23:00:00,2018-03-09 00:00:00,665.0,2169.410876016354,2018-03-08 23:00:00,-1504.410876016354
base_02,sarimax,2018-03-09 00:00:00,2018-03-09 01:00:00,415.0,723.819959194893,2018-03-09 00:00:00,-308.81995919489304
base_02,sarimax,2018-03-09 01:00:00,2018-03-09 02:00:00,300.0,443.57964693594243,2018-03-09 01:00:00,-143.57964693594243
base_02,sarimax,2018-03-09 02:00:00,2018-03-09 03:00:00,389.0,352.80672811652823,2018-03-09 02:00:00,36.193271883471766
base_02,sarimax,2018-03-09 03:00:00,2018-03-09 04:00:00,839.0,545.356432514842,2018-03-09 03:00:00,293.643567485158
base_02,sarimax,2018-03-09 04:00:00,2018-03-09 05:00:00,2711.0,843.6322491888955,2018-03-09 04:00:00,1867.3677508111045
base_02,sarimax,2018-03-09 05:00:00,2018-03-09 06:00:00,5349.0,2715.544490578815,2018-03-09 05:00:00,2633.455509421185
base_02,sarimax,2018-03-09 06:00:00,2018-03-09 07:00:00,6520.0,5313.026442017033,2018-03-09 06:00:00,1206.9735579829667
base_02,sarimax,2018-03-09 07:00:00,2018-03-09 08:00:00,5947.0,6464.8583097946785,2018-03-09 07:00:00,-517.8583097946785
base_02,sarimax,2018-03-09 08:00:00,2018-03-09 09:00:00,5174.0,5750.018505702522,2018-03-09 08:00:00,-576.0185057025219
base_02,sarimax,2018-03-09 09:00:00,2018-03-09 10:00:00,4876.0,4951.3473652383345,2018-03-09 09:00:00,-75.34736523833453
base_02,sarimax,2018-03-09 10:00:00,2018-03-09 11:00:00,5160.0,4803.530094428906,2018-03-09 10:00:00,356.4699055710944
base_02,sarimax,2018-03-09 11:00:00,2018-03-09 12:00:00,5257.0,5263.7952204838875,2018-03-09 11:00:00,-6.795220483887533
base_02,sarimax,2018-03-09 12:00:00,2018-03-09 13:00:00,5602.0,5365.153788762265,2018-03-09 12:00:00,236.84621123773468
base_02,sarimax,2018-03-09 13:00:00,2018-03-09 14:00:00,5763.0,5662.602157508407,2018-03-09 13:00:00,100.39784249159311
base_02,sarimax,2018-03-09 14:00:00,2018-03-09 15:00:00,6001.0,5745.538811074292,2018-03-09 14:00:00,255.46118892570757
base_02,sarimax,2018-03-09 15:00:00,2018-03-09 16:00:00,6641.0,6001.495822187203,2018-03-09 15:00:00,639.504177812797
base_02,sarimax,2018-03-09 16:00:00,2018-03-09 17:00:00,6062.0,6621.400185961515,2018-03-09 16:00:00,-559.4001859615146
base_02,sarimax,2018-03-09 17:00:00,2018-03-09 18:00:00,5207.0,6046.878630544996,2018-03-09 17:00:00,-839.8786305449958
base_02,sarimax,2018-03-09 18:00:00,2018-03-09 19:00:00,3864.0,5170.850311785101,2018-03-09 18:00:00,-1306.8503117851014
base_02,sarimax,2018-03-09 19:00:00,2018-03-09 20:00:00,3377.0,3757.9959530314113,2018-03-09 19:00:00,-380.9959530314113
base_02,sarimax,2018-03-09 20:00:00,2018-03-09 21:00:00,3118.0,3405.3180094318345,2018-03-09 20:00:00,-287.3180094318345
base_02,sarimax,2018-03-09 21:00:00,2018-03-09 22:00:00,2649.0,3185.002191717597,2018-03-09 21:00:00,-536.0021917175968
base_02,sarimax,2018-03-09 22:00:00,2018-03-09 23:00:00,2989.0,2767.3623755103804,2018-03-09 22:00:00,221.6376244896196
base_02,sarimax,2018-03-09 23:00:00,2018-03-10 00:00:00,1175.0,3013.7250859470223,2018-03-09 23:00:00,-1838.7250859470223
base_02,sarimax,2018-03-10 00:00:00,2018-03-10 01:00:00,685.0,1202.7474460249696,2018-03-10 00:00:00,-517.7474460249696
base_02,sarimax,2018-03-10 01:00:00,2018-03-10 04:00:00,404.0,737.6416734089013,2018-03-10 01:00:00,-333.6416734089013
base_02,sarimax,2018-03-10 04:00:00,2018-03-10 05:00:00,696.0,376.0744800477139,2018-03-10 04:00:00,319.9255199522861
base_02,sarimax,2018-03-10 05:00:00,2018-03-10 06:00:00,1242.0,889.3221362235819,2018-03-10 05:00:00,352.6778637764181
base_02,sarimax,2018-03-10 06:00:00,2018-03-10 07:00:00,1911.0,1300.4324340628027,2018-03-10 06:00:00,610.5675659371973
base_02,sarimax,2018-03-10 07:00:00,2018-03-10 08:00:00,3100.0,1946.2931141514841,2018-03-10 07:00:00,1153.7068858485159
base_02,sarimax,2018-03-10 08:00:00,2018-03-10 09:00:00,4057.0,3081.8360712849735,2018-03-10 08:00:00,975.1639287150265
base_02,sarimax,2018-03-10 09:00:00,2018-03-10 10:00:00,4476.0,4023.3876498828245,2018-03-10 09:00:00,452.61235011717554
base_02,sarimax,2018-03-10 10:00:00,2018-03-10 11:00:00,4732.0,4422.6053730085705,2018-03-10 10:00:00,309.3946269914295
base_02,sarimax,2018-03-10 11:00:00,2018-03-10 12:00:00,5312.0,4636.213980919621,2018-03-10 11:00:00,675.7860190803794
base_02,sarimax,2018-03-10 12:00:00,2018-03-10 13:00:00,4990.0,5234.084728148261,2018-03-10 12:00:00,-244.0847281482611
base_02,sarimax,2018-03-10 13:00:00,2018-03-10 14:00:00,5404.0,4965.060459689739,2018-03-10 13:00:00,438.9395403102608
base_02,sarimax,2018-03-10 14:00:00,2018-03-10 15:00:00,5548.0,5376.6673705236835,2018-03-10 14:00:00,171.33262947631647
base_02,sarimax,2018-03-10 15:00:00,2018-03-10 16:00:00,5194.0,5499.894366205118,2018-03-10 15:00:00,-305.8943662051179
base_02,sarimax,2018-03-10 16:00:00,2018-03-10 17:00:00,5142.0,5234.59702284005,2018-03-10 16:00:00,-92.59702284005016
base_02,sarimax,2018-03-10 17:00:00,2018-03-10 18:00:00,4776.0,5096.845924215686,2018-03-10 17:00:00,-320.84592421568595
base_02,sarimax,2018-03-10 18:00:00,2018-03-10 19:00:00,4004.0,4765.166194769986,2018-03-10 18:00:00,-761.1661947699859
base_02,sarimax,2018-03-10 19:00:00,2018-03-10 20:00:00,3223.0,4029.760498061142,2018-03-10 19:00:00,-806.7604980611418
base_02,sarimax,2018-03-10 20:00:00,2018-03-10 21:00:00,3602.0,3227.5370082317413,2018-03-10 20:00:00,374.4629917682587
base_02,sarimax,2018-03-10 21:00:00,2018-03-10 22:00:00,4040.0,3632.702231681551,2018-03-10 21:00:00,407.297768318449
base_02,sarimax,2018-03-10 22:00:00,2018-03-10 23:00:00,2433.0,4114.601079263766,2018-03-10 22:00:00,-1681.6010792637662
base_02,sarimax,2018-03-10 23:00:00,2018-03-11 00:00:00,1662.0,2506.360009946748,2018-03-10 23:00:00,-844.360009946748
base_02,sarimax,2018-03-11 00:00:00,2018-03-11 01:00:00,975.0,1622.9809470469258,2018-03-11 00:00:00,-647.9809470469258
base_02,sarimax,2018-03-11 01:00:00,2018-03-11 04:00:00,419.0,923.1040353147496,2018-03-11 01:00:00,-504.1040353147496
base_02,sarimax,2018-03-11 04:00:00,2018-03-11 05:00:00,490.0,581.8049827865572,2018-03-11 04:00:00,-91.80498278655716
base_02,sarimax,2018-03-11 05:00:00,2018-03-11 06:00:00,740.0,556.9472850502398,2018-03-11 05:00:00,183.05271494976023
base_02,sarimax,2018-03-11 06:00:00,2018-03-11 07:00:00,1039.0,810.9107350012736,2018-03-11 06:00:00,228.08926499872643
base_02,sarimax,2018-03-11 07:00:00,2018-03-11 08:00:00,1607.0,1092.0724010695994,2018-03-11 07:00:00,514.9275989304006
base_02,sarimax,2018-03-11 08:00:00,2018-03-11 09:00:00,2559.0,1602.6993495775482,2018-03-11 08:00:00,956.3006504224518
base_02,sarimax,2018-03-11 09:00:00,2018-03-11 10:00:00,3400.0,2536.5749179095424,2018-03-11 09:00:00,863.4250820904576
base_02,sarimax,2018-03-11 10:00:00,2018-03-11 11:00:00,3810.0,3379.453519059261,2018-03-11 10:00:00,430.546480940739
base_02,sarimax,2018-03-11 11:00:00,2018-03-11 12:00:00,4339.0,3760.9586481591573,2018-03-11 11:00:00,578.0413518408427
base_02,sarimax,2018-03-11 12:00:00,2018-03-11 13:00:00,4840.0,4256.971951437824,2018-03-11 12:00:00,583.0280485621761
base_02,sarimax,2018-03-11 13:00:00,2018-03-11 14:00:00,4749.0,4762.195238786016,2018-03-11 13:00:00,-13.19523878601558
base_02,sarimax,2018-03-11 14:00:00,2018-03-11 15:00:00,4396.0,4722.138447816955,2018-03-11 14:00:00,-326.1384478169548
base_02,sarimax,2018-03-11 15:00:00,2018-03-11 16:00:00,4242.0,4341.824878741248,2018-03-11 15:00:00,-99.82487874124763
base_02,sarimax,2018-03-11 16:00:00,2018-03-11 17:00:00,4068.0,4191.2197824750265,2018-03-11 16:00:00,-123.21978247502648
base_02,sarimax,2018-03-11 17:00:00,2018-03-11 18:00:00,3571.0,4073.8935212076008,2018-03-11 17:00:00,-502.89352120760077
base_02,sarimax,2018-03-11 18:00:00,2018-03-11 19:00:00,2939.0,3606.890839768147,2018-03-11 18:00:00,-667.8908397681471
base_02,sarimax,2018-03-11 19:00:00,2018-03-11 20:00:00,2546.0,2954.500595452467,2018-03-11 19:00:00,-408.5005954524672
base_02,sarimax,2018-03-11 20:00:00,2018-03-11 21:00:00,2118.0,2556.539988203902,2018-03-11 20:00:00,-438.5399882039019
base_02,sarimax,2018-03-11 21:00:00,2018-03-11 22:00:00,1523.0,2160.8681607461945,2018-03-11 21:00:00,-637.8681607461945
base_02,sarimax,2018-03-11 22:00:00,2018-03-11 23:00:00,1000.0,1584.312859669316,2018-03-11 22:00:00,-584.3128596693159
base_02,sarimax,2018-03-11 23:00:00,2018-03-12 00:00:00,528.0,1032.323837297579,2018-03-11 23:00:00,-504.3238372975791
base_02,sarimax,2018-03-12 00:00:00,2018-03-12 01:00:00,360.0,552.4821766133146,2018-03-12 00:00:00,-192.48217661331455
base_02,sarimax,2018-03-12 01:00:00,2018-03-12 02:00:00,228.0,402.9673925527719,2018-03-12 01:00:00,-174.9673925527719
base_02,sarimax,2018-03-12 02:00:00,2018-03-12 03:00:00,356.0,261.39070602390916,2018-03-12 02:00:00,94.60929397609084
base_02,sarimax,2018-03-12 03:00:00,2018-03-12 04:00:00,851.0,386.24691072888163,2018-03-12 03:00:00,464.75308927111837
base_02,sarimax,2018-03-12 04:00:00,2018-03-12 05:00:00,2742.0,846.7808145930692,2018-03-12 04:00:00,1895.2191854069308
base_02,sarimax,2018-03-12 05:00:00,2018-03-12 06:00:00,5331.0,2747.299309030109,2018-03-12 05:00:00,2583.700690969891
base_02,sarimax,2018-03-12 06:00:00,2018-03-12 07:00:00,6336.0,5305.743902028804,2018-03-12 06:00:00,1030.2560979711961
base_02,sarimax,2018-03-12 07:00:00,2018-03-12 08:00:00,5668.0,6267.335072556539,2018-03-12 07:00:00,-599.3350725565388
base_02,sarimax,2018-03-12 08:00:00,2018-03-12 09:00:00,4693.0,5468.580119688052,2018-03-12 08:00:00,-775.580119688052
base_02,sarimax,2018-03-12 09:00:00,2018-03-12 10:00:00,4213.0,4436.124445890933,2018-03-12 09:00:00,-223.1244458909332
base_02,sarimax,2018-03-12 10:00:00,2018-03-12 11:00:00,4265.0,4151.379133457644,2018-03-12 10:00:00,113.62086654235645
base_02,sarimax,2018-03-12 11:00:00,2018-03-12 12:00:00,4666.0,4371.94381228963,2018-03-12 11:00:00,294.05618771037007
base_02,sarimax,2018-03-12 12:00:00,2018-03-12 13:00:00,4748.0,4794.614592653913,2018-03-12 12:00:00,-46.61459265391295
base_02,sarimax,2018-03-12 13:00:00,2018-03-12 14:00:00,4554.0,4833.577078220721,2018-03-12 13:00:00,-279.577078220721
base_02,sarimax,2018-03-12 14:00:00,2018-03-12 15:00:00,5784.0,4572.351866834236,2018-03-12 14:00:00,1211.6481331657642
base_02,sarimax,2018-03-12 15:00:00,2018-03-12 16:00:00,6655.0,5758.466642966255,2018-03-12 15:00:00,896.5333570337452
base_02,sarimax,2018-03-12 16:00:00,2018-03-12 17:00:00,6001.0,6651.474827207124,2018-03-12 16:00:00,-650.4748272071238
base_02,sarimax,2018-03-12 17:00:00,2018-03-12 18:00:00,4388.0,6029.623014476146,2018-03-12 17:00:00,-1641.6230144761457
base_02,sarimax,2018-03-12 18:00:00,2018-03-12 19:00:00,3346.0,4263.469060665598,2018-03-12 18:00:00,-917.4690606655977
base_02,sarimax,2018-03-12 19:00:00,2018-03-12 20:00:00,2806.0,3245.989270846348,2018-03-12 19:00:00,-439.98927084634806
base_02,sarimax,2018-03-12 20:00:00,2018-03-12 21:00:00,2301.0,2845.2668076061927,2018-03-12 20:00:00,-544.2668076061927
base_02,sarimax,2018-03-12 21:00:00,2018-03-12 22:00:00,2592.0,2447.391967122732,2018-03-12 21:00:00,144.60803287726822
base_02,sarimax,2018-03-12 22:00:00,2018-03-12 23:00:00,2003.0,2678.517025258222,2018-03-12 22:00:00,-675.517025258222
base_02,sarimax,2018-03-12 23:00:00,2018-03-13 00:00:00,666.0,2049.400023549777,2018-03-12 23:00:00,-1383.400023549777
base_02,sarimax,2018-03-13 00:00:00,2018-03-13 01:00:00,414.0,700.9216911747562,2018-03-13 00:00:00,-286.92169117475623
base_02,sarimax,2018-03-13 01:00:00,2018-03-13 02:00:00,301.0,369.7852014957041,2018-03-13 01:00:00,-68.78520149570409
base_02,sarimax,2018-03-13 02:00:00,2018-03-13 03:00:00,380.0,348.38873426076543,2018-03-13 02:00:00,31.611265739234568
base_02,sarimax,2018-03-13 03:00:00,2018-03-13 04:00:00,865.0,503.43016331989827,2018-03-13 03:00:00,361.56983668010173
base_02,sarimax,2018-03-13 04:00:00,2018-03-13 05:00:00,2872.0,869.798022862813,2018-03-13 04:00:00,2002.201977137187
base_02,sarimax,2018-03-13 05:00:00,2018-03-13 06:00:00,5420.0,2878.102428884403,2018-03-13 05:00:00,2541.897571115597
base_02,sarimax,2018-03-13 06:00:00,2018-03-13 07:00:00,6404.0,5398.286642295925,2018-03-13 06:00:00,1005.713357704075
base_02,sarimax,2018-03-13 07:00:00,2018-03-13 08:00:00,5880.0,6341.107794734517,2018-03-13 07:00:00,-461.1077947345166
base_02,sarimax,2018-03-13 08:00:00,2018-03-13 09:00:00,5093.0,5663.000088214576,2018-03-13 08:00:00,-570.000088214576
base_02,sarimax,2018-03-13 09:00:00,2018-03-13 10:00:00,4410.0,4834.904055626657,2018-03-13 09:00:00,-424.9040556266573
base_02,sarimax,2018-03-13 10:00:00,2018-03-13 11:00:00,4591.0,4348.638755576269,2018-03-13 10:00:00,242.36124442373057
base_02,sarimax,2018-03-13 11:00:00,2018-03-13 12:00:00,4749.0,4668.264818842215,2018-03-13 11:00:00,80.73518115778461
base_02,sarimax,2018-03-13 12:00:00,2018-03-13 13:00:00,5062.0,4854.509362696954,2018-03-13 12:00:00,207.49063730304624
base_02,sarimax,2018-03-13 13:00:00,2018-03-13 14:00:00,5187.0,5145.774883318298,2018-03-13 13:00:00,41.225116681702275
base_02,sarimax,2018-03-13 14:00:00,2018-03-13 15:00:00,5895.0,5190.913628201591,2018-03-13 14:00:00,704.0863717984093
base_02,sarimax,2018-03-13 15:00:00,2018-03-13 16:00:00,6366.0,5887.5194975321065,2018-03-13 15:00:00,478.48050246789353
base_02,sarimax,2018-03-13 16:00:00,2018-03-13 17:00:00,5413.0,6351.440436588039,2018-03-13 16:00:00,-938.4404365880391
base_02,sarimax,2018-03-13 17:00:00,2018-03-13 18:00:00,4470.0,5407.942562326164,2018-03-13 17:00:00,-937.9425623261641
base_02,sarimax,2018-03-13 18:00:00,2018-03-13 19:00:00,3436.0,4402.759603308106,2018-03-13 18:00:00,-966.7596033081063
base_02,sarimax,2018-03-13 19:00:00,2018-03-13 20:00:00,2933.0,3378.9885429467104,2018-03-13 19:00:00,-445.98854294671037
base_02,sarimax,2018-03-13 20:00:00,2018-03-13 21:00:00,2736.0,3009.301509214707,2018-03-13 20:00:00,-273.30150921470704
base_02,sarimax,2018-03-13 21:00:00,2018-03-13 22:00:00,3761.0,2812.7558517844323,2018-03-13 21:00:00,948.2441482155677
base_02,sarimax,2018-03-13 22:00:00,2018-03-13 23:00:00,1287.0,3853.506712069177,2018-03-13 22:00:00,-2566.506712069177
base_02,sarimax,2018-03-13 23:00:00,2018-03-14 00:00:00,665.0,1325.5005715431662,2018-03-13 23:00:00,-660.5005715431662
base_02,sarimax,2018-03-14 00:00:00,2018-03-14 01:00:00,340.0,666.0735681954027,2018-03-14 00:00:00,-326.0735681954027
base_02,sarimax,2018-03-14 01:00:00,2018-03-14 02:00:00,285.0,224.6584396264195,2018-03-14 01:00:00,60.341560373580506
base_02,sarimax,2018-03-14 02:00:00,2018-03-14 03:00:00,378.0,528.569387209851,2018-03-14 02:00:00,-150.56938720985102
base_02,sarimax,2018-03-14 03:00:00,2018-03-14 04:00:00,903.0,432.2685132736698,2018-03-14 03:00:00,470.7314867263302
base_02,sarimax,2018-03-14 04:00:00,2018-03-14 05:00:00,2785.0,925.9878854477105,2018-03-14 04:00:00,1859.0121145522894
base_02,sarimax,2018-03-14 05:00:00,2018-03-14 06:00:00,5526.0,2774.5170282541208,2018-03-14 05:00:00,2751.4829717458792
base_02,sarimax,2018-03-14 06:00:00,2018-03-14 07:00:00,6542.0,5505.778802213692,2018-03-14 06:00:00,1036.221197786308
base_02,sarimax,2018-03-14 07:00:00,2018-03-14 08:00:00,5854.0,6483.951893793473,2018-03-14 07:00:00,-629.9518937934727
base_02,sarimax,2018-03-14 08:00:00,2018-03-14 09:00:00,5312.0,5673.4341863367645,2018-03-14 08:00:00,-361.43418633676447
base_02,sarimax,2018-03-14 09:00:00,2018-03-14 10:00:00,4511.0,5049.741160868548,2018-03-14 09:00:00,-538.7411608685479
base_02,sarimax,2018-03-14 10:00:00,2018-03-14 11:00:00,4825.0,4452.976215132669,2018-03-14 10:00:00,372.0237848673314
base_02,sarimax,2018-03-14 11:00:00,2018-03-14 12:00:00,4908.0,4942.739359163399,2018-03-14 11:00:00,-34.73935916339906
base_02,sarimax,2018-03-14 12:00:00,2018-03-14 13:00:00,5044.0,5000.819189661537,2018-03-14 12:00:00,43.180810338462834
base_02,sarimax,2018-03-14 13:00:00,2018-03-14 14:00:00,5251.0,5149.653806780851,2018-03-14 13:00:00,101.34619321914943
base_02,sarimax,2018-03-14 14:00:00,2018-03-14 15:00:00,5906.0,5245.124952009152,2018-03-14 14:00:00,660.8750479908476
base_02,sarimax,2018-03-14 15:00:00,2018-03-14 16:00:00,6789.0,5920.702624021055,2018-03-14 15:00:00,868.2973759789447
base_02,sarimax,2018-03-14 16:00:00,2018-03-14 17:00:00,6137.0,6799.45819551759,2018-03-14 16:00:00,-662.45819551759
base_02,sarimax,2018-03-14 17:00:00,2018-03-14 18:00:00,4718.0,6122.093948428779,2018-03-14 17:00:00,-1404.0939484287792
base_02,sarimax,2018-03-14 18:00:00,2018-03-14 19:00:00,3426.0,4654.886142846073,2018-03-14 18:00:00,-1228.8861428460732
base_02,sarimax,2018-03-14 19:00:00,2018-03-14 20:00:00,3115.0,3326.342104382442,2018-03-14 19:00:00,-211.3421043824419
base_02,sarimax,2018-03-14 20:00:00,2018-03-14 21:00:00,2507.0,3156.4716673071202,2018-03-14 20:00:00,-649.4716673071202
base_02,sarimax,2018-03-14 21:00:00,2018-03-14 22:00:00,1810.0,2618.214022664974,2018-03-14 21:00:00,-808.214022664974
base_02,sarimax,2018-03-14 22:00:00,2018-03-14 23:00:00,1094.0,1916.521991197512,2018-03-14 22:00:00,-822.5219911975121
base_02,sarimax,2018-03-14 23:00:00,2018-03-15 00:00:00,577.0,1105.2140415938286,2018-03-14 23:00:00,-528.2140415938286
base_02,sarimax,2018-03-15 00:00:00,2018-03-15 01:00:00,354.0,623.2621096786505,2018-03-15 00:00:00,-269.2621096786505
base_02,sarimax,2018-03-15 01:00:00,2018-03-15 02:00:00,259.0,426.11872335331907,2018-03-15 01:00:00,-167.11872335331907
base_02,sarimax,2018-03-15 02:00:00,2018-03-15 05:00:00,2797.0,287.29971858870226,2018-03-15 02:00:00,2509.7002814112975
base_02,sarimax,2018-03-15 05:00:00,2018-03-15 06:00:00,4965.0,2840.6556299699732,2018-03-15 05:00:00,2124.3443700300268
base_02,sarimax,2018-03-15 06:00:00,2018-03-15 07:00:00,6537.0,4981.734215969331,2018-03-15 06:00:00,1555.2657840306692
base_02,sarimax,2018-03-15 07:00:00,2018-03-15 08:00:00,5907.0,6531.038562629949,2018-03-15 07:00:00,-624.0385626299494
base_02,sarimax,2018-03-15 08:00:00,2018-03-15 09:00:00,5177.0,5642.868131372453,2018-03-15 08:00:00,-465.8681313724528
base_02,sarimax,2018-03-15 09:00:00,2018-03-15 10:00:00,4675.0,4968.934154589795,2018-03-15 09:00:00,-293.93415458979507
base_02,sarimax,2018-03-15 10:00:00,2018-03-15 11:00:00,4905.0,4533.448165985785,2018-03-15 10:00:00,371.5518340142153
base_02,sarimax,2018-03-15 11:00:00,2018-03-15 12:00:00,5113.0,4979.537900658695,2018-03-15 11:00:00,133.46209934130457
base_02,sarimax,2018-03-15 12:00:00,2018-03-15 13:00:00,5165.0,5205.219587956202,2018-03-15 12:00:00,-40.219587956202304
base_02,sarimax,2018-03-15 13:00:00,2018-03-15 14:00:00,5448.0,5234.360512114224,2018-03-15 13:00:00,213.63948788577636
base_02,sarimax,2018-03-15 14:00:00,2018-03-15 15:00:00,5960.0,5440.100206855931,2018-03-15 14:00:00,519.899793144069
base_02,sarimax,2018-03-15 15:00:00,2018-03-15 16:00:00,6586.0,5949.749208256314,2018-03-15 15:00:00,636.250791743686
base_02,sarimax,2018-03-15 16:00:00,2018-03-15 17:00:00,6279.0,6593.605440502488,2018-03-15 16:00:00,-314.6054405024879
base_02,sarimax,2018-03-15 17:00:00,2018-03-15 18:00:00,4771.0,6255.979676468052,2018-03-15 17:00:00,-1484.9796764680523
base_02,sarimax,2018-03-15 18:00:00,2018-03-15 19:00:00,3503.0,4710.347963931731,2018-03-15 18:00:00,-1207.347963931731
base_02,sarimax,2018-03-15 19:00:00,2018-03-15 20:00:00,3093.0,3428.5832818619524,2018-03-15 19:00:00,-335.5832818619524
base_02,sarimax,2018-03-15 20:00:00,2018-03-15 21:00:00,2685.0,3100.7490302979227,2018-03-15 20:00:00,-415.7490302979227
base_02,sarimax,2018-03-15 21:00:00,2018-03-15 22:00:00,2157.0,2823.098669340139,2018-03-15 21:00:00,-666.0986693401392
base_02,sarimax,2018-03-15 22:00:00,2018-03-15 23:00:00,1205.0,2269.768385509319,2018-03-15 22:00:00,-1064.7683855093192
base_02,sarimax,2018-03-15 23:00:00,2018-03-16 00:00:00,661.0,1231.7597326512628,2018-03-15 23:00:00,-570.7597326512628
base_02,sarimax,2018-03-16 00:00:00,2018-03-16 01:00:00,386.0,695.7418760923129,2018-03-16 00:00:00,-309.74187609231285
base_02,sarimax,2018-03-16 01:00:00,2018-03-16 02:00:00,287.0,425.88121983799823,2018-03-16 01:00:00,-138.88121983799823
base_02,sarimax,2018-03-16 02:00:00,2018-03-16 05:00:00,2731.0,336.4987730945645,2018-03-16 02:00:00,2394.5012269054355
base_02,sarimax,2018-03-16 05:00:00,2018-03-16 06:00:00,4997.0,2786.1597627452047,2018-03-16 05:00:00,2210.8402372547953
base_02,sarimax,2018-03-16 06:00:00,2018-03-16 07:00:00,6242.0,5010.808639599176,2018-03-16 06:00:00,1231.1913604008241
base_02,sarimax,2018-03-16 07:00:00,2018-03-16 08:00:00,5574.0,6238.429106022927,2018-03-16 07:00:00,-664.429106022927
base_02,sarimax,2018-03-16 08:00:00,2018-03-16 09:00:00,4900.0,5320.3318238840475,2018-03-16 08:00:00,-420.3318238840475
base_02,sarimax,2018-03-16 09:00:00,2018-03-16 10:00:00,4578.0,4686.431801323876,2018-03-16 09:00:00,-108.43180132387624
base_02,sarimax,2018-03-16 10:00:00,2018-03-16 11:00:00,5056.0,4495.857199393948,2018-03-16 10:00:00,560.1428006060523
base_02,sarimax,2018-03-16 11:00:00,2018-03-16 12:00:00,5381.0,5149.1887908034305,2018-03-16 11:00:00,231.8112091965695
base_02,sarimax,2018-03-16 12:00:00,2018-03-16 13:00:00,5398.0,5473.936821501495,2018-03-16 12:00:00,-75.9368215014947
base_02,sarimax,2018-03-16 13:00:00,2018-03-16 14:00:00,5594.0,5456.435428171169,2018-03-16 13:00:00,137.5645718288306
base_02,sarimax,2018-03-16 14:00:00,2018-03-16 15:00:00,5999.0,5575.406746865858,2018-03-16 14:00:00,423.5932531341423
base_02,sarimax,2018-03-16 15:00:00,2018-03-16 16:00:00,6607.0,5987.971765415592,2018-03-16 15:00:00,619.028234584408
base_02,sarimax,2018-03-16 16:00:00,2018-03-16 17:00:00,6023.0,6618.799271006406,2018-03-16 16:00:00,-595.7992710064063
base_02,sarimax,2018-03-16 17:00:00,2018-03-16 18:00:00,4952.0,6004.877707881068,2018-03-16 17:00:00,-1052.877707881068
base_02,sarimax,2018-03-16 18:00:00,2018-03-16 19:00:00,4004.0,4907.304106597083,2018-03-16 18:00:00,-903.3041065970829
base_02,sarimax,2018-03-16 19:00:00,2018-03-16 20:00:00,3503.0,3932.758485188416,2018-03-16 19:00:00,-429.7584851884162
base_02,sarimax,2018-03-16 20:00:00,2018-03-16 21:00:00,3111.0,3538.6197751485984,2018-03-16 20:00:00,-427.61977514859836
base_02,sarimax,2018-03-16 21:00:00,2018-03-16 22:00:00,3079.0,3195.05986776935,2018-03-16 21:00:00,-116.05986776935015
base_02,sarimax,2018-03-16 22:00:00,2018-03-16 23:00:00,1903.0,3153.0712931578546,2018-03-16 22:00:00,-1250.0712931578546
base_02,sarimax,2018-03-16 23:00:00,2018-03-17 00:00:00,1125.0,1955.6093357790983,2018-03-16 23:00:00,-830.6093357790983
base_02,sarimax,2018-03-17 00:00:00,2018-03-17 01:00:00,621.0,1174.4126918914933,2018-03-17 00:00:00,-553.4126918914933
base_02,sarimax,2018-03-17 01:00:00,2018-03-17 02:00:00,498.0,611.0344313294547,2018-03-17 01:00:00,-113.03443132945472
base_02,sarimax,2018-03-17 02:00:00,2018-03-17 03:00:00,386.0,601.5708206700122,2018-03-17 02:00:00,-215.57082067001215
base_02,sarimax,2018-03-17 03:00:00,2018-03-17 04:00:00,391.0,451.73137691743364,2018-03-17 03:00:00,-60.731376917433636
base_02,sarimax,2018-03-17 04:00:00,2018-03-17 05:00:00,681.0,412.8881374417664,2018-03-17 04:00:00,268.1118625582336
base_02,sarimax,2018-03-17 05:00:00,2018-03-17 06:00:00,1167.0,682.9304299380262,2018-03-17 05:00:00,484.06957006197376
base_02,sarimax,2018-03-17 06:00:00,2018-03-17 07:00:00,1895.0,1160.682333589806,2018-03-17 06:00:00,734.3176664101941
base_02,sarimax,2018-03-17 07:00:00,2018-03-17 08:00:00,3095.0,1880.08633289291,2018-03-17 07:00:00,1214.91366710709
base_02,sarimax,2018-03-17 08:00:00,2018-03-17 09:00:00,3956.0,3052.058321349659,2018-03-17 08:00:00,903.9416786503411
base_02,sarimax,2018-03-17 09:00:00,2018-03-17 10:00:00,4651.0,3937.5494369362727,2018-03-17 09:00:00,713.4505630637273
base_02,sarimax,2018-03-17 10:00:00,2018-03-17 11:00:00,5278.0,4635.16840404731,2018-03-17 10:00:00,642.8315959526899
base_02,sarimax,2018-03-17 11:00:00,2018-03-17 12:00:00,5798.0,5207.294106896829,2018-03-17 11:00:00,590.7058931031706
base_02,sarimax,2018-03-17 12:00:00,2018-03-17 13:00:00,5686.0,5750.662137185209,2018-03-17 12:00:00,-64.66213718520885
base_02,sarimax,2018-03-17 13:00:00,2018-03-17 14:00:00,5616.0,5652.292951343438,2018-03-17 13:00:00,-36.29295134343829
base_02,sarimax,2018-03-17 14:00:00,2018-03-17 15:00:00,5217.0,5577.499779021722,2018-03-17 14:00:00,-360.49977902172213
base_02,sarimax,2018-03-17 15:00:00,2018-03-17 16:00:00,4708.0,5191.56738456086,2018-03-17 15:00:00,-483.56738456085986
base_02,sarimax,2018-03-17 16:00:00,2018-03-17 17:00:00,4954.0,4736.032695750179,2018-03-17 16:00:00,217.9673042498207
base_02,sarimax,2018-03-17 17:00:00,2018-03-17 18:00:00,4595.0,4961.847479278735,2018-03-17 17:00:00,-366.8474792787347
base_02,sarimax,2018-03-17 18:00:00,2018-03-17 19:00:00,3918.0,4643.3997553346135,2018-03-17 18:00:00,-725.3997553346135
base_02,sarimax,2018-03-17 19:00:00,2018-03-17 20:00:00,3534.0,3964.8851256977637,2018-03-17 19:00:00,-430.88512569776367
base_02,sarimax,2018-03-17 20:00:00,2018-03-17 21:00:00,3351.0,3451.9967743163625,2018-03-17 20:00:00,-100.99677431636246
base_02,sarimax,2018-03-17 21:00:00,2018-03-17 22:00:00,3739.0,3354.2680511097274,2018-03-17 21:00:00,384.73194889027263
base_02,sarimax,2018-03-17 22:00:00,2018-03-17 23:00:00,2596.0,3765.420568302692,2018-03-17 22:00:00,-1169.4205683026921
base_02,sarimax,2018-03-17 23:00:00,2018-03-18 00:00:00,1642.0,2615.320549433442,2018-03-17 23:00:00,-973.320549433442
base_02,sarimax,2018-03-18 00:00:00,2018-03-18 01:00:00,1075.0,1627.895887902781,2018-03-18 00:00:00,-552.8958879027809
base_02,sarimax,2018-03-18 01:00:00,2018-03-18 02:00:00,719.0,1011.3790738168561,2018-03-18 01:00:00,-292.37907381685613
base_02,sarimax,2018-03-18 02:00:00,2018-03-18 03:00:00,417.0,820.4358608901059,2018-03-18 02:00:00,-403.4358608901059
base_02,sarimax,2018-03-18 03:00:00,2018-03-18 04:00:00,321.0,500.47443569489883,2018-03-18 03:00:00,-179.47443569489883
base_02,sarimax,2018-03-18 04:00:00,2018-03-18 05:00:00,439.0,366.83052075824367,2018-03-18 04:00:00,72.16947924175633
base_02,sarimax,2018-03-18 05:00:00,2018-03-18 06:00:00,761.0,469.2207298452839,2018-03-18 05:00:00,291.7792701547161
base_02,sarimax,2018-03-18 06:00:00,2018-03-18 07:00:00,1020.0,785.4154904274974,2018-03-18 06:00:00,234.5845095725026
base_02,sarimax,2018-03-18 07:00:00,2018-03-18 08:00:00,1840.0,1028.5819421749654,2018-03-18 07:00:00,811.4180578250346
base_02,sarimax,2018-03-18 08:00:00,2018-03-18 09:00:00,2776.0,1824.540035290209,2018-03-18 08:00:00,951.4599647097909
base_02,sarimax,2018-03-18 09:00:00,2018-03-18 10:00:00,3658.0,2790.620580329891,2018-03-18 09:00:00,867.3794196701092
base_02,sarimax,2018-03-18 10:00:00,2018-03-18 11:00:00,4175.0,3671.3327298724766,2018-03-18 10:00:00,503.66727012752335
base_02,sarimax,2018-03-18 11:00:00,2018-03-18 12:00:00,4575.0,4131.02436743815,2018-03-18 11:00:00,443.97563256185003
base_02,sarimax,2018-03-18 12:00:00,2018-03-18 13:00:00,4713.0,4511.40287846344,2018-03-18 12:00:00,201.59712153655983
base_02,sarimax,2018-03-18 13:00:00,2018-03-18 14:00:00,4783.0,4651.470984537524,2018-03-18 13:00:00,131.5290154624763
base_02,sarimax,2018-03-18 14:00:00,2018-03-18 15:00:00,4797.0,4747.333542643958,2018-03-18 14:00:00,49.666457356041974
base_02,sarimax,2018-03-18 15:00:00,2018-03-18 16:00:00,4727.0,4764.215276158183,2018-03-18 15:00:00,-37.21527615818286
base_02,sarimax,2018-03-18 16:00:00,2018-03-18 17:00:00,4649.0,4712.318806343947,2018-03-18 16:00:00,-63.31880634394656
base_02,sarimax,2018-03-18 17:00:00,2018-03-18 18:00:00,3868.0,4645.612613366016,2018-03-18 17:00:00,-777.6126133660164
base_02,sarimax,2018-03-18 18:00:00,2018-03-18 19:00:00,3174.0,3869.2410087990943,2018-03-18 18:00:00,-695.2410087990943
base_02,sarimax,2018-03-18 19:00:00,2018-03-18 20:00:00,2692.0,3164.8021133726834,2018-03-18 19:00:00,-472.8021133726834
base_02,sarimax,2018-03-18 20:00:00,2018-03-18 21:00:00,2068.0,2687.099704761011,2018-03-18 20:00:00,-619.0997047610108
base_02,sarimax,2018-03-18 21:00:00,2018-03-18 22:00:00,1560.0,2144.0755196695472,2018-03-18 21:00:00,-584.0755196695472
base_02,sarimax,2018-03-18 22:00:00,2018-03-18 23:00:00,966.0,1624.4948856668548,2018-03-18 22:00:00,-658.4948856668548
base_02,sarimax,2018-03-18 23:00:00,2018-03-19 00:00:00,540.0,1010.5886689444504,2018-03-18 23:00:00,-470.58866894445043
base_02,sarimax,2018-03-19 00:00:00,2018-03-19 01:00:00,293.0,593.8206100597546,2018-03-19 00:00:00,-300.8206100597546
base_02,sarimax,2018-03-19 01:00:00,2018-03-19 02:00:00,254.0,346.62316918446095,2018-03-19 01:00:00,-92.62316918446095
base_02,sarimax,2018-03-19 02:00:00,2018-03-19 03:00:00,348.0,301.705020768347,2018-03-19 02:00:00,46.294979231652974
base_02,sarimax,2018-03-19 03:00:00,2018-03-19 04:00:00,819.0,392.58777244733994,2018-03-19 03:00:00,426.41222755266006
base_02,sarimax,2018-03-19 04:00:00,2018-03-19 05:00:00,2788.0,833.7386797055098,2018-03-19 04:00:00,1954.2613202944904
base_02,sarimax,2018-03-19 05:00:00,2018-03-19 06:00:00,5370.0,2779.376132365549,2018-03-19 05:00:00,2590.623867634451
base_02,sarimax,2018-03-19 06:00:00,2018-03-19 07:00:00,6710.0,5357.856290024261,2018-03-19 06:00:00,1352.1437099757386
base_02,sarimax,2018-03-19 07:00:00,2018-03-19 08:00:00,5983.0,6648.470575104542,2018-03-19 07:00:00,-665.4705751045421
base_02,sarimax,2018-03-19 08:00:00,2018-03-19 09:00:00,4958.0,5776.160376552116,2018-03-19 08:00:00,-818.1603765521158
base_02,sarimax,2018-03-19 09:00:00,2018-03-19 10:00:00,4320.0,4693.9778936193115,2018-03-19 09:00:00,-373.97789361931154
base_02,sarimax,2018-03-19 10:00:00,2018-03-19 11:00:00,4551.0,4200.37862873286,2018-03-19 10:00:00,350.6213712671397
base_02,sarimax,2018-03-19 11:00:00,2018-03-19 12:00:00,4636.0,4636.40534774235,2018-03-19 11:00:00,-0.4053477423503864
base_02,sarimax,2018-03-19 12:00:00,2018-03-19 13:00:00,4712.0,4759.752354971143,2018-03-19 12:00:00,-47.75235497114318
base_02,sarimax,2018-03-19 13:00:00,2018-03-19 14:00:00,4974.0,4788.196803448767,2018-03-19 13:00:00,185.80319655123276
base_02,sarimax,2018-03-19 14:00:00,2018-03-19 15:00:00,5694.0,4973.976580257249,2018-03-19 14:00:00,720.0234197427508
base_02,sarimax,2018-03-19 15:00:00,2018-03-19 16:00:00,6470.0,5695.984254423324,2018-03-19 15:00:00,774.0157455766757
base_02,sarimax,2018-03-19 16:00:00,2018-03-19 17:00:00,5955.0,6470.717233475107,2018-03-19 16:00:00,-515.7172334751067
base_02,sarimax,2018-03-19 17:00:00,2018-03-19 18:00:00,4314.0,5929.679382120971,2018-03-19 17:00:00,-1615.6793821209712
base_02,sarimax,2018-03-19 18:00:00,2018-03-19 19:00:00,3201.0,4233.800866389529,2018-03-19 18:00:00,-1032.800866389529
base_02,sarimax,2018-03-19 19:00:00,2018-03-19 20:00:00,2582.0,3107.4012955712005,2018-03-19 19:00:00,-525.4012955712005
base_02,sarimax,2018-03-19 20:00:00,2018-03-19 21:00:00,2628.0,2620.703823487663,2018-03-19 20:00:00,7.296176512336842
base_02,sarimax,2018-03-19 21:00:00,2018-03-19 22:00:00,3231.0,2779.5496621317634,2018-03-19 21:00:00,451.4503378682366
base_02,sarimax,2018-03-19 22:00:00,2018-03-19 23:00:00,1086.0,3331.7564258305847,2018-03-19 22:00:00,-2245.7564258305847
base_02,sarimax,2018-03-19 23:00:00,2018-03-20 00:00:00,556.0,1137.1020508726315,2018-03-19 23:00:00,-581.1020508726315
base_02,sarimax,2018-03-20 00:00:00,2018-03-20 01:00:00,337.0,536.8296567128646,2018-03-20 00:00:00,-199.82965671286456
base_02,sarimax,2018-03-20 01:00:00,2018-03-20 02:00:00,247.0,270.17524388615493,2018-03-20 01:00:00,-23.17524388615493
base_02,sarimax,2018-03-20 02:00:00,2018-03-20 03:00:00,353.0,448.508357236126,2018-03-20 02:00:00,-95.50835723612602
base_02,sarimax,2018-03-20 03:00:00,2018-03-20 04:00:00,885.0,403.34684635566003,2018-03-20 03:00:00,481.65315364433997
base_02,sarimax,2018-03-20 04:00:00,2018-03-20 05:00:00,2867.0,892.931585899366,2018-03-20 04:00:00,1974.068414100634
base_02,sarimax,2018-03-20 05:00:00,2018-03-20 06:00:00,5619.0,2873.2360469399246,2018-03-20 05:00:00,2745.7639530600754
base_02,sarimax,2018-03-20 06:00:00,2018-03-20 07:00:00,6426.0,5601.382063981159,2018-03-20 06:00:00,824.6179360188407
base_02,sarimax,2018-03-20 07:00:00,2018-03-20 08:00:00,5876.0,6364.995123305622,2018-03-20 07:00:00,-488.99512330562175
base_02,sarimax,2018-03-20 08:00:00,2018-03-20 09:00:00,5130.0,5660.322872765543,2018-03-20 08:00:00,-530.3228727655433
base_02,sarimax,2018-03-20 09:00:00,2018-03-20 10:00:00,4406.0,4855.778779530991,2018-03-20 09:00:00,-449.7787795309914
base_02,sarimax,2018-03-20 10:00:00,2018-03-20 11:00:00,4427.0,4331.045283397877,2018-03-20 10:00:00,95.95471660212297
base_02,sarimax,2018-03-20 11:00:00,2018-03-20 12:00:00,4600.0,4482.344442860804,2018-03-20 11:00:00,117.65555713919639
base_02,sarimax,2018-03-20 12:00:00,2018-03-20 13:00:00,4696.0,4680.137397604812,2018-03-20 12:00:00,15.862602395188333
base_02,sarimax,2018-03-20 13:00:00,2018-03-20 14:00:00,4958.0,4784.369802832453,2018-03-20 13:00:00,173.6301971675466
base_02,sarimax,2018-03-20 14:00:00,2018-03-20 15:00:00,5690.0,4959.179901585454,2018-03-20 14:00:00,730.820098414546
base_02,sarimax,2018-03-20 15:00:00,2018-03-20 16:00:00,6609.0,5673.93383070605,2018-03-20 15:00:00,935.0661692939502
base_02,sarimax,2018-03-20 16:00:00,2018-03-20 17:00:00,6097.0,6603.081166879452,2018-03-20 16:00:00,-506.0811668794522
base_02,sarimax,2018-03-20 17:00:00,2018-03-20 18:00:00,4569.0,6071.7400232072505,2018-03-20 17:00:00,-1502.7400232072505
base_02,sarimax,2018-03-20 18:00:00,2018-03-20 19:00:00,3098.0,4490.026689860849,2018-03-20 18:00:00,-1392.0266898608488
base_02,sarimax,2018-03-20 19:00:00,2018-03-20 20:00:00,2741.0,3000.235649441834,2018-03-20 19:00:00,-259.2356494418341
base_02,sarimax,2018-03-20 20:00:00,2018-03-20 21:00:00,2517.0,2785.9323181284817,2018-03-20 20:00:00,-268.9323181284817
base_02,sarimax,2018-03-20 21:00:00,2018-03-20 22:00:00,1621.0,2665.127099746052,2018-03-20 21:00:00,-1044.127099746052
base_02,sarimax,2018-03-20 22:00:00,2018-03-20 23:00:00,1062.0,1765.0971427750121,2018-03-20 22:00:00,-703.0971427750121
base_02,sarimax,2018-03-20 23:00:00,2018-03-21 00:00:00,578.0,1078.2768121103725,2018-03-20 23:00:00,-500.2768121103725
base_02,sarimax,2018-03-21 00:00:00,2018-03-21 01:00:00,335.0,590.3119876930336,2018-03-21 00:00:00,-255.31198769303364
base_02,sarimax,2018-03-21 01:00:00,2018-03-21 02:00:00,261.0,419.80952279183055,2018-03-21 01:00:00,-158.80952279183055
base_02,sarimax,2018-03-21 02:00:00,2018-03-21 03:00:00,353.0,305.70767312994485,2018-03-21 02:00:00,47.29232687005515
base_02,sarimax,2018-03-21 03:00:00,2018-03-21 04:00:00,893.0,389.774778304685,2018-03-21 03:00:00,503.225221695315
base_02,sarimax,2018-03-21 04:00:00,2018-03-21 05:00:00,2950.0,912.4732717932147,2018-03-21 04:00:00,2037.5267282067853
base_02,sarimax,2018-03-21 05:00:00,2018-03-21 06:00:00,5538.0,2950.156883428098,2018-03-21 05:00:00,2587.843116571902
base_02,sarimax,2018-03-21 06:00:00,2018-03-21 07:00:00,6840.0,5523.167408359487,2018-03-21 06:00:00,1316.8325916405129
base_02,sarimax,2018-03-21 07:00:00,2018-03-21 08:00:00,6218.0,6792.302166093458,2018-03-21 07:00:00,-574.3021660934583
base_02,sarimax,2018-03-21 08:00:00,2018-03-21 09:00:00,5356.0,6023.826770694084,2018-03-21 08:00:00,-667.8267706940842
base_02,sarimax,2018-03-21 09:00:00,2018-03-21 10:00:00,4551.0,5107.761516172295,2018-03-21 09:00:00,-556.7615161722952
base_02,sarimax,2018-03-21 10:00:00,2018-03-21 11:00:00,4807.0,4433.199855708846,2018-03-21 10:00:00,373.80014429115363
base_02,sarimax,2018-03-21 11:00:00,2018-03-21 12:00:00,4993.0,4893.396224106877,2018-03-21 11:00:00,99.60377589312338
base_02,sarimax,2018-03-21 12:00:00,2018-03-21 13:00:00,4879.0,5110.829877119673,2018-03-21 12:00:00,-231.82987711967326
base_02,sarimax,2018-03-21 13:00:00,2018-03-21 14:00:00,5173.0,4981.531502792152,2018-03-21 13:00:00,191.46849720784758
base_02,sarimax,2018-03-21 14:00:00,2018-03-21 15:00:00,5863.0,5159.5509486535075,2018-03-21 14:00:00,703.4490513464925
base_02,sarimax,2018-03-21 15:00:00,2018-03-21 16:00:00,6790.0,5864.376402849348,2018-03-21 15:00:00,925.6235971506521
base_02,sarimax,2018-03-21 16:00:00,2018-03-21 17:00:00,6310.0,6811.506637607641,2018-03-21 16:00:00,-501.5066376076411
base_02,sarimax,2018-03-21 17:00:00,2018-03-21 18:00:00,4591.0,6283.321945730957,2018-03-21 17:00:00,-1692.321945730957
base_02,sarimax,2018-03-21 18:00:00,2018-03-21 19:00:00,3493.0,4520.055177209995,2018-03-21 18:00:00,-1027.0551772099952
base_02,sarimax,2018-03-21 19:00:00,2018-03-21 20:00:00,2991.0,3396.259484931342,2018-03-21 19:00:00,-405.25948493134183
base_02,sarimax,2018-03-21 20:00:00,2018-03-21 21:00:00,2592.0,3032.6832004494595,2018-03-21 20:00:00,-440.6832004494595
base_02,sarimax,2018-03-21 21:00:00,2018-03-21 22:00:00,1664.0,2761.752017573965,2018-03-21 21:00:00,-1097.752017573965
base_02,sarimax,2018-03-21 22:00:00,2018-03-21 23:00:00,1093.0,1773.3594005616728,2018-03-21 22:00:00,-680.3594005616728
base_02,sarimax,2018-03-21 23:00:00,2018-03-22 00:00:00,609.0,1136.3315449533811,2018-03-21 23:00:00,-527.3315449533811
base_02,sarimax,2018-03-22 00:00:00,2018-03-22 01:00:00,346.0,647.2719538696682,2018-03-22 00:00:00,-301.2719538696682
base_02,sarimax,2018-03-22 01:00:00,2018-03-22 02:00:00,228.0,427.4996158653492,2018-03-22 01:00:00,-199.4996158653492
base_02,sarimax,2018-03-22 02:00:00,2018-03-22 03:00:00,330.0,290.7737553602304,2018-03-22 02:00:00,39.22624463976962
base_02,sarimax,2018-03-22 03:00:00,2018-03-22 04:00:00,868.0,377.1786490756491,2018-03-22 03:00:00,490.8213509243509
base_02,sarimax,2018-03-22 04:00:00,2018-03-22 05:00:00,2903.0,884.3254887349625,2018-03-22 04:00:00,2018.6745112650374
base_02,sarimax,2018-03-22 05:00:00,2018-03-22 06:00:00,5530.0,2915.1136996940304,2018-03-22 05:00:00,2614.8863003059696
base_02,sarimax,2018-03-22 06:00:00,2018-03-22 07:00:00,6833.0,5523.019068893582,2018-03-22 06:00:00,1309.9809311064182
base_02,sarimax,2018-03-22 07:00:00,2018-03-22 08:00:00,6206.0,6779.6090084623875,2018-03-22 07:00:00,-573.6090084623875
base_02,sarimax,2018-03-22 08:00:00,2018-03-22 09:00:00,5222.0,5990.427439857743,2018-03-22 08:00:00,-768.4274398577427
base_02,sarimax,2018-03-22 09:00:00,2018-03-22 10:00:00,4573.0,4962.516592874615,2018-03-22 09:00:00,-389.5165928746146
base_02,sarimax,2018-03-22 10:00:00,2018-03-22 11:00:00,5059.0,4453.064096174786,2018-03-22 10:00:00,605.9359038252142
base_02,sarimax,2018-03-22 11:00:00,2018-03-22 12:00:00,5162.0,5139.599693200326,2018-03-22 11:00:00,22.40030679967367
base_02,sarimax,2018-03-22 12:00:00,2018-03-22 13:00:00,5165.0,5279.657757038954,2018-03-22 12:00:00,-114.6577570389536
base_02,sarimax,2018-03-22 13:00:00,2018-03-22 14:00:00,5386.0,5248.125468273707,2018-03-22 13:00:00,137.87453172629284
base_02,sarimax,2018-03-22 14:00:00,2018-03-22 15:00:00,5963.0,5349.406524909069,2018-03-22 14:00:00,613.593475090931
base_02,sarimax,2018-03-22 15:00:00,2018-03-22 16:00:00,6918.0,5961.960987762156,2018-03-22 15:00:00,956.039012237844
base_02,sarimax,2018-03-22 16:00:00,2018-03-22 17:00:00,6374.0,6929.840825528291,2018-03-22 16:00:00,-555.8408255282911
base_02,sarimax,2018-03-22 17:00:00,2018-03-22 18:00:00,4694.0,6355.8394286137855,2018-03-22 17:00:00,-1661.8394286137855
base_02,sarimax,2018-03-22 18:00:00,2018-03-22 19:00:00,3737.0,4639.089551629213,2018-03-22 18:00:00,-902.089551629213
base_02,sarimax,2018-03-22 19:00:00,2018-03-22 20:00:00,3510.0,3637.8941271668664,2018-03-22 19:00:00,-127.89412716686638
base_02,sarimax,2018-03-22 20:00:00,2018-03-22 21:00:00,2896.0,3537.360447802866,2018-03-22 20:00:00,-641.360447802866
base_02,sarimax,2018-03-22 21:00:00,2018-03-22 22:00:00,2298.0,3030.4244666885756,2018-03-22 21:00:00,-732.4244666885756
base_02,sarimax,2018-03-22 22:00:00,2018-03-22 23:00:00,1235.0,2366.0565123576675,2018-03-22 22:00:00,-1131.0565123576675
base_02,sarimax,2018-03-22 23:00:00,2018-03-23 00:00:00,645.0,1237.0570820794167,2018-03-22 23:00:00,-592.0570820794167
base_02,sarimax,2018-03-23 00:00:00,2018-03-23 01:00:00,379.0,679.4848105347837,2018-03-23 00:00:00,-300.4848105347837
base_02,sarimax,2018-03-23 01:00:00,2018-03-23 02:00:00,285.0,427.9616828364437,2018-03-23 01:00:00,-142.96168283644369
base_02,sarimax,2018-03-23 02:00:00,2018-03-23 03:00:00,382.0,382.0802072708374,2018-03-23 02:00:00,-0.08020727083737711
base_02,sarimax,2018-03-23 03:00:00,2018-03-23 04:00:00,800.0,434.3386149692021,2018-03-23 03:00:00,365.6613850307979
base_02,sarimax,2018-03-23 04:00:00,2018-03-23 05:00:00,2744.0,809.1741648767672,2018-03-23 04:00:00,1934.8258351232328
base_02,sarimax,2018-03-23 05:00:00,2018-03-23 06:00:00,5245.0,2750.4113692391866,2018-03-23 05:00:00,2494.5886307608134
base_02,sarimax,2018-03-23 06:00:00,2018-03-23 07:00:00,6407.0,5238.173497515003,2018-03-23 06:00:00,1168.826502484997
base_02,sarimax,2018-03-23 07:00:00,2018-03-23 08:00:00,5885.0,6372.781577084057,2018-03-23 07:00:00,-487.78157708405706
base_02,sarimax,2018-03-23 08:00:00,2018-03-23 09:00:00,5294.0,5693.128047266224,2018-03-23 08:00:00,-399.1280472662238
base_02,sarimax,2018-03-23 09:00:00,2018-03-23 10:00:00,4876.0,5084.358999510737,2018-03-23 09:00:00,-208.3589995107368
base_02,sarimax,2018-03-23 10:00:00,2018-03-23 11:00:00,5230.0,4791.1905815859445,2018-03-23 10:00:00,438.8094184140555
base_02,sarimax,2018-03-23 11:00:00,2018-03-23 12:00:00,5405.0,5310.558853119515,2018-03-23 11:00:00,94.44114688048467
base_02,sarimax,2018-03-23 12:00:00,2018-03-23 13:00:00,5369.0,5481.391012504698,2018-03-23 12:00:00,-112.39101250469776
base_02,sarimax,2018-03-23 13:00:00,2018-03-23 14:00:00,5525.0,5424.601801051204,2018-03-23 13:00:00,100.39819894879565
base_02,sarimax,2018-03-23 14:00:00,2018-03-23 15:00:00,6042.0,5497.75284571772,2018-03-23 14:00:00,544.2471542822796
base_02,sarimax,2018-03-23 15:00:00,2018-03-23 16:00:00,6712.0,6032.498891993038,2018-03-23 15:00:00,679.5011080069617
base_02,sarimax,2018-03-23 16:00:00,2018-03-23 17:00:00,6248.0,6726.17965095775,2018-03-23 16:00:00,-478.1796509577498
base_02,sarimax,2018-03-23 17:00:00,2018-03-23 18:00:00,5041.0,6226.731243464275,2018-03-23 17:00:00,-1185.7312434642754
base_02,sarimax,2018-03-23 18:00:00,2018-03-23 19:00:00,4067.0,4988.862724687592,2018-03-23 18:00:00,-921.8627246875922
base_02,sarimax,2018-03-23 19:00:00,2018-03-23 20:00:00,3229.0,3987.4160386192775,2018-03-23 19:00:00,-758.4160386192775
base_02,sarimax,2018-03-23 20:00:00,2018-03-23 21:00:00,2915.0,3269.438832674374,2018-03-23 20:00:00,-354.4388326743742
base_02,sarimax,2018-03-23 21:00:00,2018-03-23 22:00:00,2928.0,3033.525832075536,2018-03-23 21:00:00,-105.52583207553607
base_02,sarimax,2018-03-23 22:00:00,2018-03-23 23:00:00,2932.0,3021.6521485734665,2018-03-23 22:00:00,-89.65214857346655
base_02,sarimax,2018-03-23 23:00:00,2018-03-24 00:00:00,1453.0,3015.4382069013536,2018-03-23 23:00:00,-1562.4382069013536
base_02,sarimax,2018-03-24 00:00:00,2018-03-24 01:00:00,950.0,1481.4799613549972,2018-03-24 00:00:00,-531.4799613549972
base_02,sarimax,2018-03-24 01:00:00,2018-03-24 09:00:00,3912.0,865.4274033380354,2018-03-24 01:00:00,3046.572596661965
base_02,sarimax,2018-03-24 09:00:00,2018-03-24 10:00:00,4466.0,3905.778783505375,2018-03-24 09:00:00,560.221216494625
base_02,sarimax,2018-03-24 10:00:00,2018-03-24 11:00:00,6006.0,4623.0022024550535,2018-03-24 10:00:00,1382.9977975449465
base_02,sarimax,2018-03-24 11:00:00,2018-03-24 12:00:00,6470.0,6074.082577974963,2018-03-24 11:00:00,395.917422025037
base_02,sarimax,2018-03-24 12:00:00,2018-03-24 13:00:00,5148.0,6170.646851265417,2018-03-24 12:00:00,-1022.6468512654174
base_02,sarimax,2018-03-24 13:00:00,2018-03-24 14:00:00,4994.0,5115.962082509749,2018-03-24 13:00:00,-121.96208250974905
base_02,sarimax,2018-03-24 14:00:00,2018-03-24 15:00:00,5019.0,4856.889190085817,2018-03-24 14:00:00,162.11080991418294
base_02,sarimax,2018-03-24 15:00:00,2018-03-24 16:00:00,4874.0,4985.811981944035,2018-03-24 15:00:00,-111.81198194403532
base_02,sarimax,2018-03-24 16:00:00,2018-03-24 17:00:00,4787.0,5019.746846869833,2018-03-24 16:00:00,-232.74684686983255
base_02,sarimax,2018-03-24 17:00:00,2018-03-24 18:00:00,4511.0,4819.242487127458,2018-03-24 17:00:00,-308.24248712745793
base_02,sarimax,2018-03-24 18:00:00,2018-03-24 19:00:00,3788.0,4515.086843726711,2018-03-24 18:00:00,-727.0868437267109
base_02,sarimax,2018-03-24 19:00:00,2018-03-24 20:00:00,3044.0,3797.853262848392,2018-03-24 19:00:00,-753.8532628483922
base_02,sarimax,2018-03-24 20:00:00,2018-03-24 21:00:00,3602.0,3024.562990607028,2018-03-24 20:00:00,577.437009392972
base_02,sarimax,2018-03-24 21:00:00,2018-03-24 22:00:00,4409.0,3628.871443807082,2018-03-24 21:00:00,780.128556192918
base_02,sarimax,2018-03-24 22:00:00,2018-03-24 23:00:00,2104.0,4458.611288852289,2018-03-24 22:00:00,-2354.6112888522894
base_02,sarimax,2018-03-24 23:00:00,2018-03-25 00:00:00,1324.0,2173.811645980992,2018-03-24 23:00:00,-849.8116459809921
base_02,sarimax,2018-03-25 00:00:00,2018-03-25 01:00:00,795.0,1258.4820456881741,2018-03-25 00:00:00,-463.48204568817414
base_02,sarimax,2018-03-25 01:00:00,2018-03-25 02:00:00,658.0,702.7191020507281,2018-03-25 01:00:00,-44.71910205072811
base_02,sarimax,2018-03-25 02:00:00,2018-03-25 03:00:00,340.0,886.2783038638004,2018-03-25 02:00:00,-546.2783038638004
base_02,sarimax,2018-03-25 03:00:00,2018-03-25 04:00:00,274.0,407.8914587040523,2018-03-25 03:00:00,-133.8914587040523
base_02,sarimax,2018-03-25 04:00:00,2018-03-25 05:00:00,440.0,324.63151066139613,2018-03-25 04:00:00,115.36848933860387
base_02,sarimax,2018-03-25 05:00:00,2018-03-25 06:00:00,771.0,448.89880654422655,2018-03-25 05:00:00,322.10119345577345
base_02,sarimax,2018-03-25 06:00:00,2018-03-25 07:00:00,1158.0,798.7097936707398,2018-03-25 06:00:00,359.2902063292602
base_02,sarimax,2018-03-25 07:00:00,2018-03-25 08:00:00,1847.0,1158.164211427283,2018-03-25 07:00:00,688.8357885727171
base_02,sarimax,2018-03-25 08:00:00,2018-03-25 09:00:00,2788.0,1825.5295254004347,2018-03-25 08:00:00,962.4704745995653
base_02,sarimax,2018-03-25 09:00:00,2018-03-25 10:00:00,3617.0,2760.831764552934,2018-03-25 09:00:00,856.1682354470659
base_02,sarimax,2018-03-25 10:00:00,2018-03-25 11:00:00,3939.0,3593.620083708444,2018-03-25 10:00:00,345.3799162915561
base_02,sarimax,2018-03-25 11:00:00,2018-03-25 12:00:00,4628.0,3892.6826894410933,2018-03-25 11:00:00,735.3173105589067
base_02,sarimax,2018-03-25 12:00:00,2018-03-25 13:00:00,4615.0,4553.028757213427,2018-03-25 12:00:00,61.971242786573384
base_02,sarimax,2018-03-25 13:00:00,2018-03-25 14:00:00,4447.0,4557.445703869104,2018-03-25 13:00:00,-110.44570386910436
base_02,sarimax,2018-03-25 14:00:00,2018-03-25 15:00:00,4447.0,4435.477633903248,2018-03-25 14:00:00,11.522366096752194
base_02,sarimax,2018-03-25 15:00:00,2018-03-25 16:00:00,4540.0,4397.3354509756455,2018-03-25 15:00:00,142.66454902435453
base_02,sarimax,2018-03-25 16:00:00,2018-03-25 17:00:00,4345.0,4560.199061580701,2018-03-25 16:00:00,-215.1990615807008
base_02,sarimax,2018-03-25 17:00:00,2018-03-25 18:00:00,3799.0,4364.596750981042,2018-03-25 17:00:00,-565.5967509810416
base_02,sarimax,2018-03-25 18:00:00,2018-03-25 19:00:00,2980.0,3793.6203263529314,2018-03-25 18:00:00,-813.6203263529314
base_02,sarimax,2018-03-25 19:00:00,2018-03-25 20:00:00,2784.0,2972.3633298710292,2018-03-25 19:00:00,-188.36332987102924
base_02,sarimax,2018-03-25 20:00:00,2018-03-25 21:00:00,3967.0,2792.7572891331884,2018-03-25 20:00:00,1174.2427108668116
base_02,sarimax,2018-03-25 21:00:00,2018-03-25 22:00:00,1794.0,4014.6624012650263,2018-03-25 21:00:00,-2220.6624012650263
base_02,sarimax,2018-03-25 22:00:00,2018-03-25 23:00:00,984.0,1875.5135530285092,2018-03-25 22:00:00,-891.5135530285092
base_02,sarimax,2018-03-25 23:00:00,2018-03-26 00:00:00,518.0,1002.6022490719973,2018-03-25 23:00:00,-484.60224907199733
base_02,sarimax,2018-03-26 00:00:00,2018-03-26 01:00:00,325.0,393.6928749392348,2018-03-26 00:00:00,-68.6928749392348
base_02,sarimax,2018-03-26 01:00:00,2018-03-26 02:00:00,248.0,541.6121192375847,2018-03-26 01:00:00,-293.6121192375847
base_02,sarimax,2018-03-26 02:00:00,2018-03-26 03:00:00,336.0,324.532296961206,2018-03-26 02:00:00,11.467703038794014
base_02,sarimax,2018-03-26 03:00:00,2018-03-26 04:00:00,851.0,362.14629022177365,2018-03-26 03:00:00,488.85370977822635
base_02,sarimax,2018-03-26 04:00:00,2018-03-26 05:00:00,2625.0,803.8016579048561,2018-03-26 04:00:00,1821.1983420951437
base_02,sarimax,2018-03-26 05:00:00,2018-03-26 06:00:00,5213.0,2652.2299342076094,2018-03-26 05:00:00,2560.7700657923906
base_02,sarimax,2018-03-26 06:00:00,2018-03-26 07:00:00,6382.0,5204.99714605478,2018-03-26 06:00:00,1177.0028539452196
base_02,sarimax,2018-03-26 07:00:00,2018-03-26 08:00:00,5654.0,6327.203970364923,2018-03-26 07:00:00,-673.2039703649234
base_02,sarimax,2018-03-26 08:00:00,2018-03-26 09:00:00,4843.0,5465.175665724868,2018-03-26 08:00:00,-622.1756657248679
base_02,sarimax,2018-03-26 09:00:00,2018-03-26 10:00:00,4129.0,4583.844083358115,2018-03-26 09:00:00,-454.8440833581153
base_02,sarimax,2018-03-26 10:00:00,2018-03-26 11:00:00,4370.0,4015.8224911920047,2018-03-26 10:00:00,354.1775088079953
base_02,sarimax,2018-03-26 11:00:00,2018-03-26 12:00:00,4562.0,4460.281201495184,2018-03-26 11:00:00,101.71879850481582
base_02,sarimax,2018-03-26 12:00:00,2018-03-26 13:00:00,4661.0,4654.996769915728,2018-03-26 12:00:00,6.003230084272218
base_02,sarimax,2018-03-26 13:00:00,2018-03-26 14:00:00,4992.0,4736.550367899182,2018-03-26 13:00:00,255.44963210081823
base_02,sarimax,2018-03-26 14:00:00,2018-03-26 15:00:00,5494.0,4971.910229315675,2018-03-26 14:00:00,522.0897706843252
base_02,sarimax,2018-03-26 15:00:00,2018-03-26 16:00:00,6402.0,5478.789347097143,2018-03-26 15:00:00,923.210652902857
base_02,sarimax,2018-03-26 16:00:00,2018-03-26 17:00:00,5956.0,6390.649578147923,2018-03-26 16:00:00,-434.6495781479234
base_02,sarimax,2018-03-26 17:00:00,2018-03-26 18:00:00,4041.0,5916.8946263884845,2018-03-26 17:00:00,-1875.8946263884845
base_02,sarimax,2018-03-26 18:00:00,2018-03-26 19:00:00,3000.0,3980.5185157902542,2018-03-26 18:00:00,-980.5185157902542
base_02,sarimax,2018-03-26 19:00:00,2018-03-26 20:00:00,2500.0,2904.7897370416167,2018-03-26 19:00:00,-404.7897370416167
base_02,sarimax,2018-03-26 20:00:00,2018-03-26 21:00:00,2012.0,2542.5230273357392,2018-03-26 20:00:00,-530.5230273357392
base_02,sarimax,2018-03-26 21:00:00,2018-03-26 22:00:00,1413.0,2203.9629107509836,2018-03-26 21:00:00,-790.9629107509836
base_02,sarimax,2018-03-26 22:00:00,2018-03-26 23:00:00,877.0,1518.0989968600404,2018-03-26 22:00:00,-641.0989968600404
base_02,sarimax,2018-03-26 23:00:00,2018-03-27 00:00:00,516.0,929.0058016588632,2018-03-26 23:00:00,-413.0058016588632
base_02,sarimax,2018-03-27 00:00:00,2018-03-27 01:00:00,313.0,564.0821937713774,2018-03-27 00:00:00,-251.08219377137743
base_02,sarimax,2018-03-27 01:00:00,2018-03-27 02:00:00,249.0,375.1058784126251,2018-03-27 01:00:00,-126.10587841262509
base_02,sarimax,2018-03-27 02:00:00,2018-03-27 03:00:00,344.0,300.6929771349632,2018-03-27 02:00:00,43.3070228650368
base_02,sarimax,2018-03-27 03:00:00,2018-03-27 04:00:00,879.0,379.75061077442064,2018-03-27 03:00:00,499.24938922557936
base_02,sarimax,2018-03-27 04:00:00,2018-03-27 05:00:00,2781.0,900.7079582346113,2018-03-27 04:00:00,1880.2920417653886
base_02,sarimax,2018-03-27 05:00:00,2018-03-27 06:00:00,5421.0,2786.106833151328,2018-03-27 05:00:00,2634.893166848672
base_02,sarimax,2018-03-27 06:00:00,2018-03-27 07:00:00,6696.0,5411.022902876315,2018-03-27 06:00:00,1284.9770971236849
base_02,sarimax,2018-03-27 07:00:00,2018-03-27 08:00:00,5970.0,6639.814759390047,2018-03-27 07:00:00,-669.8147593900467
base_02,sarimax,2018-03-27 08:00:00,2018-03-27 09:00:00,5088.0,5776.291329775062,2018-03-27 08:00:00,-688.291329775062
base_02,sarimax,2018-03-27 09:00:00,2018-03-27 10:00:00,4388.0,4820.631799806122,2018-03-27 09:00:00,-432.6317998061222
base_02,sarimax,2018-03-27 10:00:00,2018-03-27 11:00:00,4466.0,4260.680817346856,2018-03-27 10:00:00,205.3191826531438
base_02,sarimax,2018-03-27 11:00:00,2018-03-27 12:00:00,5025.0,4543.955547676747,2018-03-27 11:00:00,481.0444523232527
base_02,sarimax,2018-03-27 12:00:00,2018-03-27 13:00:00,4793.0,5121.944825001604,2018-03-27 12:00:00,-328.94482500160393
base_02,sarimax,2018-03-27 13:00:00,2018-03-27 14:00:00,5374.0,4879.7251502583795,2018-03-27 13:00:00,494.2748497416205
base_02,sarimax,2018-03-27 14:00:00,2018-03-27 15:00:00,5801.0,5390.002806892467,2018-03-27 14:00:00,410.99719310753335
base_02,sarimax,2018-03-27 15:00:00,2018-03-27 16:00:00,6868.0,5766.919455151337,2018-03-27 15:00:00,1101.0805448486626
base_02,sarimax,2018-03-27 16:00:00,2018-03-27 17:00:00,6139.0,6920.912588896073,2018-03-27 16:00:00,-781.9125888960734
base_02,sarimax,2018-03-27 17:00:00,2018-03-27 18:00:00,4715.0,6108.478685959107,2018-03-27 17:00:00,-1393.4786859591068
base_02,sarimax,2018-03-27 18:00:00,2018-03-27 19:00:00,3441.0,4680.074180488402,2018-03-27 18:00:00,-1239.074180488402
base_02,sarimax,2018-03-27 19:00:00,2018-03-27 20:00:00,2952.0,3335.811548158389,2018-03-27 19:00:00,-383.8115481583891
base_02,sarimax,2018-03-27 20:00:00,2018-03-27 21:00:00,2415.0,3003.2814788389096,2018-03-27 20:00:00,-588.2814788389096
base_02,sarimax,2018-03-27 21:00:00,2018-03-27 22:00:00,2058.0,2520.7227481271284,2018-03-27 21:00:00,-462.7227481271284
base_02,sarimax,2018-03-27 22:00:00,2018-03-27 23:00:00,1060.0,2167.7951660762174,2018-03-27 22:00:00,-1107.7951660762174
base_02,sarimax,2018-03-27 23:00:00,2018-03-28 00:00:00,600.0,1094.4566480580413,2018-03-27 23:00:00,-494.4566480580413
base_02,sarimax,2018-03-28 00:00:00,2018-03-28 01:00:00,380.0,634.8072284298855,2018-03-28 00:00:00,-254.80722842988553
base_02,sarimax,2018-03-28 01:00:00,2018-03-28 02:00:00,263.0,409.35606821453973,2018-03-28 01:00:00,-146.35606821453973
base_02,sarimax,2018-03-28 02:00:00,2018-03-28 03:00:00,352.0,345.1313670454951,2018-03-28 02:00:00,6.868632954504903
base_02,sarimax,2018-03-28 03:00:00,2018-03-28 04:00:00,859.0,387.0133239163656,2018-03-28 03:00:00,471.9866760836344
base_02,sarimax,2018-03-28 04:00:00,2018-03-28 05:00:00,2825.0,872.6752521028026,2018-03-28 04:00:00,1952.3247478971975
base_02,sarimax,2018-03-28 05:00:00,2018-03-28 06:00:00,5355.0,2838.3974929581123,2018-03-28 05:00:00,2516.6025070418877
base_02,sarimax,2018-03-28 06:00:00,2018-03-28 07:00:00,6650.0,5340.456641742877,2018-03-28 06:00:00,1309.5433582571231
base_02,sarimax,2018-03-28 07:00:00,2018-03-28 08:00:00,6014.0,6594.545076905038,2018-03-28 07:00:00,-580.5450769050376
base_02,sarimax,2018-03-28 08:00:00,2018-03-28 09:00:00,5082.0,5821.7631759935075,2018-03-28 08:00:00,-739.7631759935075
base_02,sarimax,2018-03-28 09:00:00,2018-03-28 10:00:00,4655.0,4857.675130848482,2018-03-28 09:00:00,-202.67513084848179
base_02,sarimax,2018-03-28 10:00:00,2018-03-28 11:00:00,4775.0,4559.569071287858,2018-03-28 10:00:00,215.4309287121423
base_02,sarimax,2018-03-28 11:00:00,2018-03-28 12:00:00,5066.0,4895.693266643574,2018-03-28 11:00:00,170.30673335642587
base_02,sarimax,2018-03-28 12:00:00,2018-03-28 13:00:00,5197.0,5187.808717601219,2018-03-28 12:00:00,9.191282398781368
base_02,sarimax,2018-03-28 13:00:00,2018-03-28 14:00:00,5484.0,5260.875527704948,2018-03-28 13:00:00,223.12447229505233
base_02,sarimax,2018-03-28 14:00:00,2018-03-28 15:00:00,5938.0,5487.768578561428,2018-03-28 14:00:00,450.2314214385724
base_02,sarimax,2018-03-28 15:00:00,2018-03-28 16:00:00,6988.0,5918.693634856267,2018-03-28 15:00:00,1069.3063651437333
base_02,sarimax,2018-03-28 16:00:00,2018-03-28 17:00:00,6540.0,6973.38741627698,2018-03-28 16:00:00,-433.3874162769798
base_02,sarimax,2018-03-28 17:00:00,2018-03-28 18:00:00,4918.0,6493.419562874096,2018-03-28 17:00:00,-1575.4195628740963
base_02,sarimax,2018-03-28 18:00:00,2018-03-28 19:00:00,3392.0,4870.0128729217,2018-03-28 18:00:00,-1478.0128729217004
base_02,sarimax,2018-03-28 19:00:00,2018-03-28 20:00:00,3105.0,3268.424439151401,2018-03-28 19:00:00,-163.4244391514012
base_02,sarimax,2018-03-28 20:00:00,2018-03-28 21:00:00,2616.0,3123.1396992102846,2018-03-28 20:00:00,-507.13969921028456
base_02,sarimax,2018-03-28 21:00:00,2018-03-28 22:00:00,1736.0,2751.038890316083,2018-03-28 21:00:00,-1015.0388903160829
base_02,sarimax,2018-03-28 22:00:00,2018-03-28 23:00:00,1132.0,1867.4616242496031,2018-03-28 22:00:00,-735.4616242496031
base_02,sarimax,2018-03-28 23:00:00,2018-03-29 00:00:00,553.0,1138.5584611697311,2018-03-28 23:00:00,-585.5584611697311
base_02,sarimax,2018-03-29 00:00:00,2018-03-29 01:00:00,354.0,564.9172859277891,2018-03-29 00:00:00,-210.91728592778907
base_02,sarimax,2018-03-29 01:00:00,2018-03-29 04:00:00,859.0,388.92995892136315,2018-03-29 01:00:00,470.07004107863685
base_02,sarimax,2018-03-29 04:00:00,2018-03-29 05:00:00,2804.0,906.4965395916063,2018-03-29 04:00:00,1897.5034604083937
base_02,sarimax,2018-03-29 05:00:00,2018-03-29 06:00:00,5405.0,2846.548028358724,2018-03-29 05:00:00,2558.451971641276
base_02,sarimax,2018-03-29 06:00:00,2018-03-29 07:00:00,6460.0,5408.907045781064,2018-03-29 06:00:00,1051.092954218936
base_02,sarimax,2018-03-29 07:00:00,2018-03-29 08:00:00,6002.0,6394.048134471964,2018-03-29 07:00:00,-392.04813447196375
base_02,sarimax,2018-03-29 08:00:00,2018-03-29 09:00:00,4995.0,5798.417758865134,2018-03-29 08:00:00,-803.4177588651337
base_02,sarimax,2018-03-29 09:00:00,2018-03-29 10:00:00,4579.0,4747.347103107457,2018-03-29 09:00:00,-168.34710310745686
base_02,sarimax,2018-03-29 10:00:00,2018-03-29 11:00:00,5058.0,4486.640766541777,2018-03-29 10:00:00,571.3592334582227
base_02,sarimax,2018-03-29 11:00:00,2018-03-29 12:00:00,5252.0,5120.725152243361,2018-03-29 11:00:00,131.27484775663925
base_02,sarimax,2018-03-29 12:00:00,2018-03-29 13:00:00,5338.0,5377.727905565943,2018-03-29 12:00:00,-39.72790556594282
base_02,sarimax,2018-03-29 13:00:00,2018-03-29 14:00:00,5562.0,5400.322580760119,2018-03-29 13:00:00,161.6774192398807
base_02,sarimax,2018-03-29 14:00:00,2018-03-29 15:00:00,6040.0,5543.529059073669,2018-03-29 14:00:00,496.4709409263314
base_02,sarimax,2018-03-29 15:00:00,2018-03-29 16:00:00,6573.0,6039.004524052876,2018-03-29 15:00:00,533.9954759471239
base_02,sarimax,2018-03-29 16:00:00,2018-03-29 17:00:00,6034.0,6587.377511923608,2018-03-29 16:00:00,-553.3775119236079
base_02,sarimax,2018-03-29 17:00:00,2018-03-29 18:00:00,5050.0,6021.690865234342,2018-03-29 17:00:00,-971.6908652343418
base_02,sarimax,2018-03-29 18:00:00,2018-03-29 19:00:00,3656.0,5012.280736833412,2018-03-29 18:00:00,-1356.2807368334124
base_02,sarimax,2018-03-29 19:00:00,2018-03-29 20:00:00,3373.0,3591.4669696086994,2018-03-29 19:00:00,-218.4669696086994
base_02,sarimax,2018-03-29 20:00:00,2018-03-29 21:00:00,3584.0,3408.6209370409606,2018-03-29 20:00:00,175.3790629590394
base_02,sarimax,2018-03-29 21:00:00,2018-03-29 22:00:00,3691.0,3660.544367856996,2018-03-29 21:00:00,30.455632143004095
base_02,sarimax,2018-03-29 22:00:00,2018-03-29 23:00:00,1484.0,3806.838916321556,2018-03-29 22:00:00,-2322.838916321556
base_02,sarimax,2018-03-29 23:00:00,2018-03-30 00:00:00,817.0,1509.9177580775765,2018-03-29 23:00:00,-692.9177580775765
base_02,sarimax,2018-03-30 00:00:00,2018-03-30 01:00:00,413.0,783.5614270405409,2018-03-30 00:00:00,-370.56142704054093
base_02,sarimax,2018-03-30 01:00:00,2018-03-30 02:00:00,329.0,392.3594412276416,2018-03-30 01:00:00,-63.35944122764158
base_02,sarimax,2018-03-30 02:00:00,2018-03-30 03:00:00,359.0,537.5902602813803,2018-03-30 02:00:00,-178.59026028138032
base_02,sarimax,2018-03-30 03:00:00,2018-03-30 04:00:00,749.0,404.91641957024586,2018-03-30 03:00:00,344.08358042975414
base_02,sarimax,2018-03-30 04:00:00,2018-03-30 05:00:00,2367.0,780.6802379831947,2018-03-30 04:00:00,1586.3197620168053
base_02,sarimax,2018-03-30 05:00:00,2018-03-30 06:00:00,4463.0,2365.1281443906873,2018-03-30 05:00:00,2097.8718556093127
base_02,sarimax,2018-03-30 06:00:00,2018-03-30 07:00:00,5449.0,4453.483303410338,2018-03-30 06:00:00,995.5166965896624
base_02,sarimax,2018-03-30 07:00:00,2018-03-30 08:00:00,5227.0,5400.361870810593,2018-03-30 07:00:00,-173.36187081059325
base_02,sarimax,2018-03-30 08:00:00,2018-03-30 09:00:00,4964.0,5069.946543074204,2018-03-30 08:00:00,-105.94654307420387
base_02,sarimax,2018-03-30 09:00:00,2018-03-30 10:00:00,4892.0,4782.695272836259,2018-03-30 09:00:00,109.30472716374061
base_02,sarimax,2018-03-30 10:00:00,2018-03-30 11:00:00,5350.0,4828.534227875582,2018-03-30 10:00:00,521.4657721244184
base_02,sarimax,2018-03-30 11:00:00,2018-03-30 12:00:00,5783.0,5402.851631066033,2018-03-30 11:00:00,380.1483689339666
base_02,sarimax,2018-03-30 12:00:00,2018-03-30 13:00:00,5589.0,5837.351509777364,2018-03-30 12:00:00,-248.3515097773643
base_02,sarimax,2018-03-30 13:00:00,2018-03-30 14:00:00,5713.0,5601.3273782693195,2018-03-30 13:00:00,111.67262173068048
base_02,sarimax,2018-03-30 14:00:00,2018-03-30 15:00:00,5936.0,5683.901646574965,2018-03-30 14:00:00,252.09835342503538
base_02,sarimax,2018-03-30 15:00:00,2018-03-30 16:00:00,6137.0,5886.622290655245,2018-03-30 15:00:00,250.3777093447552
base_02,sarimax,2018-03-30 16:00:00,2018-03-30 17:00:00,5289.0,6150.768069314611,2018-03-30 16:00:00,-861.7680693146112
base_02,sarimax,2018-03-30 17:00:00,2018-03-30 18:00:00,4573.0,5279.03303732641,2018-03-30 17:00:00,-706.0330373264096
base_02,sarimax,2018-03-30 18:00:00,2018-03-30 19:00:00,3604.0,4542.722905049863,2018-03-30 18:00:00,-938.7229050498627
base_02,sarimax,2018-03-30 19:00:00,2018-03-30 20:00:00,3233.0,3572.347048859892,2018-03-30 19:00:00,-339.34704885989186
base_02,sarimax,2018-03-30 20:00:00,2018-03-30 21:00:00,3024.0,3308.1413097890804,2018-03-30 20:00:00,-284.1413097890804
base_02,sarimax,2018-03-30 21:00:00,2018-03-30 22:00:00,2358.0,3080.6016924522623,2018-03-30 21:00:00,-722.6016924522623
base_02,sarimax,2018-03-30 22:00:00,2018-03-30 23:00:00,1685.0,2449.3269013033773,2018-03-30 22:00:00,-764.3269013033773
base_02,sarimax,2018-03-30 23:00:00,2018-03-31 00:00:00,963.0,1712.6550466213962,2018-03-30 23:00:00,-749.6550466213962
base_02,sarimax,2018-03-31 00:00:00,2018-03-31 01:00:00,580.0,970.0326668042018,2018-03-31 00:00:00,-390.03266680420177
base_02,sarimax,2018-03-31 01:00:00,2018-03-31 02:00:00,485.0,647.3734965352633,2018-03-31 01:00:00,-162.37349653526326
base_02,sarimax,2018-03-31 02:00:00,2018-03-31 03:00:00,386.0,558.5831740954868,2018-03-31 02:00:00,-172.5831740954868
base_02,sarimax,2018-03-31 03:00:00,2018-03-31 04:00:00,352.0,472.47840637940294,2018-03-31 03:00:00,-120.47840637940294
base_02,sarimax,2018-03-31 04:00:00,2018-03-31 05:00:00,588.0,392.4230900443132,2018-03-31 04:00:00,195.5769099556868
base_02,sarimax,2018-03-31 05:00:00,2018-03-31 06:00:00,1045.0,592.3656965391001,2018-03-31 05:00:00,452.6343034608999
base_02,sarimax,2018-03-31 06:00:00,2018-03-31 07:00:00,1556.0,1036.2424245947188,2018-03-31 06:00:00,519.7575754052812
base_02,sarimax,2018-03-31 07:00:00,2018-03-31 08:00:00,2289.0,1538.7289085697546,2018-03-31 07:00:00,750.2710914302454
base_02,sarimax,2018-03-31 08:00:00,2018-03-31 09:00:00,3092.0,2252.589345226075,2018-03-31 08:00:00,839.4106547739252
base_02,sarimax,2018-03-31 09:00:00,2018-03-31 10:00:00,3629.0,3032.4220204704156,2018-03-31 09:00:00,596.5779795295844
base_02,sarimax,2018-03-31 10:00:00,2018-03-31 11:00:00,4051.0,3568.322336653748,2018-03-31 10:00:00,482.67766334625185
base_02,sarimax,2018-03-31 11:00:00,2018-03-31 12:00:00,4348.0,3962.564825167436,2018-03-31 11:00:00,385.4351748325639
base_02,sarimax,2018-03-31 12:00:00,2018-03-31 13:00:00,4337.0,4274.1850182894495,2018-03-31 12:00:00,62.814981710550455
base_02,sarimax,2018-03-31 13:00:00,2018-03-31 14:00:00,4548.0,4289.93056590121,2018-03-31 13:00:00,258.0694340987902
base_02,sarimax,2018-03-31 14:00:00,2018-03-31 15:00:00,4400.0,4511.88883688054,2018-03-31 14:00:00,-111.88883688054011
base_02,sarimax,2018-03-31 15:00:00,2018-03-31 16:00:00,4222.0,4368.560720099327,2018-03-31 15:00:00,-146.56072009932723
base_02,sarimax,2018-03-31 16:00:00,2018-03-31 17:00:00,4155.0,4224.071214872697,2018-03-31 16:00:00,-69.07121487269706
base_02,sarimax,2018-03-31 17:00:00,2018-03-31 18:00:00,3993.0,4137.316827358589,2018-03-31 17:00:00,-144.31682735858885
base_02,sarimax,2018-03-31 18:00:00,2018-03-31 19:00:00,3333.0,3992.739950605634,2018-03-31 18:00:00,-659.739950605634
base_02,sarimax,2018-03-31 19:00:00,2018-03-31 20:00:00,2910.0,3330.363177065667,2018-03-31 19:00:00,-420.36317706566706
base_02,sarimax,2018-03-31 20:00:00,2018-03-31 21:00:00,2761.0,2890.415902526433,2018-03-31 20:00:00,-129.415902526433
base_02,sarimax,2018-03-31 21:00:00,2018-03-31 22:00:00,2695.0,2751.3946661497753,2018-03-31 21:00:00,-56.394666149775276
base_02,sarimax,2018-03-31 22:00:00,2018-03-31 23:00:00,1771.0,2742.9511660109265,2018-03-31 22:00:00,-971.9511660109265
base_02,sarimax,2018-03-31 23:00:00,2018-04-01 00:00:00,1128.0,1789.4538623184244,2018-03-31 23:00:00,-661.4538623184244
base_02,sarimax,2018-04-01 00:00:00,2018-04-01 01:00:00,652.0,1130.7766447144686,2018-04-01 00:00:00,-478.7766447144686
base_02,sarimax,2018-04-01 01:00:00,2018-04-01 02:00:00,520.0,646.3190085881029,2018-04-01 01:00:00,-126.31900858810286
base_02,sarimax,2018-04-01 02:00:00,2018-04-01 03:00:00,313.0,605.3519582266563,2018-04-01 02:00:00,-292.3519582266563
base_02,sarimax,2018-04-01 03:00:00,2018-04-01 04:00:00,249.0,374.8542214088295,2018-04-01 03:00:00,-125.85422140882952
base_02,sarimax,2018-04-01 04:00:00,2018-04-01 05:00:00,426.0,295.1450548982685,2018-04-01 04:00:00,130.85494510173152
base_02,sarimax,2018-04-01 05:00:00,2018-04-01 06:00:00,751.0,430.1047418863358,2018-04-01 05:00:00,320.8952581136642
base_02,sarimax,2018-04-01 06:00:00,2018-04-01 07:00:00,978.0,768.4630717240091,2018-04-01 06:00:00,209.53692827599093
base_02,sarimax,2018-04-01 07:00:00,2018-04-01 08:00:00,1718.0,982.8278503784213,2018-04-01 07:00:00,735.1721496215787
base_02,sarimax,2018-04-01 08:00:00,2018-04-01 09:00:00,2444.0,1704.295919245701,2018-04-01 08:00:00,739.704080754299
base_02,sarimax,2018-04-01 09:00:00,2018-04-01 10:00:00,3306.0,2441.8987013215683,2018-04-01 09:00:00,864.1012986784317
base_02,sarimax,2018-04-01 10:00:00,2018-04-01 11:00:00,3641.0,3311.919948961786,2018-04-01 10:00:00,329.08005103821415
base_02,sarimax,2018-04-01 11:00:00,2018-04-01 12:00:00,3964.0,3593.8297921216754,2018-04-01 11:00:00,370.1702078783246
base_02,sarimax,2018-04-01 12:00:00,2018-04-01 13:00:00,4043.0,3918.8780246243277,2018-04-01 12:00:00,124.12197537567226
base_02,sarimax,2018-04-01 13:00:00,2018-04-01 14:00:00,3996.0,3987.5962993287308,2018-04-01 13:00:00,8.403700671269235
base_02,sarimax,2018-04-01 14:00:00,2018-04-01 15:00:00,4102.0,3987.0217635405643,2018-04-01 14:00:00,114.97823645943572
base_02,sarimax,2018-04-01 15:00:00,2018-04-01 16:00:00,4679.0,4088.704064261765,2018-04-01 15:00:00,590.2959357382351
base_02,sarimax,2018-04-01 16:00:00,2018-04-01 17:00:00,4569.0,4691.1421837100725,2018-04-01 16:00:00,-122.14218371007246
base_02,sarimax,2018-04-01 17:00:00,2018-04-01 18:00:00,4424.0,4579.4774674248765,2018-04-01 17:00:00,-155.47746742487652
base_02,sarimax,2018-04-01 18:00:00,2018-04-01 19:00:00,3892.0,4417.987074510329,2018-04-01 18:00:00,-525.987074510329
base_02,sarimax,2018-04-01 19:00:00,2018-04-01 20:00:00,3320.0,3829.8798310057714,2018-04-01 19:00:00,-509.8798310057714
base_02,sarimax,2018-04-01 20:00:00,2018-04-01 21:00:00,2545.0,3321.110964023769,2018-04-01 20:00:00,-776.1109640237692
base_02,sarimax,2018-04-01 21:00:00,2018-04-01 22:00:00,1682.0,2538.0825115071275,2018-04-01 21:00:00,-856.0825115071275
base_02,sarimax,2018-04-01 22:00:00,2018-04-01 23:00:00,952.0,1729.2522127023328,2018-04-01 22:00:00,-777.2522127023328
base_02,sarimax,2018-04-01 23:00:00,2018-04-02 00:00:00,543.0,990.2981258158457,2018-04-01 23:00:00,-447.29812581584565
base_02,sarimax,2018-04-02 00:00:00,2018-04-02 01:00:00,311.0,607.8822186167566,2018-04-02 00:00:00,-296.88221861675663
base_02,sarimax,2018-04-02 01:00:00,2018-04-02 02:00:00,246.0,392.16797059353377,2018-04-02 01:00:00,-146.16797059353377
base_02,sarimax,2018-04-02 02:00:00,2018-04-02 03:00:00,352.0,304.62739741393494,2018-04-02 02:00:00,47.37260258606506
base_02,sarimax,2018-04-02 03:00:00,2018-04-02 04:00:00,807.0,393.02741334531964,2018-04-02 03:00:00,413.97258665468036
base_02,sarimax,2018-04-02 04:00:00,2018-04-02 05:00:00,2683.0,821.929542456673,2018-04-02 04:00:00,1861.070457543327
base_02,sarimax,2018-04-02 05:00:00,2018-04-02 06:00:00,5147.0,2678.6664966022317,2018-04-02 05:00:00,2468.3335033977683
base_02,sarimax,2018-04-02 06:00:00,2018-04-02 07:00:00,6148.0,5133.125098087488,2018-04-02 06:00:00,1014.8749019125116
base_02,sarimax,2018-04-02 07:00:00,2018-04-02 08:00:00,5557.0,6096.74683079494,2018-04-02 07:00:00,-539.7468307949403
base_02,sarimax,2018-04-02 08:00:00,2018-04-02 09:00:00,4776.0,5381.502428095195,2018-04-02 08:00:00,-605.5024280951948
base_02,sarimax,2018-04-02 09:00:00,2018-04-02 10:00:00,4397.0,4581.2096934621995,2018-04-02 09:00:00,-184.20969346219954
base_02,sarimax,2018-04-02 10:00:00,2018-04-02 11:00:00,4509.0,4322.234291569735,2018-04-02 10:00:00,186.76570843026457
base_02,sarimax,2018-04-02 11:00:00,2018-04-02 12:00:00,4947.0,4596.880854964321,2018-04-02 11:00:00,350.11914503567914
base_02,sarimax,2018-04-02 12:00:00,2018-04-02 13:00:00,4895.0,5054.29022369895,2018-04-02 12:00:00,-159.29022369895029
base_02,sarimax,2018-04-02 13:00:00,2018-04-02 14:00:00,4750.0,4938.295396862535,2018-04-02 13:00:00,-188.2953968625352
base_02,sarimax,2018-04-02 14:00:00,2018-04-02 15:00:00,4949.0,4712.230769305444,2018-04-02 14:00:00,236.76923069455643
base_02,sarimax,2018-04-02 15:00:00,2018-04-02 16:00:00,6000.0,4898.885135059509,2018-04-02 15:00:00,1101.1148649404913
base_02,sarimax,2018-04-02 16:00:00,2018-04-02 17:00:00,5301.0,6013.58505443275,2018-04-02 16:00:00,-712.5850544327504
base_02,sarimax,2018-04-02 17:00:00,2018-04-02 18:00:00,3893.0,5320.899501115795,2018-04-02 17:00:00,-1427.899501115795
base_02,sarimax,2018-04-02 18:00:00,2018-04-02 19:00:00,2521.0,3867.038981621762,2018-04-02 18:00:00,-1346.038981621762
base_02,sarimax,2018-04-02 19:00:00,2018-04-02 20:00:00,2159.0,2411.7114973582743,2018-04-02 19:00:00,-252.7114973582743
base_02,sarimax,2018-04-02 20:00:00,2018-04-02 21:00:00,2702.0,2223.2181902927537,2018-04-02 20:00:00,478.78180970724634
base_02,sarimax,2018-04-02 21:00:00,2018-04-02 22:00:00,2359.0,2839.9890626100932,2018-04-02 21:00:00,-480.98906261009324
base_02,sarimax,2018-04-02 22:00:00,2018-04-02 23:00:00,1040.0,2501.4148921026517,2018-04-02 22:00:00,-1461.4148921026517
base_02,sarimax,2018-04-02 23:00:00,2018-04-03 00:00:00,552.0,1078.2715856950765,2018-04-02 23:00:00,-526.2715856950765
base_02,sarimax,2018-04-03 00:00:00,2018-04-03 01:00:00,346.0,495.9483905973383,2018-04-03 00:00:00,-149.9483905973383
base_02,sarimax,2018-04-03 01:00:00,2018-04-03 02:00:00,277.0,379.7241614406088,2018-04-03 01:00:00,-102.72416144060878
base_02,sarimax,2018-04-03 02:00:00,2018-04-03 03:00:00,329.0,411.57991779540964,2018-04-03 02:00:00,-82.57991779540964
base_02,sarimax,2018-04-03 03:00:00,2018-04-03 04:00:00,836.0,375.9240128259245,2018-04-03 03:00:00,460.0759871740755
base_02,sarimax,2018-04-03 04:00:00,2018-04-03 05:00:00,2555.0,851.5332770445427,2018-04-03 04:00:00,1703.4667229554573
base_02,sarimax,2018-04-03 05:00:00,2018-04-03 06:00:00,4311.0,2563.326202385803,2018-04-03 05:00:00,1747.6737976141972
base_02,sarimax,2018-04-03 06:00:00,2018-04-03 07:00:00,4096.0,4302.985338926328,2018-04-03 06:00:00,-206.98533892632804
base_02,sarimax,2018-04-03 07:00:00,2018-04-03 08:00:00,4790.0,4039.803410169826,2018-04-03 07:00:00,750.1965898301742
base_02,sarimax,2018-04-03 08:00:00,2018-04-03 09:00:00,3893.0,4615.982809295728,2018-04-03 08:00:00,-722.9828092957277
base_02,sarimax,2018-04-03 09:00:00,2018-04-03 10:00:00,3403.0,3722.439605067527,2018-04-03 09:00:00,-319.4396050675268
base_02,sarimax,2018-04-03 10:00:00,2018-04-03 11:00:00,3587.0,3425.5970759166858,2018-04-03 10:00:00,161.40292408331425
base_02,sarimax,2018-04-03 11:00:00,2018-04-03 12:00:00,3822.0,3524.799026483251,2018-04-03 11:00:00,297.20097351674895
base_02,sarimax,2018-04-03 12:00:00,2018-04-03 13:00:00,3917.0,3918.9731381530846,2018-04-03 12:00:00,-1.9731381530846193
base_02,sarimax,2018-04-03 13:00:00,2018-04-03 14:00:00,4058.0,3967.746463147161,2018-04-03 13:00:00,90.2535368528388
base_02,sarimax,2018-04-03 14:00:00,2018-04-03 15:00:00,4689.0,4039.354945462424,2018-04-03 14:00:00,649.645054537576
base_02,sarimax,2018-04-03 15:00:00,2018-04-03 16:00:00,4930.0,4668.691426553469,2018-04-03 15:00:00,261.3085734465312
base_02,sarimax,2018-04-03 16:00:00,2018-04-03 17:00:00,4207.0,4923.208100144538,2018-04-03 16:00:00,-716.2081001445376
base_02,sarimax,2018-04-03 17:00:00,2018-04-03 18:00:00,2887.0,4180.593149842184,2018-04-03 17:00:00,-1293.5931498421842
base_02,sarimax,2018-04-03 18:00:00,2018-04-03 19:00:00,1834.0,2810.2845320866345,2018-04-03 18:00:00,-976.2845320866345
base_02,sarimax,2018-04-03 19:00:00,2018-04-03 20:00:00,1703.0,1797.0912541131406,2018-04-03 19:00:00,-94.09125411314062
base_02,sarimax,2018-04-03 20:00:00,2018-04-03 21:00:00,1450.0,1764.6662613250007,2018-04-03 20:00:00,-314.66626132500073
base_02,sarimax,2018-04-03 21:00:00,2018-04-03 22:00:00,1511.0,1563.8327052864906,2018-04-03 21:00:00,-52.832705286490636
base_02,sarimax,2018-04-03 22:00:00,2018-04-03 23:00:00,1271.0,1604.3877312460506,2018-04-03 22:00:00,-333.38773124605063
base_02,sarimax,2018-04-03 23:00:00,2018-04-04 00:00:00,501.0,1265.1822301806235,2018-04-03 23:00:00,-764.1822301806235
base_02,sarimax,2018-04-04 00:00:00,2018-04-04 01:00:00,327.0,514.2549114960136,2018-04-04 00:00:00,-187.25491149601362
base_02,sarimax,2018-04-04 01:00:00,2018-04-04 02:00:00,259.0,311.8102772450407,2018-04-04 01:00:00,-52.81027724504071
base_02,sarimax,2018-04-04 02:00:00,2018-04-04 03:00:00,337.0,269.14146531164147,2018-04-04 02:00:00,67.85853468835853
base_02,sarimax,2018-04-04 03:00:00,2018-04-04 04:00:00,821.0,406.42826660849533,2018-04-04 03:00:00,414.57173339150467
base_02,sarimax,2018-04-04 04:00:00,2018-04-04 05:00:00,2580.0,806.4865242613744,2018-04-04 04:00:00,1773.5134757386256
base_02,sarimax,2018-04-04 05:00:00,2018-04-04 06:00:00,4551.0,2558.4398065636315,2018-04-04 05:00:00,1992.5601934363685
base_02,sarimax,2018-04-04 06:00:00,2018-04-04 07:00:00,4979.0,4527.748519169846,2018-04-04 06:00:00,451.2514808301539
base_02,sarimax,2018-04-04 07:00:00,2018-04-04 08:00:00,4778.0,4903.910673090345,2018-04-04 07:00:00,-125.91067309034497
base_02,sarimax,2018-04-04 08:00:00,2018-04-04 09:00:00,5252.0,4590.175195574099,2018-04-04 08:00:00,661.8248044259008
base_02,sarimax,2018-04-04 09:00:00,2018-04-04 10:00:00,4717.0,5080.265937164134,2018-04-04 09:00:00,-363.2659371641339
base_02,sarimax,2018-04-04 10:00:00,2018-04-04 11:00:00,4590.0,4712.156017413433,2018-04-04 10:00:00,-122.15601741343289
base_02,sarimax,2018-04-04 11:00:00,2018-04-04 12:00:00,4749.0,4653.734269374455,2018-04-04 11:00:00,95.26573062554507
base_02,sarimax,2018-04-04 12:00:00,2018-04-04 13:00:00,4793.0,4732.962116735317,2018-04-04 12:00:00,60.03788326468293
base_02,sarimax,2018-04-04 13:00:00,2018-04-04 14:00:00,4903.0,4882.774476020591,2018-04-04 13:00:00,20.225523979409445
base_02,sarimax,2018-04-04 14:00:00,2018-04-04 15:00:00,5491.0,4939.44326977952,2018-04-04 14:00:00,551.55673022048
base_02,sarimax,2018-04-04 15:00:00,2018-04-04 16:00:00,6500.0,5497.911605835198,2018-04-04 15:00:00,1002.0883941648017
base_02,sarimax,2018-04-04 16:00:00,2018-04-04 17:00:00,5898.0,6505.0735763937955,2018-04-04 16:00:00,-607.0735763937955
base_02,sarimax,2018-04-04 17:00:00,2018-04-04 18:00:00,4539.0,5888.698247504104,2018-04-04 17:00:00,-1349.698247504104
base_02,sarimax,2018-04-04 18:00:00,2018-04-04 19:00:00,3400.0,4477.772310657707,2018-04-04 18:00:00,-1077.7723106577068
base_02,sarimax,2018-04-04 19:00:00,2018-04-04 20:00:00,3022.0,3289.354210576315,2018-04-04 19:00:00,-267.3542105763149
base_02,sarimax,2018-04-04 20:00:00,2018-04-04 21:00:00,2444.0,3064.7594925037015,2018-04-04 20:00:00,-620.7594925037015
base_02,sarimax,2018-04-04 21:00:00,2018-04-04 22:00:00,1885.0,2562.920536231388,2018-04-04 21:00:00,-677.9205362313878
base_02,sarimax,2018-04-04 22:00:00,2018-04-04 23:00:00,1097.0,1979.9097822626047,2018-04-04 22:00:00,-882.9097822626047
base_02,sarimax,2018-04-04 23:00:00,2018-04-05 00:00:00,640.0,1099.736906671647,2018-04-04 23:00:00,-459.7369066716469
base_02,sarimax,2018-04-05 00:00:00,2018-04-05 01:00:00,384.0,663.2927820922845,2018-04-05 00:00:00,-279.2927820922845
base_02,sarimax,2018-04-05 01:00:00,2018-04-05 02:00:00,280.0,420.6804589571926,2018-04-05 01:00:00,-140.68045895719263
base_02,sarimax,2018-04-05 02:00:00,2018-04-05 03:00:00,352.0,332.2810371098615,2018-04-05 02:00:00,19.718962890138528
base_02,sarimax,2018-04-05 03:00:00,2018-04-05 04:00:00,910.0,387.22130884231586,2018-04-05 03:00:00,522.7786911576841
base_02,sarimax,2018-04-05 04:00:00,2018-04-05 05:00:00,2815.0,918.2710463231226,2018-04-05 04:00:00,1896.7289536768774
base_02,sarimax,2018-04-05 05:00:00,2018-04-05 06:00:00,5560.0,2818.682771227337,2018-04-05 05:00:00,2741.317228772663
base_02,sarimax,2018-04-05 06:00:00,2018-04-05 07:00:00,6297.0,5542.268709847147,2018-04-05 06:00:00,754.731290152853
base_02,sarimax,2018-04-05 07:00:00,2018-04-05 08:00:00,5887.0,6226.951004854299,2018-04-05 07:00:00,-339.95100485429884
base_02,sarimax,2018-04-05 08:00:00,2018-04-05 09:00:00,5389.0,5694.030824016467,2018-04-05 08:00:00,-305.0308240164668
base_02,sarimax,2018-04-05 09:00:00,2018-04-05 10:00:00,4663.0,5160.305324805524,2018-04-05 09:00:00,-497.3053248055239
base_02,sarimax,2018-04-05 10:00:00,2018-04-05 11:00:00,5078.0,4657.757352550787,2018-04-05 10:00:00,420.2426474492131
base_02,sarimax,2018-04-05 11:00:00,2018-04-05 12:00:00,5535.0,5193.6566184039375,2018-04-05 11:00:00,341.3433815960625
base_02,sarimax,2018-04-05 12:00:00,2018-04-05 13:00:00,5492.0,5624.657488504516,2018-04-05 12:00:00,-132.65748850451564
base_02,sarimax,2018-04-05 13:00:00,2018-04-05 14:00:00,5535.0,5599.002934622222,2018-04-05 13:00:00,-64.0029346222218
base_02,sarimax,2018-04-05 14:00:00,2018-04-05 15:00:00,5705.0,5523.604713341087,2018-04-05 14:00:00,181.3952866589134
base_02,sarimax,2018-04-05 15:00:00,2018-04-05 16:00:00,6642.0,5682.789808098237,2018-04-05 15:00:00,959.2101919017632
base_02,sarimax,2018-04-05 16:00:00,2018-04-05 17:00:00,6476.0,6662.751042344962,2018-04-05 16:00:00,-186.75104234496212
base_02,sarimax,2018-04-05 17:00:00,2018-04-05 18:00:00,4992.0,6479.692888917453,2018-04-05 17:00:00,-1487.6928889174533
base_02,sarimax,2018-04-05 18:00:00,2018-04-05 19:00:00,3322.0,4979.228583672708,2018-04-05 18:00:00,-1657.2285836727078
base_02,sarimax,2018-04-05 19:00:00,2018-04-05 20:00:00,3288.0,3206.6611110219287,2018-04-05 19:00:00,81.33888897807128
base_02,sarimax,2018-04-05 20:00:00,2018-04-05 21:00:00,2888.0,3284.236014908352,2018-04-05 20:00:00,-396.236014908352
base_02,sarimax,2018-04-05 21:00:00,2018-04-05 22:00:00,2422.0,3024.0197193555923,2018-04-05 21:00:00,-602.0197193555923
base_02,sarimax,2018-04-05 22:00:00,2018-04-05 23:00:00,2390.0,2587.288815307812,2018-04-05 22:00:00,-197.288815307812
base_02,sarimax,2018-04-05 23:00:00,2018-04-06 00:00:00,932.0,2382.33212502636,2018-04-05 23:00:00,-1450.3321250263598
base_02,sarimax,2018-04-06 00:00:00,2018-04-06 01:00:00,514.0,953.0240261244003,2018-04-06 00:00:00,-439.0240261244003
base_02,sarimax,2018-04-06 01:00:00,2018-04-06 02:00:00,312.0,538.4909847423804,2018-04-06 01:00:00,-226.49098474238042
base_02,sarimax,2018-04-06 02:00:00,2018-04-06 03:00:00,363.0,294.54002295615106,2018-04-06 02:00:00,68.45997704384894
base_02,sarimax,2018-04-06 03:00:00,2018-04-06 04:00:00,879.0,482.8053442450937,2018-04-06 03:00:00,396.1946557549063
base_02,sarimax,2018-04-06 04:00:00,2018-04-06 05:00:00,2687.0,912.0299647402194,2018-04-06 04:00:00,1774.9700352597806
base_02,sarimax,2018-04-06 05:00:00,2018-04-06 06:00:00,5211.0,2693.7514938301765,2018-04-06 05:00:00,2517.2485061698235
base_02,sarimax,2018-04-06 06:00:00,2018-04-06 07:00:00,6253.0,5197.919505210933,2018-04-06 06:00:00,1055.0804947890674
base_02,sarimax,2018-04-06 07:00:00,2018-04-06 08:00:00,5738.0,6164.580070984858,2018-04-06 07:00:00,-426.58007098485814
base_02,sarimax,2018-04-06 08:00:00,2018-04-06 09:00:00,5067.0,5529.650322329481,2018-04-06 08:00:00,-462.65032232948124
base_02,sarimax,2018-04-06 09:00:00,2018-04-06 10:00:00,4748.0,4794.144564700409,2018-04-06 09:00:00,-46.14456470040932
base_02,sarimax,2018-04-06 10:00:00,2018-04-06 11:00:00,5022.0,4659.243845070338,2018-04-06 10:00:00,362.75615492966244
base_02,sarimax,2018-04-06 11:00:00,2018-04-06 12:00:00,5409.0,5090.552177479547,2018-04-06 11:00:00,318.447822520453
base_02,sarimax,2018-04-06 12:00:00,2018-04-06 13:00:00,5298.0,5488.037788478062,2018-04-06 12:00:00,-190.03778847806188
base_02,sarimax,2018-04-06 13:00:00,2018-04-06 14:00:00,5363.0,5334.295810730623,2018-04-06 13:00:00,28.70418926937691
base_02,sarimax,2018-04-06 14:00:00,2018-04-06 15:00:00,5786.0,5342.350635068838,2018-04-06 14:00:00,443.6493649311624
base_02,sarimax,2018-04-06 15:00:00,2018-04-06 16:00:00,6525.0,5749.116161416901,2018-04-06 15:00:00,775.8838385830986
base_02,sarimax,2018-04-06 16:00:00,2018-04-06 17:00:00,5735.0,6548.517370936469,2018-04-06 16:00:00,-813.517370936469
base_02,sarimax,2018-04-06 17:00:00,2018-04-06 18:00:00,4863.0,5727.550320135923,2018-04-06 17:00:00,-864.5503201359234
base_02,sarimax,2018-04-06 18:00:00,2018-04-06 19:00:00,3923.0,4811.508349630341,2018-04-06 18:00:00,-888.5083496303414
base_02,sarimax,2018-04-06 19:00:00,2018-04-06 20:00:00,3193.0,3844.4307003537506,2018-04-06 19:00:00,-651.4307003537506
base_02,sarimax,2018-04-06 20:00:00,2018-04-06 21:00:00,3031.0,3253.2788810732736,2018-04-06 20:00:00,-222.27888107327362
base_02,sarimax,2018-04-06 21:00:00,2018-04-06 22:00:00,2992.0,3104.407270711206,2018-04-06 21:00:00,-112.40727071120591
base_02,sarimax,2018-04-06 22:00:00,2018-04-06 23:00:00,2205.0,3078.5571423305596,2018-04-06 22:00:00,-873.5571423305596
base_02,sarimax,2018-04-06 23:00:00,2018-04-07 00:00:00,1196.0,2266.430653556799,2018-04-06 23:00:00,-1070.430653556799
base_02,sarimax,2018-04-07 00:00:00,2018-04-07 01:00:00,657.0,1201.1963598152815,2018-04-07 00:00:00,-544.1963598152815
base_02,sarimax,2018-04-07 01:00:00,2018-04-07 02:00:00,496.0,656.8837354760537,2018-04-07 01:00:00,-160.88373547605374
base_02,sarimax,2018-04-07 02:00:00,2018-04-07 03:00:00,381.0,581.7422408077861,2018-04-07 02:00:00,-200.74224080778606
base_02,sarimax,2018-04-07 03:00:00,2018-04-07 04:00:00,342.0,481.3418857134059,2018-04-07 03:00:00,-139.34188571340587
base_02,sarimax,2018-04-07 04:00:00,2018-04-07 05:00:00,643.0,392.0932100038784,2018-04-07 04:00:00,250.90678999612157
base_02,sarimax,2018-04-07 05:00:00,2018-04-07 06:00:00,1221.0,652.73319894148,2018-04-07 05:00:00,568.26680105852
base_02,sarimax,2018-04-07 06:00:00,2018-04-07 07:00:00,1995.0,1226.7636129948617,2018-04-07 06:00:00,768.2363870051383
base_02,sarimax,2018-04-07 07:00:00,2018-04-07 08:00:00,3074.0,1993.8033975780759,2018-04-07 07:00:00,1080.1966024219241
base_02,sarimax,2018-04-07 08:00:00,2018-04-07 09:00:00,3960.0,3045.2683109681757,2018-04-07 08:00:00,914.7316890318243
base_02,sarimax,2018-04-07 09:00:00,2018-04-07 10:00:00,4304.0,3934.266979695599,2018-04-07 09:00:00,369.7330203044012
base_02,sarimax,2018-04-07 10:00:00,2018-04-07 11:00:00,4771.0,4260.619342979506,2018-04-07 10:00:00,510.38065702049425
base_02,sarimax,2018-04-07 11:00:00,2018-04-07 12:00:00,5298.0,4687.5933047605895,2018-04-07 11:00:00,610.4066952394105
base_02,sarimax,2018-04-07 12:00:00,2018-04-07 13:00:00,5126.0,5236.774547421432,2018-04-07 12:00:00,-110.77454742143163
base_02,sarimax,2018-04-07 13:00:00,2018-04-07 14:00:00,5237.0,5119.091191139165,2018-04-07 13:00:00,117.90880886083505
base_02,sarimax,2018-04-07 14:00:00,2018-04-07 15:00:00,4908.0,5210.030443279275,2018-04-07 14:00:00,-302.03044327927455
base_02,sarimax,2018-04-07 15:00:00,2018-04-07 16:00:00,5118.0,4869.906417625859,2018-04-07 15:00:00,248.09358237414108
base_02,sarimax,2018-04-07 16:00:00,2018-04-07 17:00:00,5441.0,5145.634669710647,2018-04-07 16:00:00,295.36533028935264
base_02,sarimax,2018-04-07 17:00:00,2018-04-07 18:00:00,5019.0,5441.925831555136,2018-04-07 17:00:00,-422.925831555136
base_02,sarimax,2018-04-07 18:00:00,2018-04-07 19:00:00,3699.0,5056.947250945263,2018-04-07 18:00:00,-1357.9472509452626
base_02,sarimax,2018-04-07 19:00:00,2018-04-07 20:00:00,3079.0,3674.648035931608,2018-04-07 19:00:00,-595.6480359316079
base_02,sarimax,2018-04-07 20:00:00,2018-04-07 21:00:00,4104.0,3025.077926598182,2018-04-07 20:00:00,1078.9220734018181
base_02,sarimax,2018-04-07 21:00:00,2018-04-07 22:00:00,4107.0,4133.772055313912,2018-04-07 21:00:00,-26.77205531391155
base_02,sarimax,2018-04-07 22:00:00,2018-04-07 23:00:00,2740.0,4225.157667551027,2018-04-07 22:00:00,-1485.1576675510269
base_02,sarimax,2018-04-07 23:00:00,2018-04-08 00:00:00,1578.0,2780.303011934995,2018-04-07 23:00:00,-1202.303011934995
base_02,sarimax,2018-04-08 00:00:00,2018-04-08 01:00:00,844.0,1445.277465430453,2018-04-08 00:00:00,-601.277465430453
base_02,sarimax,2018-04-08 01:00:00,2018-04-08 02:00:00,649.0,812.8978892198345,2018-04-08 01:00:00,-163.8978892198345
base_02,sarimax,2018-04-08 02:00:00,2018-04-08 03:00:00,401.0,760.3593573913442,2018-04-08 02:00:00,-359.35935739134425
base_02,sarimax,2018-04-08 03:00:00,2018-04-08 04:00:00,295.0,506.63506278607935,2018-04-08 03:00:00,-211.63506278607935
base_02,sarimax,2018-04-08 04:00:00,2018-04-08 05:00:00,441.0,353.97052300254,2018-04-08 04:00:00,87.02947699746
base_02,sarimax,2018-04-08 05:00:00,2018-04-08 06:00:00,976.0,447.5469172774886,2018-04-08 05:00:00,528.4530827225115
base_02,sarimax,2018-04-08 06:00:00,2018-04-08 07:00:00,1357.0,983.0270803421763,2018-04-08 06:00:00,373.9729196578237
base_02,sarimax,2018-04-08 07:00:00,2018-04-08 08:00:00,1910.0,1365.3747422123936,2018-04-08 07:00:00,544.6252577876064
base_02,sarimax,2018-04-08 08:00:00,2018-04-08 09:00:00,2736.0,1917.148307314294,2018-04-08 08:00:00,818.851692685706
base_02,sarimax,2018-04-08 09:00:00,2018-04-08 10:00:00,3401.0,2745.072427489899,2018-04-08 09:00:00,655.9275725101011
base_02,sarimax,2018-04-08 10:00:00,2018-04-08 11:00:00,3961.0,3418.811101850178,2018-04-08 10:00:00,542.1888981498219
base_02,sarimax,2018-04-08 11:00:00,2018-04-08 12:00:00,4483.0,3945.0748504133826,2018-04-08 11:00:00,537.9251495866174
base_02,sarimax,2018-04-08 12:00:00,2018-04-08 13:00:00,4423.0,4417.903612754548,2018-04-08 12:00:00,5.096387245452206
base_02,sarimax,2018-04-08 13:00:00,2018-04-08 14:00:00,4272.0,4373.219884029286,2018-04-08 13:00:00,-101.21988402928582
base_02,sarimax,2018-04-08 14:00:00,2018-04-08 15:00:00,4083.0,4224.462634467534,2018-04-08 14:00:00,-141.46263446753437
base_02,sarimax,2018-04-08 15:00:00,2018-04-08 16:00:00,4389.0,4032.6619579682038,2018-04-08 15:00:00,356.33804203179625
base_02,sarimax,2018-04-08 16:00:00,2018-04-08 17:00:00,3687.0,4389.1966088499885,2018-04-08 16:00:00,-702.1966088499885
base_02,sarimax,2018-04-08 17:00:00,2018-04-08 18:00:00,3224.0,3698.251509585616,2018-04-08 17:00:00,-474.2515095856161
base_02,sarimax,2018-04-08 18:00:00,2018-04-08 19:00:00,2455.0,3238.9078079349774,2018-04-08 18:00:00,-783.9078079349774
base_02,sarimax,2018-04-08 19:00:00,2018-04-08 20:00:00,2145.0,2420.63003214932,2018-04-08 19:00:00,-275.63003214931996
base_02,sarimax,2018-04-08 20:00:00,2018-04-08 21:00:00,1799.0,2213.284775048194,2018-04-08 20:00:00,-414.2847750481942
base_02,sarimax,2018-04-08 21:00:00,2018-04-08 22:00:00,1425.0,1837.1805901594187,2018-04-08 21:00:00,-412.18059015941867
base_02,sarimax,2018-04-08 22:00:00,2018-04-08 23:00:00,992.0,1495.7133855285254,2018-04-08 22:00:00,-503.71338552852535
base_02,sarimax,2018-04-08 23:00:00,2018-04-09 00:00:00,427.0,1023.2007262830792,2018-04-08 23:00:00,-596.2007262830792
base_02,sarimax,2018-04-09 00:00:00,2018-04-09 01:00:00,315.0,454.93298098550645,2018-04-09 00:00:00,-139.93298098550645
base_02,sarimax,2018-04-09 01:00:00,2018-04-09 02:00:00,251.0,343.02530256748224,2018-04-09 01:00:00,-92.02530256748224
base_02,sarimax,2018-04-09 02:00:00,2018-04-09 03:00:00,339.0,288.07996664990185,2018-04-09 02:00:00,50.92003335009815
base_02,sarimax,2018-04-09 03:00:00,2018-04-09 04:00:00,869.0,385.34709601643385,2018-04-09 03:00:00,483.65290398356615
base_02,sarimax,2018-04-09 04:00:00,2018-04-09 05:00:00,2704.0,871.1137155269449,2018-04-09 04:00:00,1832.8862844730552
base_02,sarimax,2018-04-09 05:00:00,2018-04-09 06:00:00,5192.0,2694.01389756312,2018-04-09 05:00:00,2497.98610243688
base_02,sarimax,2018-04-09 06:00:00,2018-04-09 07:00:00,6110.0,5189.809925801087,2018-04-09 06:00:00,920.190074198913
base_02,sarimax,2018-04-09 07:00:00,2018-04-09 08:00:00,5824.0,6046.232716283326,2018-04-09 07:00:00,-222.23271628332623
base_02,sarimax,2018-04-09 08:00:00,2018-04-09 09:00:00,4933.0,5635.381242327387,2018-04-09 08:00:00,-702.3812423273866
base_02,sarimax,2018-04-09 09:00:00,2018-04-09 10:00:00,4149.0,4704.005241293274,2018-04-09 09:00:00,-555.0052412932737
base_02,sarimax,2018-04-09 10:00:00,2018-04-09 11:00:00,4276.0,4098.917088487494,2018-04-09 10:00:00,177.08291151250614
base_02,sarimax,2018-04-09 11:00:00,2018-04-09 12:00:00,4516.0,4347.386412408399,2018-04-09 11:00:00,168.61358759160066
base_02,sarimax,2018-04-09 12:00:00,2018-04-09 13:00:00,4633.0,4627.16914099135,2018-04-09 12:00:00,5.830859008649895
base_02,sarimax,2018-04-09 13:00:00,2018-04-09 14:00:00,5093.0,4726.676706981826,2018-04-09 13:00:00,366.3232930181739
base_02,sarimax,2018-04-09 14:00:00,2018-04-09 15:00:00,5769.0,5093.939991545587,2018-04-09 14:00:00,675.060008454413
base_02,sarimax,2018-04-09 15:00:00,2018-04-09 16:00:00,6719.0,5751.497573825556,2018-04-09 15:00:00,967.5024261744438
base_02,sarimax,2018-04-09 16:00:00,2018-04-09 17:00:00,6244.0,6711.1365849889,2018-04-09 16:00:00,-467.1365849888998
base_02,sarimax,2018-04-09 17:00:00,2018-04-09 18:00:00,4640.0,6199.696037293554,2018-04-09 17:00:00,-1559.6960372935537
base_02,sarimax,2018-04-09 18:00:00,2018-04-09 19:00:00,3073.0,4566.323570880005,2018-04-09 18:00:00,-1493.3235708800048
base_02,sarimax,2018-04-09 19:00:00,2018-04-09 20:00:00,2635.0,2971.2710687946064,2018-04-09 19:00:00,-336.27106879460644
base_02,sarimax,2018-04-09 20:00:00,2018-04-09 21:00:00,2048.0,2671.898945543786,2018-04-09 20:00:00,-623.8989455437859
base_02,sarimax,2018-04-09 21:00:00,2018-04-09 22:00:00,1521.0,2200.963928165052,2018-04-09 21:00:00,-679.963928165052
base_02,sarimax,2018-04-09 22:00:00,2018-04-09 23:00:00,983.0,1671.546416753113,2018-04-09 22:00:00,-688.5464167531129
base_02,sarimax,2018-04-09 23:00:00,2018-04-10 00:00:00,530.0,1023.921349074907,2018-04-09 23:00:00,-493.92134907490697
base_02,sarimax,2018-04-10 00:00:00,2018-04-10 01:00:00,333.0,583.4799089102194,2018-04-10 00:00:00,-250.47990891021936
base_02,sarimax,2018-04-10 01:00:00,2018-04-10 02:00:00,235.0,377.572987485526,2018-04-10 01:00:00,-142.57298748552603
base_02,sarimax,2018-04-10 02:00:00,2018-04-10 03:00:00,358.0,286.9397799764274,2018-04-10 02:00:00,71.06022002357258
base_02,sarimax,2018-04-10 03:00:00,2018-04-10 04:00:00,905.0,403.7723792303259,2018-04-10 03:00:00,501.2276207696741
base_02,sarimax,2018-04-10 04:00:00,2018-04-10 05:00:00,2902.0,921.6116243120623,2018-04-10 04:00:00,1980.3883756879377
base_02,sarimax,2018-04-10 05:00:00,2018-04-10 06:00:00,5806.0,2905.713694868835,2018-04-10 05:00:00,2900.286305131165
base_02,sarimax,2018-04-10 06:00:00,2018-04-10 07:00:00,6708.0,5794.451467653191,2018-04-10 06:00:00,913.5485323468092
base_02,sarimax,2018-04-10 07:00:00,2018-04-10 08:00:00,6190.0,6655.057258074921,2018-04-10 07:00:00,-465.05725807492126
base_02,sarimax,2018-04-10 08:00:00,2018-04-10 09:00:00,5221.0,5985.292226299932,2018-04-10 08:00:00,-764.2922262999318
base_02,sarimax,2018-04-10 09:00:00,2018-04-10 10:00:00,4436.0,4930.38512263169,2018-04-10 09:00:00,-494.38512263169014
base_02,sarimax,2018-04-10 10:00:00,2018-04-10 11:00:00,4714.0,4348.313967327443,2018-04-10 10:00:00,365.6860326725573
base_02,sarimax,2018-04-10 11:00:00,2018-04-10 12:00:00,4850.0,4789.216959165924,2018-04-10 11:00:00,60.78304083407602
base_02,sarimax,2018-04-10 12:00:00,2018-04-10 13:00:00,5099.0,4952.866340390388,2018-04-10 12:00:00,146.13365960961164
base_02,sarimax,2018-04-10 13:00:00,2018-04-10 14:00:00,5315.0,5187.322158183502,2018-04-10 13:00:00,127.67784181649768
base_02,sarimax,2018-04-10 14:00:00,2018-04-10 15:00:00,5784.0,5300.712515493727,2018-04-10 14:00:00,483.28748450627336
base_02,sarimax,2018-04-10 15:00:00,2018-04-10 16:00:00,7013.0,5783.882642987605,2018-04-10 15:00:00,1229.1173570123947
base_02,sarimax,2018-04-10 16:00:00,2018-04-10 17:00:00,6304.0,6996.632460027248,2018-04-10 16:00:00,-692.6324600272483
base_02,sarimax,2018-04-10 17:00:00,2018-04-10 18:00:00,4606.0,6298.352785412504,2018-04-10 17:00:00,-1692.352785412504
base_02,sarimax,2018-04-10 18:00:00,2018-04-10 19:00:00,3190.0,4559.605633306899,2018-04-10 18:00:00,-1369.605633306899
base_02,sarimax,2018-04-10 19:00:00,2018-04-10 20:00:00,2829.0,3067.295443508959,2018-04-10 19:00:00,-238.29544350895912
base_02,sarimax,2018-04-10 20:00:00,2018-04-10 21:00:00,2337.0,2894.346174562695,2018-04-10 20:00:00,-557.3461745626951
base_02,sarimax,2018-04-10 21:00:00,2018-04-10 22:00:00,1738.0,2494.878515603246,2018-04-10 21:00:00,-756.8785156032459
base_02,sarimax,2018-04-10 22:00:00,2018-04-10 23:00:00,1007.0,1872.1099464631125,2018-04-10 22:00:00,-865.1099464631125
base_02,sarimax,2018-04-10 23:00:00,2018-04-11 00:00:00,562.0,1038.2517478193704,2018-04-10 23:00:00,-476.2517478193704
base_02,sarimax,2018-04-11 00:00:00,2018-04-11 01:00:00,344.0,499.47523652208633,2018-04-11 00:00:00,-155.47523652208633
base_02,sarimax,2018-04-11 01:00:00,2018-04-11 02:00:00,259.0,481.2577859321235,2018-04-11 01:00:00,-222.2577859321235
base_02,sarimax,2018-04-11 02:00:00,2018-04-11 03:00:00,374.0,330.0522226323732,2018-04-11 02:00:00,43.94777736762683
base_02,sarimax,2018-04-11 03:00:00,2018-04-11 04:00:00,886.0,410.94601538785184,2018-04-11 03:00:00,475.05398461214816
base_02,sarimax,2018-04-11 04:00:00,2018-04-11 05:00:00,2843.0,891.75249158987,2018-04-11 04:00:00,1951.24750841013
base_02,sarimax,2018-04-11 05:00:00,2018-04-11 06:00:00,5670.0,2847.532013012663,2018-04-11 05:00:00,2822.467986987337
base_02,sarimax,2018-04-11 06:00:00,2018-04-11 07:00:00,6495.0,5657.079728145693,2018-04-11 06:00:00,837.9202718543074
base_02,sarimax,2018-04-11 07:00:00,2018-04-11 08:00:00,5887.0,6418.737890006335,2018-04-11 07:00:00,-531.737890006335
base_02,sarimax,2018-04-11 08:00:00,2018-04-11 09:00:00,5581.0,5704.501835487779,2018-04-11 08:00:00,-123.50183548777932
base_02,sarimax,2018-04-11 09:00:00,2018-04-11 10:00:00,4791.0,5328.81080871576,2018-04-11 09:00:00,-537.8108087157598
base_02,sarimax,2018-04-11 10:00:00,2018-04-11 11:00:00,5123.0,4745.7243212284075,2018-04-11 10:00:00,377.27567877159254
base_02,sarimax,2018-04-11 11:00:00,2018-04-11 12:00:00,4964.0,5210.956303268583,2018-04-11 11:00:00,-246.95630326858281
base_02,sarimax,2018-04-11 12:00:00,2018-04-11 13:00:00,4982.0,5028.241591310583,2018-04-11 12:00:00,-46.24159131058332
base_02,sarimax,2018-04-11 13:00:00,2018-04-11 14:00:00,5169.0,5085.690166590241,2018-04-11 13:00:00,83.30983340975945
base_02,sarimax,2018-04-11 14:00:00,2018-04-11 15:00:00,5768.0,5145.359822640792,2018-04-11 14:00:00,622.6401773592079
base_02,sarimax,2018-04-11 15:00:00,2018-04-11 16:00:00,6988.0,5800.895654355657,2018-04-11 15:00:00,1187.104345644343
base_02,sarimax,2018-04-11 16:00:00,2018-04-11 17:00:00,6744.0,6999.079622879112,2018-04-11 16:00:00,-255.07962287911232
base_02,sarimax,2018-04-11 17:00:00,2018-04-11 18:00:00,4955.0,6726.929357462417,2018-04-11 17:00:00,-1771.929357462417
base_02,sarimax,2018-04-11 18:00:00,2018-04-11 19:00:00,3308.0,4888.183450476705,2018-04-11 18:00:00,-1580.1834504767048
base_02,sarimax,2018-04-11 19:00:00,2018-04-11 20:00:00,2804.0,3176.114462584841,2018-04-11 19:00:00,-372.114462584841
base_02,sarimax,2018-04-11 20:00:00,2018-04-11 21:00:00,2418.0,2820.139763747472,2018-04-11 20:00:00,-402.139763747472
base_02,sarimax,2018-04-11 21:00:00,2018-04-11 22:00:00,1603.0,2587.9146177196894,2018-04-11 21:00:00,-984.9146177196894
base_02,sarimax,2018-04-11 22:00:00,2018-04-11 23:00:00,1099.0,1757.1053558292253,2018-04-11 22:00:00,-658.1053558292253
base_02,sarimax,2018-04-11 23:00:00,2018-04-12 00:00:00,531.0,1148.249683587855,2018-04-11 23:00:00,-617.2496835878551
base_02,sarimax,2018-04-12 00:00:00,2018-04-12 01:00:00,310.0,559.9792859964363,2018-04-12 00:00:00,-249.97928599643626
base_02,sarimax,2018-04-12 01:00:00,2018-04-12 02:00:00,291.0,375.18747132194716,2018-04-12 01:00:00,-84.18747132194716
base_02,sarimax,2018-04-12 02:00:00,2018-04-12 03:00:00,331.0,336.7135825452193,2018-04-12 02:00:00,-5.71358254521931
base_02,sarimax,2018-04-12 03:00:00,2018-04-12 04:00:00,949.0,376.07400678913626,2018-04-12 03:00:00,572.9259932108637
base_02,sarimax,2018-04-12 04:00:00,2018-04-12 05:00:00,2857.0,957.7170568060602,2018-04-12 04:00:00,1899.28294319394
base_02,sarimax,2018-04-12 05:00:00,2018-04-12 06:00:00,5772.0,2845.1940491493992,2018-04-12 05:00:00,2926.8059508506008
base_02,sarimax,2018-04-12 06:00:00,2018-04-12 07:00:00,6475.0,5755.242078164369,2018-04-12 06:00:00,719.7579218356314
base_02,sarimax,2018-04-12 07:00:00,2018-04-12 08:00:00,6198.0,6399.302404765376,2018-04-12 07:00:00,-201.3024047653762
base_02,sarimax,2018-04-12 08:00:00,2018-04-12 09:00:00,5391.0,6028.802715686127,2018-04-12 08:00:00,-637.8027156861272
base_02,sarimax,2018-04-12 09:00:00,2018-04-12 10:00:00,4743.0,5113.56083071483,2018-04-12 09:00:00,-370.56083071483044
base_02,sarimax,2018-04-12 10:00:00,2018-04-12 11:00:00,4982.0,4697.696465480438,2018-04-12 10:00:00,284.30353451956216
base_02,sarimax,2018-04-12 11:00:00,2018-04-12 12:00:00,5317.0,5036.856585916098,2018-04-12 11:00:00,280.1434140839019
base_02,sarimax,2018-04-12 12:00:00,2018-04-12 13:00:00,5322.0,5417.689674304842,2018-04-12 12:00:00,-95.6896743048419
base_02,sarimax,2018-04-12 13:00:00,2018-04-12 14:00:00,5574.0,5404.352768436741,2018-04-12 13:00:00,169.64723156325908
base_02,sarimax,2018-04-12 14:00:00,2018-04-12 15:00:00,6252.0,5560.034511930548,2018-04-12 14:00:00,691.9654880694516
base_02,sarimax,2018-04-12 15:00:00,2018-04-12 16:00:00,7213.0,6233.908840272633,2018-04-12 15:00:00,979.0911597273671
base_02,sarimax,2018-04-12 16:00:00,2018-04-12 17:00:00,6811.0,7221.677172617515,2018-04-12 16:00:00,-410.67717261751477
base_02,sarimax,2018-04-12 17:00:00,2018-04-12 18:00:00,5064.0,6781.321922744366,2018-04-12 17:00:00,-1717.321922744366
base_02,sarimax,2018-04-12 18:00:00,2018-04-12 19:00:00,3697.0,4984.5872868478145,2018-04-12 18:00:00,-1287.5872868478145
base_02,sarimax,2018-04-12 19:00:00,2018-04-12 20:00:00,3082.0,3586.177623075185,2018-04-12 19:00:00,-504.1776230751848
base_02,sarimax,2018-04-12 20:00:00,2018-04-12 21:00:00,2762.0,3101.5965982855323,2018-04-12 20:00:00,-339.5965982855323
base_02,sarimax,2018-04-12 21:00:00,2018-04-12 22:00:00,2053.0,2926.7413705083663,2018-04-12 21:00:00,-873.7413705083663
base_02,sarimax,2018-04-12 22:00:00,2018-04-12 23:00:00,1168.0,2183.4073150816666,2018-04-12 22:00:00,-1015.4073150816666
base_02,sarimax,2018-04-12 23:00:00,2018-04-13 00:00:00,633.0,1218.894659401791,2018-04-12 23:00:00,-585.8946594017909
base_02,sarimax,2018-04-13 00:00:00,2018-04-13 01:00:00,387.0,652.8326899421269,2018-04-13 00:00:00,-265.8326899421269
base_02,sarimax,2018-04-13 01:00:00,2018-04-13 02:00:00,306.0,448.18199941700595,2018-04-13 01:00:00,-142.18199941700595
base_02,sarimax,2018-04-13 02:00:00,2018-04-13 03:00:00,356.0,390.87220168802344,2018-04-13 02:00:00,-34.87220168802344
base_02,sarimax,2018-04-13 03:00:00,2018-04-13 04:00:00,846.0,405.5497502919617,2018-04-13 03:00:00,440.4502497080383
base_02,sarimax,2018-04-13 04:00:00,2018-04-13 05:00:00,2721.0,863.1795893877664,2018-04-13 04:00:00,1857.8204106122334
base_02,sarimax,2018-04-13 05:00:00,2018-04-13 06:00:00,5426.0,2731.1782270321482,2018-04-13 05:00:00,2694.8217729678518
base_02,sarimax,2018-04-13 06:00:00,2018-04-13 07:00:00,6585.0,5414.615499986004,2018-04-13 06:00:00,1170.3845000139963
base_02,sarimax,2018-04-13 07:00:00,2018-04-13 08:00:00,5894.0,6539.157611741237,2018-04-13 07:00:00,-645.1576117412369
base_02,sarimax,2018-04-13 08:00:00,2018-04-13 09:00:00,5227.0,5702.074848158766,2018-04-13 08:00:00,-475.07484815876614
base_02,sarimax,2018-04-13 09:00:00,2018-04-13 10:00:00,4853.0,4958.226159740221,2018-04-13 09:00:00,-105.22615974022119
base_02,sarimax,2018-04-13 10:00:00,2018-04-13 11:00:00,5233.0,4741.469158539834,2018-04-13 10:00:00,491.5308414601659
base_02,sarimax,2018-04-13 11:00:00,2018-04-13 12:00:00,5302.0,5305.234687887816,2018-04-13 11:00:00,-3.234687887816108
base_02,sarimax,2018-04-13 12:00:00,2018-04-13 13:00:00,5174.0,5375.2028202330885,2018-04-13 12:00:00,-201.20282023308846
base_02,sarimax,2018-04-13 13:00:00,2018-04-13 14:00:00,5330.0,5210.645925567823,2018-04-13 13:00:00,119.35407443217719
base_02,sarimax,2018-04-13 14:00:00,2018-04-13 15:00:00,5953.0,5297.260799785195,2018-04-13 14:00:00,655.7392002148054
base_02,sarimax,2018-04-13 15:00:00,2018-04-13 16:00:00,6686.0,5948.636199737892,2018-04-13 15:00:00,737.3638002621083
base_02,sarimax,2018-04-13 16:00:00,2018-04-13 17:00:00,5687.0,6693.159460257497,2018-04-13 16:00:00,-1006.1594602574969
base_02,sarimax,2018-04-13 17:00:00,2018-04-13 18:00:00,4167.0,5653.966040659929,2018-04-13 17:00:00,-1486.9660406599287
base_02,sarimax,2018-04-13 18:00:00,2018-04-13 19:00:00,2882.0,4097.04893036091,2018-04-13 18:00:00,-1215.0489303609102
base_02,sarimax,2018-04-13 19:00:00,2018-04-13 20:00:00,2320.0,2797.8197915838205,2018-04-13 19:00:00,-477.81979158382046
base_02,sarimax,2018-04-13 20:00:00,2018-04-13 21:00:00,2158.0,2407.3659448467,2018-04-13 20:00:00,-249.36594484670013
base_02,sarimax,2018-04-13 21:00:00,2018-04-13 22:00:00,1773.0,2297.1966174598333,2018-04-13 21:00:00,-524.1966174598333
base_02,sarimax,2018-04-13 22:00:00,2018-04-13 23:00:00,1143.0,1892.1396968232852,2018-04-13 22:00:00,-749.1396968232852
base_02,sarimax,2018-04-13 23:00:00,2018-04-14 00:00:00,625.0,1191.4767979950598,2018-04-13 23:00:00,-566.4767979950598
base_02,sarimax,2018-04-14 00:00:00,2018-04-14 01:00:00,441.0,638.3427825848398,2018-04-14 00:00:00,-197.34278258483982
base_02,sarimax,2018-04-14 01:00:00,2018-04-14 02:00:00,397.0,476.648245031736,2018-04-14 01:00:00,-79.648245031736
base_02,sarimax,2018-04-14 02:00:00,2018-04-14 03:00:00,309.0,452.2573847758646,2018-04-14 02:00:00,-143.25738477586458
base_02,sarimax,2018-04-14 03:00:00,2018-04-14 04:00:00,300.0,362.52498487338323,2018-04-14 03:00:00,-62.52498487338323
base_02,sarimax,2018-04-14 04:00:00,2018-04-14 05:00:00,540.0,318.56280920161305,2018-04-14 04:00:00,221.43719079838695
base_02,sarimax,2018-04-14 05:00:00,2018-04-14 06:00:00,986.0,545.4311654121627,2018-04-14 05:00:00,440.5688345878373
base_02,sarimax,2018-04-14 06:00:00,2018-04-14 07:00:00,1311.0,994.1705398737824,2018-04-14 06:00:00,316.82946012621755
base_02,sarimax,2018-04-14 07:00:00,2018-04-14 08:00:00,1489.0,1305.2646057101097,2018-04-14 07:00:00,183.73539428989034
base_02,sarimax,2018-04-14 08:00:00,2018-04-14 09:00:00,1755.0,1461.8300526259877,2018-04-14 08:00:00,293.1699473740123
base_02,sarimax,2018-04-14 09:00:00,2018-04-14 10:00:00,1978.0,1694.513883777315,2018-04-14 09:00:00,283.48611622268504
base_02,sarimax,2018-04-14 10:00:00,2018-04-14 11:00:00,2153.0,1933.2237253568558,2018-04-14 10:00:00,219.77627464314423
base_02,sarimax,2018-04-14 11:00:00,2018-04-14 12:00:00,2147.0,2128.923852707346,2018-04-14 11:00:00,18.076147292653786
base_02,sarimax,2018-04-14 12:00:00,2018-04-14 13:00:00,1987.0,2118.268996291466,2018-04-14 12:00:00,-131.268996291466
base_02,sarimax,2018-04-14 13:00:00,2018-04-14 14:00:00,1822.0,1960.017803281842,2018-04-14 13:00:00,-138.0178032818419
base_02,sarimax,2018-04-14 14:00:00,2018-04-14 15:00:00,1881.0,1800.6522079864862,2018-04-14 14:00:00,80.34779201351375
base_02,sarimax,2018-04-14 15:00:00,2018-04-14 16:00:00,1461.0,1879.130226603364,2018-04-14 15:00:00,-418.130226603364
base_02,sarimax,2018-04-14 16:00:00,2018-04-14 17:00:00,1478.0,1471.7089627465648,2018-04-14 16:00:00,6.291037253435206
base_02,sarimax,2018-04-14 17:00:00,2018-04-14 18:00:00,1068.0,1491.4144572427972,2018-04-14 17:00:00,-423.4144572427972
base_02,sarimax,2018-04-14 18:00:00,2018-04-14 19:00:00,881.0,1059.0290401768445,2018-04-14 18:00:00,-178.02904017684455
base_02,sarimax,2018-04-14 19:00:00,2018-04-14 20:00:00,618.0,918.5187392824806,2018-04-14 19:00:00,-300.5187392824806
base_02,sarimax,2018-04-14 20:00:00,2018-04-14 21:00:00,707.0,610.4599781516363,2018-04-14 20:00:00,96.54002184836372
base_02,sarimax,2018-04-14 21:00:00,2018-04-14 22:00:00,594.0,743.3796040064532,2018-04-14 21:00:00,-149.37960400645318
base_02,sarimax,2018-04-14 22:00:00,2018-04-14 23:00:00,526.0,611.4048447949463,2018-04-14 22:00:00,-85.40484479494626
base_02,sarimax,2018-04-14 23:00:00,2018-04-15 00:00:00,353.0,548.3772592361029,2018-04-14 23:00:00,-195.37725923610287
base_02,sarimax,2018-04-15 00:00:00,2018-04-15 01:00:00,259.0,340.8716223654591,2018-04-15 00:00:00,-81.87162236545907
base_02,sarimax,2018-04-15 01:00:00,2018-04-15 02:00:00,198.0,271.160172030439,2018-04-15 01:00:00,-73.16017203043901
base_02,sarimax,2018-04-15 02:00:00,2018-04-15 03:00:00,151.0,201.67297950079686,2018-04-15 02:00:00,-50.672979500796856
base_02,sarimax,2018-04-15 03:00:00,2018-04-15 04:00:00,175.0,169.97315104606898,2018-04-15 03:00:00,5.026848953931022
base_02,sarimax,2018-04-15 04:00:00,2018-04-15 05:00:00,301.0,185.6773907059552,2018-04-15 04:00:00,115.32260929404481
base_02,sarimax,2018-04-15 05:00:00,2018-04-15 06:00:00,490.0,311.61203878732044,2018-04-15 05:00:00,178.38796121267956
base_02,sarimax,2018-04-15 06:00:00,2018-04-15 07:00:00,634.0,504.0042453170688,2018-04-15 06:00:00,129.9957546829312
base_02,sarimax,2018-04-15 07:00:00,2018-04-15 08:00:00,674.0,640.101574001727,2018-04-15 07:00:00,33.898425998272955
base_02,sarimax,2018-04-15 08:00:00,2018-04-15 09:00:00,984.0,664.031108812785,2018-04-15 08:00:00,319.96889118721504
base_02,sarimax,2018-04-15 09:00:00,2018-04-15 10:00:00,1494.0,969.4694221606802,2018-04-15 09:00:00,524.5305778393198
base_02,sarimax,2018-04-15 10:00:00,2018-04-15 11:00:00,1794.0,1487.3120928956146,2018-04-15 10:00:00,306.68790710438543
base_02,sarimax,2018-04-15 11:00:00,2018-04-15 12:00:00,2037.0,1797.395103518782,2018-04-15 11:00:00,239.60489648121802
base_02,sarimax,2018-04-15 12:00:00,2018-04-15 13:00:00,2205.0,2017.3848366105615,2018-04-15 12:00:00,187.61516338943852
base_02,sarimax,2018-04-15 13:00:00,2018-04-15 14:00:00,2406.0,2155.836581649461,2018-04-15 13:00:00,250.1634183505389
base_02,sarimax,2018-04-15 14:00:00,2018-04-15 15:00:00,2171.0,2382.976028653544,2018-04-15 14:00:00,-211.97602865354384
base_02,sarimax,2018-04-15 15:00:00,2018-04-15 16:00:00,2109.0,2140.3124798599542,2018-04-15 15:00:00,-31.312479859954237
base_02,sarimax,2018-04-15 16:00:00,2018-04-15 17:00:00,1849.0,2084.7135063922437,2018-04-15 16:00:00,-235.71350639224374
base_02,sarimax,2018-04-15 17:00:00,2018-04-15 18:00:00,1659.0,1829.547994019445,2018-04-15 17:00:00,-170.547994019445
base_02,sarimax,2018-04-15 18:00:00,2018-04-15 19:00:00,1417.0,1680.8999111825924,2018-04-15 18:00:00,-263.8999111825924
base_02,sarimax,2018-04-15 19:00:00,2018-04-15 20:00:00,1642.0,1410.184887928337,2018-04-15 19:00:00,231.81511207166295
base_02,sarimax,2018-04-15 20:00:00,2018-04-15 21:00:00,2809.0,1665.2888057183413,2018-04-15 20:00:00,1143.7111942816587
base_02,sarimax,2018-04-15 21:00:00,2018-04-15 22:00:00,1203.0,2822.785678348714,2018-04-15 21:00:00,-1619.785678348714
base_02,sarimax,2018-04-15 22:00:00,2018-04-15 23:00:00,706.0,1216.2727270959952,2018-04-15 22:00:00,-510.27272709599515
base_02,sarimax,2018-04-15 23:00:00,2018-04-16 00:00:00,407.0,680.4582197834478,2018-04-15 23:00:00,-273.4582197834478
base_02,sarimax,2018-04-16 00:00:00,2018-04-16 01:00:00,272.0,287.9274015340324,2018-04-16 00:00:00,-15.927401534032413
base_02,sarimax,2018-04-16 01:00:00,2018-04-16 02:00:00,247.0,433.6017498175454,2018-04-16 01:00:00,-186.6017498175454
base_02,sarimax,2018-04-16 02:00:00,2018-04-16 03:00:00,357.0,295.89113037882817,2018-04-16 02:00:00,61.108869621171834
base_02,sarimax,2018-04-16 03:00:00,2018-04-16 04:00:00,779.0,387.305752109309,2018-04-16 03:00:00,391.694247890691
base_02,sarimax,2018-04-16 04:00:00,2018-04-16 05:00:00,2238.0,789.0485419533767,2018-04-16 04:00:00,1448.9514580466234
base_02,sarimax,2018-04-16 05:00:00,2018-04-16 06:00:00,4364.0,2247.023897296134,2018-04-16 05:00:00,2116.976102703866
base_02,sarimax,2018-04-16 06:00:00,2018-04-16 07:00:00,4963.0,4350.403240198847,2018-04-16 06:00:00,612.596759801153
base_02,sarimax,2018-04-16 07:00:00,2018-04-16 08:00:00,4463.0,4919.443383039148,2018-04-16 07:00:00,-456.4433830391481
base_02,sarimax,2018-04-16 08:00:00,2018-04-16 09:00:00,4045.0,4315.599553175035,2018-04-16 08:00:00,-270.599553175035
base_02,sarimax,2018-04-16 09:00:00,2018-04-16 10:00:00,3626.0,3841.9852978602034,2018-04-16 09:00:00,-215.98529786020345
base_02,sarimax,2018-04-16 10:00:00,2018-04-16 11:00:00,3860.0,3582.844606262411,2018-04-16 10:00:00,277.15539373758884
base_02,sarimax,2018-04-16 11:00:00,2018-04-16 12:00:00,4149.0,3926.2464103864186,2018-04-16 11:00:00,222.75358961358143
base_02,sarimax,2018-04-16 12:00:00,2018-04-16 13:00:00,4110.0,4208.476569863835,2018-04-16 12:00:00,-98.47656986383481
base_02,sarimax,2018-04-16 13:00:00,2018-04-16 14:00:00,4387.0,4162.747579296357,2018-04-16 13:00:00,224.2524207036431
base_02,sarimax,2018-04-16 14:00:00,2018-04-16 15:00:00,4942.0,4373.766018021383,2018-04-16 14:00:00,568.2339819786166
base_02,sarimax,2018-04-16 15:00:00,2018-04-16 16:00:00,5788.0,4920.356862411479,2018-04-16 15:00:00,867.6431375885213
base_02,sarimax,2018-04-16 16:00:00,2018-04-16 17:00:00,5567.0,5805.551350155722,2018-04-16 16:00:00,-238.5513501557216
base_02,sarimax,2018-04-16 17:00:00,2018-04-16 18:00:00,4061.0,5551.162998244294,2018-04-16 17:00:00,-1490.1629982442937
base_02,sarimax,2018-04-16 18:00:00,2018-04-16 19:00:00,2979.0,4016.4497623636203,2018-04-16 18:00:00,-1037.4497623636203
base_02,sarimax,2018-04-16 19:00:00,2018-04-16 20:00:00,2556.0,2897.915855354793,2018-04-16 19:00:00,-341.91585535479317
base_02,sarimax,2018-04-16 20:00:00,2018-04-16 21:00:00,2100.0,2568.441345495476,2018-04-16 20:00:00,-468.44134549547607
base_02,sarimax,2018-04-16 21:00:00,2018-04-16 22:00:00,1489.0,2250.5306696933035,2018-04-16 21:00:00,-761.5306696933035
base_02,sarimax,2018-04-16 22:00:00,2018-04-16 23:00:00,978.0,1591.965914576381,2018-04-16 22:00:00,-613.965914576381
base_02,sarimax,2018-04-16 23:00:00,2018-04-17 00:00:00,524.0,1018.6107832532821,2018-04-16 23:00:00,-494.6107832532821
base_02,sarimax,2018-04-17 00:00:00,2018-04-17 01:00:00,336.0,567.5305013967608,2018-04-17 00:00:00,-231.53050139676077
base_02,sarimax,2018-04-17 01:00:00,2018-04-17 02:00:00,271.0,381.6422858542811,2018-04-17 01:00:00,-110.64228585428111
base_02,sarimax,2018-04-17 02:00:00,2018-04-17 03:00:00,347.0,291.81564239355714,2018-04-17 02:00:00,55.18435760644286
base_02,sarimax,2018-04-17 03:00:00,2018-04-17 04:00:00,898.0,378.72130807225614,2018-04-17 03:00:00,519.2786919277439
base_02,sarimax,2018-04-17 04:00:00,2018-04-17 05:00:00,2848.0,913.2674526969736,2018-04-17 04:00:00,1934.7325473030264
base_02,sarimax,2018-04-17 05:00:00,2018-04-17 06:00:00,5516.0,2836.4342007600712,2018-04-17 05:00:00,2679.5657992399288
base_02,sarimax,2018-04-17 06:00:00,2018-04-17 07:00:00,6208.0,5502.251931294517,2018-04-17 06:00:00,705.7480687054831
base_02,sarimax,2018-04-17 07:00:00,2018-04-17 08:00:00,5892.0,6134.10187486895,2018-04-17 07:00:00,-242.1018748689503
base_02,sarimax,2018-04-17 08:00:00,2018-04-17 09:00:00,5677.0,5700.423390574757,2018-04-17 08:00:00,-23.423390574756922
base_02,sarimax,2018-04-17 09:00:00,2018-04-17 10:00:00,4456.0,5445.225557310992,2018-04-17 09:00:00,-989.2255573109924
base_02,sarimax,2018-04-17 10:00:00,2018-04-17 11:00:00,4715.0,4424.250137518075,2018-04-17 10:00:00,290.74986248192545
base_02,sarimax,2018-04-17 11:00:00,2018-04-17 12:00:00,4962.0,4762.071521337572,2018-04-17 11:00:00,199.92847866242755
base_02,sarimax,2018-04-17 12:00:00,2018-04-17 13:00:00,4913.0,5005.474408656943,2018-04-17 12:00:00,-92.47440865694261
base_02,sarimax,2018-04-17 13:00:00,2018-04-17 14:00:00,5220.0,5059.581549757147,2018-04-17 13:00:00,160.4184502428534
base_02,sarimax,2018-04-17 14:00:00,2018-04-17 15:00:00,5844.0,5209.640941091818,2018-04-17 14:00:00,634.3590589081823
base_02,sarimax,2018-04-17 15:00:00,2018-04-17 16:00:00,6657.0,5839.373299473546,2018-04-17 15:00:00,817.6267005264544
base_02,sarimax,2018-04-17 16:00:00,2018-04-17 17:00:00,6277.0,6678.1194871138905,2018-04-17 16:00:00,-401.1194871138905
base_02,sarimax,2018-04-17 17:00:00,2018-04-17 18:00:00,4827.0,6258.036766299444,2018-04-17 17:00:00,-1431.036766299444
base_02,sarimax,2018-04-17 18:00:00,2018-04-17 19:00:00,3481.0,4772.2067997279355,2018-04-17 18:00:00,-1291.2067997279355
base_02,sarimax,2018-04-17 19:00:00,2018-04-17 20:00:00,2877.0,3395.5578288932506,2018-04-17 19:00:00,-518.5578288932506
base_02,sarimax,2018-04-17 20:00:00,2018-04-17 21:00:00,3418.0,2900.6486565111113,2018-04-17 20:00:00,517.3513434888887
base_02,sarimax,2018-04-17 21:00:00,2018-04-17 22:00:00,3294.0,3544.7745662117236,2018-04-17 21:00:00,-250.7745662117236
base_02,sarimax,2018-04-17 22:00:00,2018-04-17 23:00:00,1297.0,3409.854540260107,2018-04-17 22:00:00,-2112.854540260107
base_02,sarimax,2018-04-17 23:00:00,2018-04-18 00:00:00,826.0,1352.435399460143,2018-04-17 23:00:00,-526.4353994601429
base_02,sarimax,2018-04-18 00:00:00,2018-04-18 01:00:00,594.0,769.790891329302,2018-04-18 00:00:00,-175.79089132930199
base_02,sarimax,2018-04-18 01:00:00,2018-04-18 02:00:00,431.0,596.9808674518067,2018-04-18 01:00:00,-165.98086745180672
base_02,sarimax,2018-04-18 02:00:00,2018-04-18 03:00:00,521.0,616.99629482117,2018-04-18 02:00:00,-95.99629482116995
base_02,sarimax,2018-04-18 03:00:00,2018-04-18 04:00:00,975.0,552.0620581706428,2018-04-18 03:00:00,422.9379418293572
base_02,sarimax,2018-04-18 04:00:00,2018-04-18 05:00:00,2986.0,978.6583059460157,2018-04-18 04:00:00,2007.3416940539842
base_02,sarimax,2018-04-18 05:00:00,2018-04-18 06:00:00,5943.0,2995.0482443455967,2018-04-18 05:00:00,2947.9517556544033
base_02,sarimax,2018-04-18 06:00:00,2018-04-18 07:00:00,6871.0,5936.755788033378,2018-04-18 06:00:00,934.2442119666221
base_02,sarimax,2018-04-18 07:00:00,2018-04-18 08:00:00,6614.0,6822.688454940525,2018-04-18 07:00:00,-208.68845494052493
base_02,sarimax,2018-04-18 08:00:00,2018-04-18 09:00:00,5378.0,6417.742158107166,2018-04-18 08:00:00,-1039.7421581071658
base_02,sarimax,2018-04-18 09:00:00,2018-04-18 10:00:00,4751.0,5084.934519282385,2018-04-18 09:00:00,-333.9345192823848
base_02,sarimax,2018-04-18 10:00:00,2018-04-18 11:00:00,4824.0,4667.105388474921,2018-04-18 10:00:00,156.8946115250792
base_02,sarimax,2018-04-18 11:00:00,2018-04-18 12:00:00,5013.0,4854.8375937828705,2018-04-18 11:00:00,158.1624062171295
base_02,sarimax,2018-04-18 12:00:00,2018-04-18 13:00:00,5017.0,5142.875791671896,2018-04-18 12:00:00,-125.87579167189597
base_02,sarimax,2018-04-18 13:00:00,2018-04-18 14:00:00,5437.0,5087.321289302794,2018-04-18 13:00:00,349.67871069720604
base_02,sarimax,2018-04-18 14:00:00,2018-04-18 15:00:00,5835.0,5443.240618355698,2018-04-18 14:00:00,391.75938164430227
base_02,sarimax,2018-04-18 15:00:00,2018-04-18 16:00:00,7022.0,5821.641975023556,2018-04-18 15:00:00,1200.3580249764436
base_02,sarimax,2018-04-18 16:00:00,2018-04-18 17:00:00,6459.0,7034.506272256611,2018-04-18 16:00:00,-575.5062722566108
base_02,sarimax,2018-04-18 17:00:00,2018-04-18 18:00:00,4663.0,6422.357817076031,2018-04-18 17:00:00,-1759.357817076031
base_02,sarimax,2018-04-18 18:00:00,2018-04-18 19:00:00,3393.0,4647.208538702199,2018-04-18 18:00:00,-1254.208538702199
base_02,sarimax,2018-04-18 19:00:00,2018-04-18 20:00:00,3034.0,3277.891412962677,2018-04-18 19:00:00,-243.8914129626769
base_02,sarimax,2018-04-18 20:00:00,2018-04-18 21:00:00,2604.0,3088.6540013971685,2018-04-18 20:00:00,-484.6540013971685
base_02,sarimax,2018-04-18 21:00:00,2018-04-18 22:00:00,1726.0,2779.6525561957783,2018-04-18 21:00:00,-1053.6525561957783
base_02,sarimax,2018-04-18 22:00:00,2018-04-18 23:00:00,1085.0,1845.065040878595,2018-04-18 22:00:00,-760.065040878595
base_02,sarimax,2018-04-18 23:00:00,2018-04-19 00:00:00,561.0,1108.3487647907875,2018-04-18 23:00:00,-547.3487647907875
base_02,sarimax,2018-04-19 00:00:00,2018-04-19 01:00:00,351.0,585.1693343131254,2018-04-19 00:00:00,-234.16933431312543
base_02,sarimax,2018-04-19 01:00:00,2018-04-19 02:00:00,275.0,410.30500170807477,2018-04-19 01:00:00,-135.30500170807477
base_02,sarimax,2018-04-19 02:00:00,2018-04-19 03:00:00,361.0,302.4793074431607,2018-04-19 02:00:00,58.52069255683932
base_02,sarimax,2018-04-19 03:00:00,2018-04-19 04:00:00,909.0,393.95098189873295,2018-04-19 03:00:00,515.049018101267
base_02,sarimax,2018-04-19 04:00:00,2018-04-19 05:00:00,2885.0,911.1462533718527,2018-04-19 04:00:00,1973.8537466281473
base_02,sarimax,2018-04-19 05:00:00,2018-04-19 06:00:00,5715.0,2881.7903744436435,2018-04-19 05:00:00,2833.2096255563565
base_02,sarimax,2018-04-19 06:00:00,2018-04-19 07:00:00,6461.0,5699.984585383235,2018-04-19 06:00:00,761.0154146167652
base_02,sarimax,2018-04-19 07:00:00,2018-04-19 08:00:00,6046.0,6401.837202140996,2018-04-19 07:00:00,-355.83720214099594
base_02,sarimax,2018-04-19 08:00:00,2018-04-19 09:00:00,5842.0,5856.5858901188085,2018-04-19 08:00:00,-14.585890118808493
base_02,sarimax,2018-04-19 09:00:00,2018-04-19 10:00:00,4882.0,5605.906107320808,2018-04-19 09:00:00,-723.9061073208077
base_02,sarimax,2018-04-19 10:00:00,2018-04-19 11:00:00,5035.0,4878.648907488474,2018-04-19 10:00:00,156.35109251152608
base_02,sarimax,2018-04-19 11:00:00,2018-04-19 12:00:00,5027.0,5128.457629582676,2018-04-19 11:00:00,-101.45762958267642
base_02,sarimax,2018-04-19 12:00:00,2018-04-19 13:00:00,5110.0,5072.710552171252,2018-04-19 12:00:00,37.28944782874805
base_02,sarimax,2018-04-19 13:00:00,2018-04-19 14:00:00,5444.0,5226.363648147782,2018-04-19 13:00:00,217.63635185221756
base_02,sarimax,2018-04-19 14:00:00,2018-04-19 15:00:00,6188.0,5446.520075151147,2018-04-19 14:00:00,741.4799248488534
base_02,sarimax,2018-04-19 15:00:00,2018-04-19 16:00:00,6851.0,6206.668639094542,2018-04-19 15:00:00,644.3313609054576
base_02,sarimax,2018-04-19 16:00:00,2018-04-19 17:00:00,6368.0,6857.359297247899,2018-04-19 16:00:00,-489.3592972478991
base_02,sarimax,2018-04-19 17:00:00,2018-04-19 18:00:00,4978.0,6335.836839790464,2018-04-19 17:00:00,-1357.8368397904642
base_02,sarimax,2018-04-19 18:00:00,2018-04-19 19:00:00,3676.0,4905.704226568957,2018-04-19 18:00:00,-1229.704226568957
base_02,sarimax,2018-04-19 19:00:00,2018-04-19 20:00:00,3471.0,3604.5738676028514,2018-04-19 19:00:00,-133.57386760285135
base_02,sarimax,2018-04-19 20:00:00,2018-04-19 21:00:00,3451.0,3499.6208428529767,2018-04-19 20:00:00,-48.62084285297669
base_02,sarimax,2018-04-19 21:00:00,2018-04-19 22:00:00,2148.0,3547.4840241196107,2018-04-19 21:00:00,-1399.4840241196107
base_02,sarimax,2018-04-19 22:00:00,2018-04-19 23:00:00,1273.0,2239.678730394054,2018-04-19 22:00:00,-966.6787303940541
base_02,sarimax,2018-04-19 23:00:00,2018-04-20 00:00:00,712.0,1272.5922627440527,2018-04-19 23:00:00,-560.5922627440527
base_02,sarimax,2018-04-20 00:00:00,2018-04-20 01:00:00,417.0,682.0633907552514,2018-04-20 00:00:00,-265.06339075525136
base_02,sarimax,2018-04-20 01:00:00,2018-04-20 02:00:00,322.0,519.1666915494604,2018-04-20 01:00:00,-197.16669154946044
base_02,sarimax,2018-04-20 02:00:00,2018-04-20 03:00:00,393.0,391.62867808364945,2018-04-20 02:00:00,1.3713219163505528
base_02,sarimax,2018-04-20 03:00:00,2018-04-20 04:00:00,830.0,434.27250359211985,2018-04-20 03:00:00,395.72749640788015
base_02,sarimax,2018-04-20 04:00:00,2018-04-20 05:00:00,2691.0,855.2956918086725,2018-04-20 04:00:00,1835.7043081913275
base_02,sarimax,2018-04-20 05:00:00,2018-04-20 06:00:00,5492.0,2676.069491787665,2018-04-20 05:00:00,2815.930508212335
base_02,sarimax,2018-04-20 06:00:00,2018-04-20 07:00:00,6626.0,5477.755698893642,2018-04-20 06:00:00,1148.2443011063579
base_02,sarimax,2018-04-20 07:00:00,2018-04-20 08:00:00,6126.0,6570.319942517976,2018-04-20 07:00:00,-444.3199425179764
base_02,sarimax,2018-04-20 08:00:00,2018-04-20 09:00:00,5141.0,5958.768155384409,2018-04-20 08:00:00,-817.7681553844086
base_02,sarimax,2018-04-20 09:00:00,2018-04-20 10:00:00,4670.0,4905.808694029124,2018-04-20 09:00:00,-235.80869402912413
base_02,sarimax,2018-04-20 10:00:00,2018-04-20 11:00:00,5200.0,4602.84806982864,2018-04-20 10:00:00,597.1519301713597
base_02,sarimax,2018-04-20 11:00:00,2018-04-20 12:00:00,5433.0,5299.934819884315,2018-04-20 11:00:00,133.0651801156846
base_02,sarimax,2018-04-20 12:00:00,2018-04-20 13:00:00,5370.0,5579.906679149708,2018-04-20 12:00:00,-209.906679149708
base_02,sarimax,2018-04-20 13:00:00,2018-04-20 14:00:00,5803.0,5439.756299929249,2018-04-20 13:00:00,363.2437000707514
base_02,sarimax,2018-04-20 14:00:00,2018-04-20 15:00:00,6383.0,5767.14591996439,2018-04-20 14:00:00,615.8540800356104
base_02,sarimax,2018-04-20 15:00:00,2018-04-20 16:00:00,6900.0,6361.79714485377,2018-04-20 15:00:00,538.2028551462299
base_02,sarimax,2018-04-20 16:00:00,2018-04-20 17:00:00,6268.0,6930.154704553157,2018-04-20 16:00:00,-662.154704553157
base_02,sarimax,2018-04-20 17:00:00,2018-04-20 18:00:00,4959.0,6229.376957361916,2018-04-20 17:00:00,-1270.3769573619156
base_02,sarimax,2018-04-20 18:00:00,2018-04-20 19:00:00,4091.0,4899.810314747179,2018-04-20 18:00:00,-808.8103147471793
base_02,sarimax,2018-04-20 19:00:00,2018-04-20 20:00:00,3552.0,4021.2824985602097,2018-04-20 19:00:00,-469.28249856020966
base_02,sarimax,2018-04-20 20:00:00,2018-04-20 21:00:00,3538.0,3595.153453423128,2018-04-20 20:00:00,-57.15345342312821
base_02,sarimax,2018-04-20 21:00:00,2018-04-20 22:00:00,2842.0,3640.9076056436625,2018-04-20 21:00:00,-798.9076056436625
base_02,sarimax,2018-04-20 22:00:00,2018-04-20 23:00:00,1977.0,2900.4980324384846,2018-04-20 22:00:00,-923.4980324384846
base_02,sarimax,2018-04-20 23:00:00,2018-04-21 00:00:00,1291.0,2002.4856545042358,2018-04-20 23:00:00,-711.4856545042358
base_02,sarimax,2018-04-21 00:00:00,2018-04-21 01:00:00,732.0,1271.9771263807847,2018-04-21 00:00:00,-539.9771263807847
base_02,sarimax,2018-04-21 01:00:00,2018-04-21 02:00:00,526.0,780.5689372633569,2018-04-21 01:00:00,-254.56893726335693
base_02,sarimax,2018-04-21 02:00:00,2018-04-21 03:00:00,386.0,594.4442882451881,2018-04-21 02:00:00,-208.4442882451881
base_02,sarimax,2018-04-21 03:00:00,2018-04-21 04:00:00,369.0,441.84614100187173,2018-04-21 03:00:00,-72.84614100187173
base_02,sarimax,2018-04-21 04:00:00,2018-04-21 05:00:00,683.0,427.85091762030055,2018-04-21 04:00:00,255.14908237969945
base_02,sarimax,2018-04-21 05:00:00,2018-04-21 06:00:00,1418.0,711.1793449684434,2018-04-21 05:00:00,706.8206550315566
base_02,sarimax,2018-04-21 06:00:00,2018-04-21 07:00:00,2307.0,1424.7415566701309,2018-04-21 06:00:00,882.2584433298691
base_02,sarimax,2018-04-21 07:00:00,2018-04-21 08:00:00,3392.0,2304.863099294578,2018-04-21 07:00:00,1087.1369007054218
base_02,sarimax,2018-04-21 08:00:00,2018-04-21 09:00:00,4153.0,3373.9585832522157,2018-04-21 08:00:00,779.0414167477843
base_02,sarimax,2018-04-21 09:00:00,2018-04-21 10:00:00,4464.0,4113.96592517924,2018-04-21 09:00:00,350.03407482076
base_02,sarimax,2018-04-21 10:00:00,2018-04-21 11:00:00,4985.0,4433.403987130642,2018-04-21 10:00:00,551.5960128693578
base_02,sarimax,2018-04-21 11:00:00,2018-04-21 12:00:00,5263.0,4916.100677988439,2018-04-21 11:00:00,346.8993220115608
base_02,sarimax,2018-04-21 12:00:00,2018-04-21 13:00:00,5307.0,5222.977515802136,2018-04-21 12:00:00,84.02248419786429
base_02,sarimax,2018-04-21 13:00:00,2018-04-21 14:00:00,5296.0,5296.94835952908,2018-04-21 13:00:00,-0.948359529080335
base_02,sarimax,2018-04-21 14:00:00,2018-04-21 15:00:00,5340.0,5268.518759855063,2018-04-21 14:00:00,71.48124014493715
base_02,sarimax,2018-04-21 15:00:00,2018-04-21 16:00:00,5027.0,5336.748346671528,2018-04-21 15:00:00,-309.74834667152845
base_02,sarimax,2018-04-21 16:00:00,2018-04-21 17:00:00,5007.0,5037.67279912459,2018-04-21 16:00:00,-30.6727991245898
base_02,sarimax,2018-04-21 17:00:00,2018-04-21 18:00:00,4541.0,5015.214288792107,2018-04-21 17:00:00,-474.21428879210725
base_02,sarimax,2018-04-21 18:00:00,2018-04-21 19:00:00,3892.0,4534.219252944054,2018-04-21 18:00:00,-642.2192529440536
base_02,sarimax,2018-04-21 19:00:00,2018-04-21 20:00:00,3346.0,3928.9442504005265,2018-04-21 19:00:00,-582.9442504005265
base_02,sarimax,2018-04-21 20:00:00,2018-04-21 21:00:00,3199.0,3322.1821616458465,2018-04-21 20:00:00,-123.18216164584646
base_02,sarimax,2018-04-21 21:00:00,2018-04-21 22:00:00,3814.0,3201.7323319899124,2018-04-21 21:00:00,612.2676680100876
base_02,sarimax,2018-04-21 22:00:00,2018-04-21 23:00:00,2760.0,3822.5737240416197,2018-04-21 22:00:00,-1062.5737240416197
base_02,sarimax,2018-04-21 23:00:00,2018-04-22 00:00:00,1447.0,2779.9675696570603,2018-04-21 23:00:00,-1332.9675696570603
base_02,sarimax,2018-04-22 00:00:00,2018-04-22 01:00:00,945.0,1426.1496982499038,2018-04-22 00:00:00,-481.14969824990385
base_02,sarimax,2018-04-22 01:00:00,2018-04-22 02:00:00,671.0,858.2557511761015,2018-04-22 01:00:00,-187.2557511761015
base_02,sarimax,2018-04-22 02:00:00,2018-04-22 03:00:00,465.0,751.5598176581462,2018-04-22 02:00:00,-286.55981765814624
base_02,sarimax,2018-04-22 03:00:00,2018-04-22 04:00:00,368.0,591.0304196021048,2018-04-22 03:00:00,-223.03041960210476
base_02,sarimax,2018-04-22 04:00:00,2018-04-22 05:00:00,563.0,401.7644124678769,2018-04-22 04:00:00,161.23558753212308
base_02,sarimax,2018-04-22 05:00:00,2018-04-22 06:00:00,904.0,583.4856448660014,2018-04-22 05:00:00,320.5143551339986
base_02,sarimax,2018-04-22 06:00:00,2018-04-22 07:00:00,1289.0,914.4806784324578,2018-04-22 06:00:00,374.5193215675422
base_02,sarimax,2018-04-22 07:00:00,2018-04-22 08:00:00,2200.0,1294.186294053912,2018-04-22 07:00:00,905.813705946088
base_02,sarimax,2018-04-22 08:00:00,2018-04-22 09:00:00,3219.0,2212.7535539742335,2018-04-22 08:00:00,1006.2464460257665
base_02,sarimax,2018-04-22 09:00:00,2018-04-22 10:00:00,4088.0,3249.873783605279,2018-04-22 09:00:00,838.1262163947208
base_02,sarimax,2018-04-22 10:00:00,2018-04-22 11:00:00,4541.0,4128.533039021182,2018-04-22 10:00:00,412.46696097881795
base_02,sarimax,2018-04-22 11:00:00,2018-04-22 12:00:00,4781.0,4496.4437062990055,2018-04-22 11:00:00,284.5562937009945
base_02,sarimax,2018-04-22 12:00:00,2018-04-22 13:00:00,4761.0,4725.076842174094,2018-04-22 12:00:00,35.923157825905946
base_02,sarimax,2018-04-22 13:00:00,2018-04-22 14:00:00,4753.0,4700.258514824329,2018-04-22 13:00:00,52.74148517567119
base_02,sarimax,2018-04-22 14:00:00,2018-04-22 15:00:00,4866.0,4726.170513244641,2018-04-22 14:00:00,139.82948675535863
base_02,sarimax,2018-04-22 15:00:00,2018-04-22 16:00:00,4713.0,4858.9779042873015,2018-04-22 15:00:00,-145.9779042873015
base_02,sarimax,2018-04-22 16:00:00,2018-04-22 17:00:00,4303.0,4733.389084655909,2018-04-22 16:00:00,-430.38908465590885
base_02,sarimax,2018-04-22 17:00:00,2018-04-22 18:00:00,3787.0,4311.605392387708,2018-04-22 17:00:00,-524.605392387708
base_02,sarimax,2018-04-22 18:00:00,2018-04-22 19:00:00,3228.0,3776.620287342562,2018-04-22 18:00:00,-548.6202873425618
base_02,sarimax,2018-04-22 19:00:00,2018-04-22 20:00:00,3139.0,3236.0910901451434,2018-04-22 19:00:00,-97.09109014514343
base_02,sarimax,2018-04-22 20:00:00,2018-04-22 21:00:00,2412.0,3164.255491906457,2018-04-22 20:00:00,-752.2554919064569
base_02,sarimax,2018-04-22 21:00:00,2018-04-22 22:00:00,1906.0,2388.781008003609,2018-04-22 21:00:00,-482.7810080036088
base_02,sarimax,2018-04-22 22:00:00,2018-04-22 23:00:00,1356.0,1916.1745347304607,2018-04-22 22:00:00,-560.1745347304607
base_02,sarimax,2018-04-22 23:00:00,2018-04-23 00:00:00,614.0,1322.2751512088084,2018-04-22 23:00:00,-708.2751512088084
base_02,sarimax,2018-04-23 00:00:00,2018-04-23 01:00:00,349.0,657.5579519125467,2018-04-23 00:00:00,-308.55795191254674
base_02,sarimax,2018-04-23 01:00:00,2018-04-23 02:00:00,259.0,370.5245776447442,2018-04-23 01:00:00,-111.52457764474423
base_02,sarimax,2018-04-23 02:00:00,2018-04-23 03:00:00,373.0,291.7245470399853,2018-04-23 02:00:00,81.27545296001472
base_02,sarimax,2018-04-23 03:00:00,2018-04-23 04:00:00,900.0,426.55289352821626,2018-04-23 03:00:00,473.44710647178374
base_02,sarimax,2018-04-23 04:00:00,2018-04-23 05:00:00,2864.0,918.222859687976,2018-04-23 04:00:00,1945.7771403120241
base_02,sarimax,2018-04-23 05:00:00,2018-04-23 06:00:00,5769.0,2857.4570335892913,2018-04-23 05:00:00,2911.5429664107087
base_02,sarimax,2018-04-23 06:00:00,2018-04-23 07:00:00,6574.0,5747.90464967737,2018-04-23 06:00:00,826.0953503226301
base_02,sarimax,2018-04-23 07:00:00,2018-04-23 08:00:00,5970.0,6524.750114541983,2018-04-23 07:00:00,-554.7501145419828
base_02,sarimax,2018-04-23 08:00:00,2018-04-23 09:00:00,5325.0,5798.755666065189,2018-04-23 08:00:00,-473.75566606518896
base_02,sarimax,2018-04-23 09:00:00,2018-04-23 10:00:00,4547.0,5095.793946715173,2018-04-23 09:00:00,-548.7939467151728
base_02,sarimax,2018-04-23 10:00:00,2018-04-23 11:00:00,4577.0,4546.12071141281,2018-04-23 10:00:00,30.879288587189876
base_02,sarimax,2018-04-23 11:00:00,2018-04-23 12:00:00,4739.0,4728.177165460565,2018-04-23 11:00:00,10.822834539434552
base_02,sarimax,2018-04-23 12:00:00,2018-04-23 13:00:00,4803.0,4828.778221035371,2018-04-23 12:00:00,-25.778221035370734
base_02,sarimax,2018-04-23 13:00:00,2018-04-23 14:00:00,5243.0,4906.782043326615,2018-04-23 13:00:00,336.21795667338483
base_02,sarimax,2018-04-23 14:00:00,2018-04-23 15:00:00,5852.0,5245.650550386848,2018-04-23 14:00:00,606.3494496131516
base_02,sarimax,2018-04-23 15:00:00,2018-04-23 16:00:00,6883.0,5877.887008732407,2018-04-23 15:00:00,1005.1129912675933
base_02,sarimax,2018-04-23 16:00:00,2018-04-23 17:00:00,6188.0,6895.835213691907,2018-04-23 16:00:00,-707.8352136919066
base_02,sarimax,2018-04-23 17:00:00,2018-04-23 18:00:00,4660.0,6149.40519304738,2018-04-23 17:00:00,-1489.4051930473797
base_02,sarimax,2018-04-23 18:00:00,2018-04-23 19:00:00,3243.0,4594.5109757137625,2018-04-23 18:00:00,-1351.5109757137625
base_02,sarimax,2018-04-23 19:00:00,2018-04-23 20:00:00,2759.0,3135.7823687757445,2018-04-23 19:00:00,-376.78236877574454
base_02,sarimax,2018-04-23 20:00:00,2018-04-23 21:00:00,2183.0,2800.6952029271442,2018-04-23 20:00:00,-617.6952029271442
base_02,sarimax,2018-04-23 21:00:00,2018-04-23 22:00:00,1537.0,2251.675660767919,2018-04-23 21:00:00,-714.675660767919
base_02,sarimax,2018-04-23 22:00:00,2018-04-23 23:00:00,963.0,1648.0493443039102,2018-04-23 22:00:00,-685.0493443039102
base_02,sarimax,2018-04-23 23:00:00,2018-04-24 00:00:00,530.0,975.3418293596968,2018-04-23 23:00:00,-445.3418293596968
base_02,sarimax,2018-04-24 00:00:00,2018-04-24 01:00:00,330.0,549.3046156038051,2018-04-24 00:00:00,-219.30461560380513
base_02,sarimax,2018-04-24 01:00:00,2018-04-24 02:00:00,248.0,366.0516352179343,2018-04-24 01:00:00,-118.05163521793429
base_02,sarimax,2018-04-24 02:00:00,2018-04-24 03:00:00,346.0,291.0441803127635,2018-04-24 02:00:00,54.9558196872365
base_02,sarimax,2018-04-24 03:00:00,2018-04-24 04:00:00,911.0,369.65807647911515,2018-04-24 03:00:00,541.3419235208848
base_02,sarimax,2018-04-24 04:00:00,2018-04-24 05:00:00,2936.0,925.35310718519,2018-04-24 04:00:00,2010.6468928148101
base_02,sarimax,2018-04-24 05:00:00,2018-04-24 06:00:00,5886.0,2921.382233635354,2018-04-24 05:00:00,2964.617766364646
base_02,sarimax,2018-04-24 06:00:00,2018-04-24 07:00:00,6535.0,5873.804265989935,2018-04-24 06:00:00,661.1957340100653
base_02,sarimax,2018-04-24 07:00:00,2018-04-24 08:00:00,5905.0,6476.86267130918,2018-04-24 07:00:00,-571.8626713091799
base_02,sarimax,2018-04-24 08:00:00,2018-04-24 09:00:00,5509.0,5726.544942893856,2018-04-24 08:00:00,-217.5449428938564
base_02,sarimax,2018-04-24 09:00:00,2018-04-24 10:00:00,4540.0,5287.863055565017,2018-04-24 09:00:00,-747.863055565017
base_02,sarimax,2018-04-24 10:00:00,2018-04-24 11:00:00,4957.0,4529.532746283962,2018-04-24 10:00:00,427.4672537160377
base_02,sarimax,2018-04-24 11:00:00,2018-04-24 12:00:00,4881.0,5061.690637174313,2018-04-24 11:00:00,-180.69063717431345
base_02,sarimax,2018-04-24 12:00:00,2018-04-24 13:00:00,4960.0,4937.128275476622,2018-04-24 12:00:00,22.87172452337836
base_02,sarimax,2018-04-24 13:00:00,2018-04-24 14:00:00,5353.0,5075.184927552189,2018-04-24 13:00:00,277.81507244781096
base_02,sarimax,2018-04-24 14:00:00,2018-04-24 15:00:00,6010.0,5305.639954610985,2018-04-24 14:00:00,704.3600453890149
base_02,sarimax,2018-04-24 15:00:00,2018-04-24 16:00:00,7149.0,6018.750600910495,2018-04-24 15:00:00,1130.2493990895045
base_02,sarimax,2018-04-24 16:00:00,2018-04-24 17:00:00,6253.0,7150.619280102374,2018-04-24 16:00:00,-897.6192801023744
base_02,sarimax,2018-04-24 17:00:00,2018-04-24 18:00:00,4513.0,6160.778589878088,2018-04-24 17:00:00,-1647.7785898780876
base_02,sarimax,2018-04-24 18:00:00,2018-04-24 19:00:00,3325.0,4442.147458149151,2018-04-24 18:00:00,-1117.1474581491511
base_02,sarimax,2018-04-24 19:00:00,2018-04-24 20:00:00,3115.0,3204.12396801963,2018-04-24 19:00:00,-89.12396801962996
base_02,sarimax,2018-04-24 20:00:00,2018-04-24 21:00:00,2497.0,3200.5079389610482,2018-04-24 20:00:00,-703.5079389610482
base_02,sarimax,2018-04-24 21:00:00,2018-04-24 22:00:00,1589.0,2616.5984768448116,2018-04-24 21:00:00,-1027.5984768448116
base_02,sarimax,2018-04-24 22:00:00,2018-04-24 23:00:00,988.0,1685.165051366386,2018-04-24 22:00:00,-697.165051366386
base_02,sarimax,2018-04-24 23:00:00,2018-04-25 00:00:00,532.0,1004.1077209562447,2018-04-24 23:00:00,-472.10772095624475
base_02,sarimax,2018-04-25 00:00:00,2018-04-25 01:00:00,310.0,571.9183777357557,2018-04-25 00:00:00,-261.9183777357557
base_02,sarimax,2018-04-25 01:00:00,2018-04-25 02:00:00,237.0,375.2070313492451,2018-04-25 01:00:00,-138.20703134924509
base_02,sarimax,2018-04-25 02:00:00,2018-04-25 03:00:00,341.0,286.01732589345806,2018-04-25 02:00:00,54.982674106541936
base_02,sarimax,2018-04-25 03:00:00,2018-04-25 04:00:00,904.0,353.8734245375932,2018-04-25 03:00:00,550.1265754624068
base_02,sarimax,2018-04-25 04:00:00,2018-04-25 05:00:00,2917.0,897.0758225139014,2018-04-25 04:00:00,2019.9241774860986
base_02,sarimax,2018-04-25 05:00:00,2018-04-25 06:00:00,5866.0,2910.5151932101676,2018-04-25 05:00:00,2955.4848067898324
base_02,sarimax,2018-04-25 06:00:00,2018-04-25 07:00:00,6303.0,5842.9120841023,2018-04-25 06:00:00,460.08791589770044
base_02,sarimax,2018-04-25 07:00:00,2018-04-25 08:00:00,5850.0,6230.325972736793,2018-04-25 07:00:00,-380.3259727367931
base_02,sarimax,2018-04-25 08:00:00,2018-04-25 09:00:00,5455.0,5670.319956867225,2018-04-25 08:00:00,-215.3199568672253
base_02,sarimax,2018-04-25 09:00:00,2018-04-25 10:00:00,4524.0,5183.728680643653,2018-04-25 09:00:00,-659.7286806436532
base_02,sarimax,2018-04-25 10:00:00,2018-04-25 11:00:00,4891.0,4525.5170238111305,2018-04-25 10:00:00,365.48297618886954
base_02,sarimax,2018-04-25 11:00:00,2018-04-25 12:00:00,5067.0,4960.74899839853,2018-04-25 11:00:00,106.2510016014703
base_02,sarimax,2018-04-25 12:00:00,2018-04-25 13:00:00,5020.0,5134.164709912271,2018-04-25 12:00:00,-114.16470991227106
base_02,sarimax,2018-04-25 13:00:00,2018-04-25 14:00:00,5276.0,5152.819673039097,2018-04-25 13:00:00,123.18032696090268
base_02,sarimax,2018-04-25 14:00:00,2018-04-25 15:00:00,6002.0,5271.2055706204155,2018-04-25 14:00:00,730.7944293795845
base_02,sarimax,2018-04-25 15:00:00,2018-04-25 16:00:00,6816.0,6008.951129547798,2018-04-25 15:00:00,807.0488704522022
base_02,sarimax,2018-04-25 16:00:00,2018-04-25 17:00:00,6420.0,6838.431391222377,2018-04-25 16:00:00,-418.431391222377
base_02,sarimax,2018-04-25 17:00:00,2018-04-25 18:00:00,4695.0,6410.845073650297,2018-04-25 17:00:00,-1715.8450736502973
base_02,sarimax,2018-04-25 18:00:00,2018-04-25 19:00:00,3543.0,4628.990477028455,2018-04-25 18:00:00,-1085.9904770284547
base_02,sarimax,2018-04-25 19:00:00,2018-04-25 20:00:00,3225.0,3456.918510619943,2018-04-25 19:00:00,-231.91851061994294
base_02,sarimax,2018-04-25 20:00:00,2018-04-25 21:00:00,2560.0,3246.7383525169785,2018-04-25 20:00:00,-686.7383525169785
base_02,sarimax,2018-04-25 21:00:00,2018-04-25 22:00:00,1618.0,2691.737780454796,2018-04-25 21:00:00,-1073.737780454796
base_02,sarimax,2018-04-25 22:00:00,2018-04-25 23:00:00,1023.0,1706.286570942804,2018-04-25 22:00:00,-683.286570942804
base_02,sarimax,2018-04-25 23:00:00,2018-04-26 00:00:00,551.0,1034.0608629847418,2018-04-25 23:00:00,-483.0608629847418
base_02,sarimax,2018-04-26 00:00:00,2018-04-26 01:00:00,358.0,592.0287458118913,2018-04-26 00:00:00,-234.02874581189133
base_02,sarimax,2018-04-26 01:00:00,2018-04-26 02:00:00,255.0,429.93687310540315,2018-04-26 01:00:00,-174.93687310540315
base_02,sarimax,2018-04-26 02:00:00,2018-04-26 03:00:00,350.0,303.49297304886795,2018-04-26 02:00:00,46.50702695113205
base_02,sarimax,2018-04-26 03:00:00,2018-04-26 04:00:00,899.0,383.1600144311088,2018-04-26 03:00:00,515.8399855688913
base_02,sarimax,2018-04-26 04:00:00,2018-04-26 05:00:00,2953.0,913.6313220324448,2018-04-26 04:00:00,2039.3686779675552
base_02,sarimax,2018-04-26 05:00:00,2018-04-26 06:00:00,5813.0,2969.5073757971204,2018-04-26 05:00:00,2843.4926242028796
base_02,sarimax,2018-04-26 06:00:00,2018-04-26 07:00:00,6493.0,5795.553849508378,2018-04-26 06:00:00,697.4461504916217
base_02,sarimax,2018-04-26 07:00:00,2018-04-26 08:00:00,5890.0,6428.467612857359,2018-04-26 07:00:00,-538.4676128573592
base_02,sarimax,2018-04-26 08:00:00,2018-04-26 09:00:00,5495.0,5709.3857519356125,2018-04-26 08:00:00,-214.38575193561246
base_02,sarimax,2018-04-26 09:00:00,2018-04-26 10:00:00,4675.0,5271.359274896191,2018-04-26 09:00:00,-596.359274896191
base_02,sarimax,2018-04-26 10:00:00,2018-04-26 11:00:00,5110.0,4655.69584518345,2018-04-26 10:00:00,454.3041548165502
base_02,sarimax,2018-04-26 11:00:00,2018-04-26 12:00:00,5078.0,5200.428760777293,2018-04-26 11:00:00,-122.42876077729306
base_02,sarimax,2018-04-26 12:00:00,2018-04-26 13:00:00,5281.0,5127.734910439196,2018-04-26 12:00:00,153.26508956080397
base_02,sarimax,2018-04-26 13:00:00,2018-04-26 14:00:00,5661.0,5401.587218721166,2018-04-26 13:00:00,259.4127812788338
base_02,sarimax,2018-04-26 14:00:00,2018-04-26 15:00:00,6257.0,5642.616092838384,2018-04-26 14:00:00,614.3839071616158
base_02,sarimax,2018-04-26 15:00:00,2018-04-26 16:00:00,7139.0,6277.703833504129,2018-04-26 15:00:00,861.2961664958711
base_02,sarimax,2018-04-26 16:00:00,2018-04-26 17:00:00,6372.0,7124.774910463048,2018-04-26 16:00:00,-752.7749104630484
base_02,sarimax,2018-04-26 17:00:00,2018-04-26 18:00:00,5068.0,6334.316526946122,2018-04-26 17:00:00,-1266.3165269461224
base_02,sarimax,2018-04-26 18:00:00,2018-04-26 19:00:00,3813.0,5000.111759963483,2018-04-26 18:00:00,-1187.1117599634827
base_02,sarimax,2018-04-26 19:00:00,2018-04-26 20:00:00,3338.0,3706.267734987329,2018-04-26 19:00:00,-368.2677349873288
base_02,sarimax,2018-04-26 20:00:00,2018-04-26 21:00:00,3058.0,3382.265718409184,2018-04-26 20:00:00,-324.26571840918405
base_02,sarimax,2018-04-26 21:00:00,2018-04-26 22:00:00,2171.0,3150.2711644606593,2018-04-26 21:00:00,-979.2711644606593
base_02,sarimax,2018-04-26 22:00:00,2018-04-26 23:00:00,1253.0,2267.9922949511583,2018-04-26 22:00:00,-1014.9922949511583
base_02,sarimax,2018-04-26 23:00:00,2018-04-27 00:00:00,683.0,1268.8274448971285,2018-04-26 23:00:00,-585.8274448971285
base_02,sarimax,2018-04-27 00:00:00,2018-04-27 01:00:00,422.0,679.3724461615886,2018-04-27 00:00:00,-257.37244616158864
base_02,sarimax,2018-04-27 01:00:00,2018-04-27 02:00:00,328.0,478.5285098876034,2018-04-27 01:00:00,-150.52850988760338
base_02,sarimax,2018-04-27 02:00:00,2018-04-27 03:00:00,380.0,396.56176700953046,2018-04-27 02:00:00,-16.561767009530456
base_02,sarimax,2018-04-27 03:00:00,2018-04-27 04:00:00,849.0,416.69442946349005,2018-04-27 03:00:00,432.30557053650995
base_02,sarimax,2018-04-27 04:00:00,2018-04-27 05:00:00,2744.0,876.6104655839247,2018-04-27 04:00:00,1867.3895344160753
base_02,sarimax,2018-04-27 05:00:00,2018-04-27 06:00:00,5573.0,2764.7829952168886,2018-04-27 05:00:00,2808.2170047831114
base_02,sarimax,2018-04-27 06:00:00,2018-04-27 07:00:00,6712.0,5567.002647784289,2018-04-27 06:00:00,1144.9973522157106
base_02,sarimax,2018-04-27 07:00:00,2018-04-27 08:00:00,6109.0,6677.469682637538,2018-04-27 07:00:00,-568.4696826375384
base_02,sarimax,2018-04-27 08:00:00,2018-04-27 09:00:00,5414.0,5931.165006357806,2018-04-27 08:00:00,-517.1650063578063
base_02,sarimax,2018-04-27 09:00:00,2018-04-27 10:00:00,4946.0,5181.762243434188,2018-04-27 09:00:00,-235.76224343418835
base_02,sarimax,2018-04-27 10:00:00,2018-04-27 11:00:00,5365.0,4876.620300574692,2018-04-27 10:00:00,488.379699425308
base_02,sarimax,2018-04-27 11:00:00,2018-04-27 12:00:00,5622.0,5461.27880708023,2018-04-27 11:00:00,160.72119291977015
base_02,sarimax,2018-04-27 12:00:00,2018-04-27 13:00:00,5487.0,5731.578365376237,2018-04-27 12:00:00,-244.57836537623734
base_02,sarimax,2018-04-27 13:00:00,2018-04-27 14:00:00,6005.0,5560.509338724502,2018-04-27 13:00:00,444.4906612754976
base_02,sarimax,2018-04-27 14:00:00,2018-04-27 15:00:00,6560.0,5961.334892569005,2018-04-27 14:00:00,598.6651074309948
base_02,sarimax,2018-04-27 15:00:00,2018-04-27 16:00:00,6471.0,6526.221234864221,2018-04-27 15:00:00,-55.221234864220605
base_02,sarimax,2018-04-27 16:00:00,2018-04-27 17:00:00,6459.0,6471.798402015947,2018-04-27 16:00:00,-12.798402015947431
base_02,sarimax,2018-04-27 17:00:00,2018-04-27 18:00:00,5355.0,6403.28002344965,2018-04-27 17:00:00,-1048.28002344965
base_02,sarimax,2018-04-27 18:00:00,2018-04-27 19:00:00,4083.0,5277.456785738636,2018-04-27 18:00:00,-1194.4567857386364
base_02,sarimax,2018-04-27 19:00:00,2018-04-27 20:00:00,3319.0,4070.88511177581,2018-04-27 19:00:00,-751.88511177581
base_02,sarimax,2018-04-27 20:00:00,2018-04-27 21:00:00,3384.0,3282.226905226262,2018-04-27 20:00:00,101.7730947737382
base_02,sarimax,2018-04-27 21:00:00,2018-04-27 22:00:00,2709.0,3453.3641487766754,2018-04-27 21:00:00,-744.3641487766754
base_02,sarimax,2018-04-27 22:00:00,2018-04-27 23:00:00,1942.0,2806.982613678978,2018-04-27 22:00:00,-864.9826136789779
base_02,sarimax,2018-04-27 23:00:00,2018-04-28 00:00:00,1097.0,1990.4312757830817,2018-04-27 23:00:00,-893.4312757830817
base_02,sarimax,2018-04-28 00:00:00,2018-04-28 01:00:00,725.0,1067.7261057745018,2018-04-28 00:00:00,-342.7261057745018
base_02,sarimax,2018-04-28 01:00:00,2018-04-28 02:00:00,531.0,765.5074986271261,2018-04-28 01:00:00,-234.5074986271261
base_02,sarimax,2018-04-28 02:00:00,2018-04-28 03:00:00,382.0,598.4310966928787,2018-04-28 02:00:00,-216.43109669287867
base_02,sarimax,2018-04-28 03:00:00,2018-04-28 04:00:00,365.0,462.3122953683678,2018-04-28 03:00:00,-97.31229536836781
base_02,sarimax,2018-04-28 04:00:00,2018-04-28 05:00:00,744.0,389.90777201924965,2018-04-28 04:00:00,354.09222798075035
base_02,sarimax,2018-04-28 05:00:00,2018-04-28 06:00:00,1366.0,749.4430118790614,2018-04-28 05:00:00,616.5569881209386
base_02,sarimax,2018-04-28 06:00:00,2018-04-28 07:00:00,2330.0,1366.162625590475,2018-04-28 06:00:00,963.837374409525
base_02,sarimax,2018-04-28 07:00:00,2018-04-28 08:00:00,3737.0,2336.686010463326,2018-04-28 07:00:00,1400.313989536674
base_02,sarimax,2018-04-28 08:00:00,2018-04-28 09:00:00,4509.0,3733.286328073835,2018-04-28 08:00:00,775.7136719261648
base_02,sarimax,2018-04-28 09:00:00,2018-04-28 10:00:00,4752.0,4497.399904465859,2018-04-28 09:00:00,254.60009553414056
base_02,sarimax,2018-04-28 10:00:00,2018-04-28 11:00:00,5130.0,4682.61594898988,2018-04-28 10:00:00,447.38405101011995
base_02,sarimax,2018-04-28 11:00:00,2018-04-28 12:00:00,5453.0,5005.312227152145,2018-04-28 11:00:00,447.68777284785483
base_02,sarimax,2018-04-28 12:00:00,2018-04-28 13:00:00,5529.0,5407.210711379856,2018-04-28 12:00:00,121.78928862014436
base_02,sarimax,2018-04-28 13:00:00,2018-04-28 14:00:00,5191.0,5533.644542704957,2018-04-28 13:00:00,-342.6445427049566
base_02,sarimax,2018-04-28 14:00:00,2018-04-28 15:00:00,4925.0,5174.871964637117,2018-04-28 14:00:00,-249.87196463711734
base_02,sarimax,2018-04-28 15:00:00,2018-04-28 16:00:00,5034.0,4905.046360838991,2018-04-28 15:00:00,128.95363916100905
base_02,sarimax,2018-04-28 16:00:00,2018-04-28 17:00:00,4991.0,5041.729597791451,2018-04-28 16:00:00,-50.72959779145094
base_02,sarimax,2018-04-28 17:00:00,2018-04-28 18:00:00,4300.0,5037.1114851353905,2018-04-28 17:00:00,-737.1114851353905
base_02,sarimax,2018-04-28 18:00:00,2018-04-28 19:00:00,3764.0,4329.108400733165,2018-04-28 18:00:00,-565.1084007331647
base_02,sarimax,2018-04-28 19:00:00,2018-04-28 20:00:00,3189.0,3751.28265211069,2018-04-28 19:00:00,-562.2826521106899
base_02,sarimax,2018-04-28 20:00:00,2018-04-28 21:00:00,3076.0,3181.775757730518,2018-04-28 20:00:00,-105.77575773051785
base_02,sarimax,2018-04-28 21:00:00,2018-04-28 22:00:00,2900.0,3108.380198574409,2018-04-28 21:00:00,-208.38019857440895
base_02,sarimax,2018-04-28 22:00:00,2018-04-28 23:00:00,3360.0,2911.7229196797125,2018-04-28 22:00:00,448.2770803202875
base_02,sarimax,2018-04-28 23:00:00,2018-04-29 00:00:00,1532.0,3381.290333063634,2018-04-28 23:00:00,-1849.290333063634
base_02,sarimax,2018-04-29 00:00:00,2018-04-29 01:00:00,821.0,1538.8891709381005,2018-04-29 00:00:00,-717.8891709381005
base_02,sarimax,2018-04-29 01:00:00,2018-04-29 02:00:00,601.0,824.4177057870348,2018-04-29 01:00:00,-223.41770578703483
base_02,sarimax,2018-04-29 02:00:00,2018-04-29 03:00:00,347.0,538.1823531798262,2018-04-29 02:00:00,-191.18235317982624
base_02,sarimax,2018-04-29 03:00:00,2018-04-29 04:00:00,280.0,521.6340997604149,2018-04-29 03:00:00,-241.63409976041487
base_02,sarimax,2018-04-29 04:00:00,2018-04-29 05:00:00,427.0,345.13031137243627,2018-04-29 04:00:00,81.86968862756373
base_02,sarimax,2018-04-29 05:00:00,2018-04-29 06:00:00,839.0,431.7554557716004,2018-04-29 05:00:00,407.2445442283996
base_02,sarimax,2018-04-29 06:00:00,2018-04-29 07:00:00,1397.0,851.0308619213488,2018-04-29 06:00:00,545.9691380786512
base_02,sarimax,2018-04-29 07:00:00,2018-04-29 08:00:00,2153.0,1408.679798070703,2018-04-29 07:00:00,744.3202019292969
base_02,sarimax,2018-04-29 08:00:00,2018-04-29 09:00:00,3258.0,2173.229134762378,2018-04-29 08:00:00,1084.7708652376218
base_02,sarimax,2018-04-29 09:00:00,2018-04-29 10:00:00,3848.0,3282.0863486519843,2018-04-29 09:00:00,565.9136513480157
base_02,sarimax,2018-04-29 10:00:00,2018-04-29 11:00:00,4381.0,3845.697874117225,2018-04-29 10:00:00,535.3021258827748
base_02,sarimax,2018-04-29 11:00:00,2018-04-29 12:00:00,4886.0,4344.957716581629,2018-04-29 11:00:00,541.042283418371
base_02,sarimax,2018-04-29 12:00:00,2018-04-29 13:00:00,4828.0,4809.858097152186,2018-04-29 12:00:00,18.14190284781398
base_02,sarimax,2018-04-29 13:00:00,2018-04-29 14:00:00,4715.0,4796.271093295419,2018-04-29 13:00:00,-81.27109329541872
base_02,sarimax,2018-04-29 14:00:00,2018-04-29 15:00:00,4570.0,4691.579453292167,2018-04-29 14:00:00,-121.57945329216727
base_02,sarimax,2018-04-29 15:00:00,2018-04-29 16:00:00,4886.0,4543.361599413532,2018-04-29 15:00:00,342.6384005864684
base_02,sarimax,2018-04-29 16:00:00,2018-04-29 17:00:00,4390.0,4911.096050694291,2018-04-29 16:00:00,-521.0960506942911
base_02,sarimax,2018-04-29 17:00:00,2018-04-29 18:00:00,3903.0,4408.794255097051,2018-04-29 17:00:00,-505.79425509705106
base_02,sarimax,2018-04-29 18:00:00,2018-04-29 19:00:00,3351.0,3928.3666914064597,2018-04-29 18:00:00,-577.3666914064597
base_02,sarimax,2018-04-29 19:00:00,2018-04-29 20:00:00,3026.0,3314.2537197680467,2018-04-29 19:00:00,-288.2537197680467
base_02,sarimax,2018-04-29 20:00:00,2018-04-29 21:00:00,2367.0,3054.3290854067654,2018-04-29 20:00:00,-687.3290854067654
base_02,sarimax,2018-04-29 21:00:00,2018-04-29 22:00:00,1703.0,2384.901037618557,2018-04-29 21:00:00,-681.901037618557
base_02,sarimax,2018-04-29 22:00:00,2018-04-29 23:00:00,1035.0,1741.8926516911597,2018-04-29 22:00:00,-706.8926516911597
base_02,sarimax,2018-04-29 23:00:00,2018-04-30 00:00:00,541.0,1056.8827789253935,2018-04-29 23:00:00,-515.8827789253935
base_02,sarimax,2018-04-30 00:00:00,2018-04-30 01:00:00,327.0,588.9045932878701,2018-04-30 00:00:00,-261.90459328787006
base_02,sarimax,2018-04-30 01:00:00,2018-04-30 02:00:00,275.0,381.0068333353872,2018-04-30 01:00:00,-106.00683333538723
base_02,sarimax,2018-04-30 02:00:00,2018-04-30 03:00:00,355.0,337.3012563826851,2018-04-30 02:00:00,17.698743617314904
base_02,sarimax,2018-04-30 03:00:00,2018-04-30 04:00:00,891.0,396.4376729242104,2018-04-30 03:00:00,494.5623270757896
base_02,sarimax,2018-04-30 04:00:00,2018-04-30 05:00:00,2871.0,913.0489744124344,2018-04-30 04:00:00,1957.9510255875657
base_02,sarimax,2018-04-30 05:00:00,2018-04-30 06:00:00,5730.0,2864.0963131639073,2018-04-30 05:00:00,2865.9036868360927
base_02,sarimax,2018-04-30 06:00:00,2018-04-30 07:00:00,6633.0,5721.448024250321,2018-04-30 06:00:00,911.5519757496786
base_02,sarimax,2018-04-30 07:00:00,2018-04-30 08:00:00,5724.0,6571.906384161452,2018-04-30 07:00:00,-847.9063841614516
base_02,sarimax,2018-04-30 08:00:00,2018-04-30 09:00:00,5171.0,5530.783002872995,2018-04-30 08:00:00,-359.783002872995
base_02,sarimax,2018-04-30 09:00:00,2018-04-30 10:00:00,4523.0,4873.0974971877995,2018-04-30 09:00:00,-350.0974971877995
base_02,sarimax,2018-04-30 10:00:00,2018-04-30 11:00:00,4619.0,4423.671050212486,2018-04-30 10:00:00,195.32894978751392
base_02,sarimax,2018-04-30 11:00:00,2018-04-30 12:00:00,4825.0,4737.51777013939,2018-04-30 11:00:00,87.48222986060955
base_02,sarimax,2018-04-30 12:00:00,2018-04-30 13:00:00,4837.0,4911.5833275750565,2018-04-30 12:00:00,-74.5833275750565
base_02,sarimax,2018-04-30 13:00:00,2018-04-30 14:00:00,5147.0,4943.0197706474655,2018-04-30 13:00:00,203.98022935253448
base_02,sarimax,2018-04-30 14:00:00,2018-04-30 15:00:00,5792.0,5211.949373014718,2018-04-30 14:00:00,580.0506269852822
base_02,sarimax,2018-04-30 15:00:00,2018-04-30 16:00:00,6901.0,5826.693195813948,2018-04-30 15:00:00,1074.3068041860524
base_02,sarimax,2018-04-30 16:00:00,2018-04-30 17:00:00,6184.0,6954.6292233943705,2018-04-30 16:00:00,-770.6292233943705
base_02,sarimax,2018-04-30 17:00:00,2018-04-30 18:00:00,4568.0,6171.970428712682,2018-04-30 17:00:00,-1603.9704287126824
base_02,sarimax,2018-04-30 18:00:00,2018-04-30 19:00:00,3259.0,4526.734670032442,2018-04-30 18:00:00,-1267.7346700324424
base_02,sarimax,2018-04-30 19:00:00,2018-04-30 20:00:00,2673.0,3140.121977539474,2018-04-30 19:00:00,-467.12197753947385
base_02,sarimax,2018-04-30 20:00:00,2018-04-30 21:00:00,2329.0,2728.3696610667685,2018-04-30 20:00:00,-399.36966106676846
base_02,sarimax,2018-04-30 21:00:00,2018-04-30 22:00:00,1594.0,2461.6129114315354,2018-04-30 21:00:00,-867.6129114315354
base_02,sarimax,2018-04-30 22:00:00,2018-04-30 23:00:00,1061.0,1702.993496947034,2018-04-30 22:00:00,-641.9934969470339
base_02,sarimax,2018-04-30 23:00:00,2018-05-01 00:00:00,576.0,1100.0429421962092,2018-04-30 23:00:00,-524.0429421962092
base_02,sarimax,2018-05-01 00:00:00,2018-05-01 01:00:00,395.0,599.5188817332311,2018-05-01 00:00:00,-204.51888173323107
base_02,sarimax,2018-05-01 01:00:00,2018-05-01 02:00:00,275.0,446.9099143598398,2018-05-01 01:00:00,-171.90991435983977
base_02,sarimax,2018-05-01 02:00:00,2018-05-01 03:00:00,370.0,321.57225748606425,2018-05-01 02:00:00,48.427742513935755
base_02,sarimax,2018-05-01 03:00:00,2018-05-01 04:00:00,916.0,404.3358959279884,2018-05-01 03:00:00,511.6641040720116
base_02,sarimax,2018-05-01 04:00:00,2018-05-01 05:00:00,2893.0,910.0370637905476,2018-05-01 04:00:00,1982.9629362094524
base_02,sarimax,2018-05-01 05:00:00,2018-05-01 06:00:00,5653.0,2884.856806045624,2018-05-01 05:00:00,2768.143193954376
base_02,sarimax,2018-05-01 06:00:00,2018-05-01 07:00:00,6046.0,5627.156295841649,2018-05-01 06:00:00,418.8437041583511
base_02,sarimax,2018-05-01 07:00:00,2018-05-01 08:00:00,6140.0,5986.453963013404,2018-05-01 07:00:00,153.54603698659594
base_02,sarimax,2018-05-01 08:00:00,2018-05-01 09:00:00,5420.0,5915.125378385597,2018-05-01 08:00:00,-495.1253783855973
base_02,sarimax,2018-05-01 09:00:00,2018-05-01 10:00:00,4468.0,5126.860600065684,2018-05-01 09:00:00,-658.8606000656837
base_02,sarimax,2018-05-01 10:00:00,2018-05-01 11:00:00,4473.0,4441.157545999787,2018-05-01 10:00:00,31.842454000213365
base_02,sarimax,2018-05-01 11:00:00,2018-05-01 12:00:00,5111.0,4494.039724752557,2018-05-01 11:00:00,616.960275247443
base_02,sarimax,2018-05-01 12:00:00,2018-05-01 13:00:00,4988.0,5186.641605712616,2018-05-01 12:00:00,-198.64160571261618
base_02,sarimax,2018-05-01 13:00:00,2018-05-01 14:00:00,4926.0,5096.662854507172,2018-05-01 13:00:00,-170.6628545071717
base_02,sarimax,2018-05-01 14:00:00,2018-05-01 15:00:00,5802.0,4932.481494137552,2018-05-01 14:00:00,869.5185058624484
base_02,sarimax,2018-05-01 15:00:00,2018-05-01 16:00:00,6900.0,5752.17616644572,2018-05-01 15:00:00,1147.82383355428
base_02,sarimax,2018-05-01 16:00:00,2018-05-01 17:00:00,6410.0,6923.352342608829,2018-05-01 16:00:00,-513.3523426088286
base_02,sarimax,2018-05-01 17:00:00,2018-05-01 18:00:00,4866.0,6423.468647097409,2018-05-01 17:00:00,-1557.4686470974093
base_02,sarimax,2018-05-01 18:00:00,2018-05-01 19:00:00,3411.0,4772.700228835591,2018-05-01 18:00:00,-1361.7002288355907
base_02,sarimax,2018-05-01 19:00:00,2018-05-01 20:00:00,2907.0,3289.8225428961514,2018-05-01 19:00:00,-382.8225428961514
base_02,sarimax,2018-05-01 20:00:00,2018-05-01 21:00:00,2287.0,2941.054350525452,2018-05-01 20:00:00,-654.0543505254518
base_02,sarimax,2018-05-01 21:00:00,2018-05-01 22:00:00,1438.0,2430.8906761390867,2018-05-01 21:00:00,-992.8906761390867
base_02,sarimax,2018-05-01 22:00:00,2018-05-01 23:00:00,1093.0,1569.328682146918,2018-05-01 22:00:00,-476.328682146918
base_02,sarimax,2018-05-01 23:00:00,2018-05-02 00:00:00,517.0,1123.3882469041548,2018-05-01 23:00:00,-606.3882469041548
base_02,sarimax,2018-05-02 00:00:00,2018-05-02 01:00:00,324.0,543.2729544643444,2018-05-02 00:00:00,-219.27295446434437
base_02,sarimax,2018-05-02 01:00:00,2018-05-02 02:00:00,253.0,388.37576914421913,2018-05-02 01:00:00,-135.37576914421913
base_02,sarimax,2018-05-02 02:00:00,2018-05-02 03:00:00,351.0,268.67836686942013,2018-05-02 02:00:00,82.32163313057987
base_02,sarimax,2018-05-02 03:00:00,2018-05-02 04:00:00,915.0,399.28408210314296,2018-05-02 03:00:00,515.715917896857
base_02,sarimax,2018-05-02 04:00:00,2018-05-02 05:00:00,2959.0,911.5270139094862,2018-05-02 04:00:00,2047.4729860905138
base_02,sarimax,2018-05-02 05:00:00,2018-05-02 06:00:00,5910.0,2951.610411235584,2018-05-02 05:00:00,2958.389588764416
base_02,sarimax,2018-05-02 06:00:00,2018-05-02 07:00:00,6606.0,5885.48305665379,2018-05-02 06:00:00,720.5169433462097
base_02,sarimax,2018-05-02 07:00:00,2018-05-02 08:00:00,5676.0,6528.662088595041,2018-05-02 07:00:00,-852.6620885950406
base_02,sarimax,2018-05-02 08:00:00,2018-05-02 09:00:00,5638.0,5456.52624497159,2018-05-02 08:00:00,181.47375502840987
base_02,sarimax,2018-05-02 09:00:00,2018-05-02 10:00:00,4815.0,5366.849525484986,2018-05-02 09:00:00,-551.8495254849859
base_02,sarimax,2018-05-02 10:00:00,2018-05-02 11:00:00,4999.0,4774.547296049262,2018-05-02 10:00:00,224.4527039507384
base_02,sarimax,2018-05-02 11:00:00,2018-05-02 12:00:00,5088.0,5114.242366627806,2018-05-02 11:00:00,-26.242366627806405
base_02,sarimax,2018-05-02 12:00:00,2018-05-02 13:00:00,5034.0,5113.636431809528,2018-05-02 12:00:00,-79.6364318095284
base_02,sarimax,2018-05-02 13:00:00,2018-05-02 14:00:00,5179.0,5138.152044904838,2018-05-02 13:00:00,40.84795509516243
base_02,sarimax,2018-05-02 14:00:00,2018-05-02 15:00:00,5913.0,5183.319144953385,2018-05-02 14:00:00,729.6808550466149
base_02,sarimax,2018-05-02 15:00:00,2018-05-02 16:00:00,6935.0,5939.880011328128,2018-05-02 15:00:00,995.1199886718723
base_02,sarimax,2018-05-02 16:00:00,2018-05-02 17:00:00,6291.0,6942.824280636013,2018-05-02 16:00:00,-651.8242806360131
base_02,sarimax,2018-05-02 17:00:00,2018-05-02 18:00:00,4763.0,6277.941710396371,2018-05-02 17:00:00,-1514.9417103963706
base_02,sarimax,2018-05-02 18:00:00,2018-05-02 19:00:00,3518.0,4719.309543234397,2018-05-02 18:00:00,-1201.309543234397
base_02,sarimax,2018-05-02 19:00:00,2018-05-02 20:00:00,3114.0,3407.5508060015677,2018-05-02 19:00:00,-293.5508060015677
base_02,sarimax,2018-05-02 20:00:00,2018-05-02 21:00:00,2634.0,3168.199044047103,2018-05-02 20:00:00,-534.1990440471031
base_02,sarimax,2018-05-02 21:00:00,2018-05-02 22:00:00,1721.0,2783.301085470857,2018-05-02 21:00:00,-1062.3010854708568
base_02,sarimax,2018-05-02 22:00:00,2018-05-02 23:00:00,1074.0,1740.4031774169148,2018-05-02 22:00:00,-666.4031774169148
base_02,sarimax,2018-05-02 23:00:00,2018-05-03 00:00:00,591.0,1114.2232982721998,2018-05-02 23:00:00,-523.2232982721998
base_02,sarimax,2018-05-03 00:00:00,2018-05-03 01:00:00,373.0,575.8782717330972,2018-05-03 00:00:00,-202.87827173309722
base_02,sarimax,2018-05-03 01:00:00,2018-05-03 02:00:00,259.0,465.42290719094666,2018-05-03 01:00:00,-206.42290719094666
base_02,sarimax,2018-05-03 02:00:00,2018-05-03 03:00:00,345.0,342.6069258490877,2018-05-03 02:00:00,2.393074150912298
base_02,sarimax,2018-05-03 03:00:00,2018-05-03 04:00:00,937.0,413.461976078852,2018-05-03 03:00:00,523.538023921148
base_02,sarimax,2018-05-03 04:00:00,2018-05-03 05:00:00,3025.0,952.8159715112394,2018-05-03 04:00:00,2072.1840284887608
base_02,sarimax,2018-05-03 05:00:00,2018-05-03 06:00:00,5893.0,2975.4242712730224,2018-05-03 05:00:00,2917.5757287269776
base_02,sarimax,2018-05-03 06:00:00,2018-05-03 07:00:00,6457.0,5908.215996896489,2018-05-03 06:00:00,548.7840031035112
base_02,sarimax,2018-05-03 07:00:00,2018-05-03 08:00:00,6084.0,6398.579739928875,2018-05-03 07:00:00,-314.5797399288749
base_02,sarimax,2018-05-03 08:00:00,2018-05-03 09:00:00,5289.0,5871.035666695569,2018-05-03 08:00:00,-582.0356666955686
base_02,sarimax,2018-05-03 09:00:00,2018-05-03 10:00:00,4763.0,5179.602418811348,2018-05-03 09:00:00,-416.6024188113479
base_02,sarimax,2018-05-03 10:00:00,2018-05-03 11:00:00,4987.0,4707.579004891653,2018-05-03 10:00:00,279.4209951083467
base_02,sarimax,2018-05-03 11:00:00,2018-05-03 12:00:00,5210.0,5039.786153353351,2018-05-03 11:00:00,170.21384664664856
base_02,sarimax,2018-05-03 12:00:00,2018-05-03 13:00:00,5332.0,5313.197955730358,2018-05-03 12:00:00,18.802044269641556
base_02,sarimax,2018-05-03 13:00:00,2018-05-03 14:00:00,5462.0,5418.082804155816,2018-05-03 13:00:00,43.91719584418388
base_02,sarimax,2018-05-03 14:00:00,2018-05-03 15:00:00,6103.0,5452.214659376795,2018-05-03 14:00:00,650.7853406232052
base_02,sarimax,2018-05-03 15:00:00,2018-05-03 16:00:00,6977.0,6091.307121959437,2018-05-03 15:00:00,885.6928780405633
base_02,sarimax,2018-05-03 16:00:00,2018-05-03 17:00:00,6630.0,6979.294179860072,2018-05-03 16:00:00,-349.2941798600723
base_02,sarimax,2018-05-03 17:00:00,2018-05-03 18:00:00,5019.0,6611.039737400304,2018-05-03 17:00:00,-1592.0397374003041
base_02,sarimax,2018-05-03 18:00:00,2018-05-03 19:00:00,3664.0,4946.32153176538,2018-05-03 18:00:00,-1282.3215317653803
base_02,sarimax,2018-05-03 19:00:00,2018-05-03 20:00:00,3325.0,3563.4480516405374,2018-05-03 19:00:00,-238.44805164053741
base_02,sarimax,2018-05-03 20:00:00,2018-05-03 21:00:00,2716.0,3340.8121822451167,2018-05-03 20:00:00,-624.8121822451167
base_02,sarimax,2018-05-03 21:00:00,2018-05-03 22:00:00,1918.0,2861.0063751115767,2018-05-03 21:00:00,-943.0063751115767
base_02,sarimax,2018-05-03 22:00:00,2018-05-03 23:00:00,1308.0,2024.1441241796388,2018-05-03 22:00:00,-716.1441241796388
base_02,sarimax,2018-05-03 23:00:00,2018-05-04 00:00:00,655.0,1314.762860055907,2018-05-03 23:00:00,-659.7628600559069
base_02,sarimax,2018-05-04 00:00:00,2018-05-04 01:00:00,393.0,696.0403974404043,2018-05-04 00:00:00,-303.04039744040426
base_02,sarimax,2018-05-04 01:00:00,2018-05-04 02:00:00,338.0,460.5663010864437,2018-05-04 01:00:00,-122.56630108644367
base_02,sarimax,2018-05-04 02:00:00,2018-05-04 03:00:00,409.0,386.6760122797933,2018-05-04 02:00:00,22.323987720206674
base_02,sarimax,2018-05-04 03:00:00,2018-05-04 04:00:00,882.0,465.0800540941448,2018-05-04 03:00:00,416.9199459058552
base_02,sarimax,2018-05-04 04:00:00,2018-05-04 05:00:00,2841.0,879.4435893867019,2018-05-04 04:00:00,1961.556410613298
base_02,sarimax,2018-05-04 05:00:00,2018-05-04 06:00:00,5503.0,2840.7095446552953,2018-05-04 05:00:00,2662.2904553447047
base_02,sarimax,2018-05-04 06:00:00,2018-05-04 07:00:00,6587.0,5479.2764260890535,2018-05-04 06:00:00,1107.7235739109465
base_02,sarimax,2018-05-04 07:00:00,2018-05-04 08:00:00,5771.0,6524.283495365255,2018-05-04 07:00:00,-753.2834953652546
base_02,sarimax,2018-05-04 08:00:00,2018-05-04 09:00:00,5156.0,5595.080170166204,2018-05-04 08:00:00,-439.08017016620397
base_02,sarimax,2018-05-04 09:00:00,2018-05-04 10:00:00,4982.0,4940.451986362015,2018-05-04 09:00:00,41.548013637984695
base_02,sarimax,2018-05-04 10:00:00,2018-05-04 11:00:00,5275.0,4935.967732759469,2018-05-04 10:00:00,339.0322672405309
base_02,sarimax,2018-05-04 11:00:00,2018-05-04 12:00:00,5528.0,5394.5481944169005,2018-05-04 11:00:00,133.45180558309949
base_02,sarimax,2018-05-04 12:00:00,2018-05-04 13:00:00,5557.0,5626.285565206023,2018-05-04 12:00:00,-69.28556520602342
base_02,sarimax,2018-05-04 13:00:00,2018-05-04 14:00:00,5869.0,5595.955773463311,2018-05-04 13:00:00,273.04422653668917
base_02,sarimax,2018-05-04 14:00:00,2018-05-04 15:00:00,6262.0,5855.61542738531,2018-05-04 14:00:00,406.3845726146901
base_02,sarimax,2018-05-04 15:00:00,2018-05-04 16:00:00,6662.0,6249.789629542487,2018-05-04 15:00:00,412.2103704575129
base_02,sarimax,2018-05-04 16:00:00,2018-05-04 17:00:00,6014.0,6666.87841039248,2018-05-04 16:00:00,-652.87841039248
base_02,sarimax,2018-05-04 17:00:00,2018-05-04 18:00:00,5024.0,5994.865414811486,2018-05-04 17:00:00,-970.8654148114856
base_02,sarimax,2018-05-04 18:00:00,2018-05-04 19:00:00,4000.0,4973.372219814558,2018-05-04 18:00:00,-973.3722198145579
base_02,sarimax,2018-05-04 19:00:00,2018-05-04 20:00:00,3541.0,3958.8042857904916,2018-05-04 19:00:00,-417.8042857904916
base_02,sarimax,2018-05-04 20:00:00,2018-05-04 21:00:00,3323.0,3589.6369028318413,2018-05-04 20:00:00,-266.6369028318413
base_02,sarimax,2018-05-04 21:00:00,2018-05-04 22:00:00,2718.0,3372.8527661688263,2018-05-04 21:00:00,-654.8527661688263
base_02,sarimax,2018-05-04 22:00:00,2018-05-04 23:00:00,2103.0,2768.978315092872,2018-05-04 22:00:00,-665.978315092872
base_02,sarimax,2018-05-04 23:00:00,2018-05-05 00:00:00,1446.0,2149.6887061064076,2018-05-04 23:00:00,-703.6887061064076
base_02,sarimax,2018-05-05 00:00:00,2018-05-05 01:00:00,691.0,1470.5073740533974,2018-05-05 00:00:00,-779.5073740533974
base_02,sarimax,2018-05-05 01:00:00,2018-05-05 04:00:00,399.0,706.9400243097198,2018-05-05 01:00:00,-307.9400243097198
base_02,sarimax,2018-05-05 04:00:00,2018-05-05 05:00:00,687.0,444.47436817234137,2018-05-05 04:00:00,242.52563182765863
base_02,sarimax,2018-05-05 05:00:00,2018-05-05 06:00:00,1382.0,719.2465701049459,2018-05-05 05:00:00,662.7534298950541
base_02,sarimax,2018-05-05 06:00:00,2018-05-05 07:00:00,2248.0,1416.2805772066224,2018-05-05 06:00:00,831.7194227933776
base_02,sarimax,2018-05-05 07:00:00,2018-05-05 08:00:00,3095.0,2235.7944150509747,2018-05-05 07:00:00,859.2055849490253
base_02,sarimax,2018-05-05 08:00:00,2018-05-05 09:00:00,3848.0,3127.4422619870647,2018-05-05 08:00:00,720.5577380129353
base_02,sarimax,2018-05-05 09:00:00,2018-05-05 10:00:00,3915.0,3846.3678636637705,2018-05-05 09:00:00,68.63213633622945
base_02,sarimax,2018-05-05 10:00:00,2018-05-05 11:00:00,4280.0,3868.313814166721,2018-05-05 10:00:00,411.68618583327907
base_02,sarimax,2018-05-05 11:00:00,2018-05-05 12:00:00,4775.0,4227.799299919128,2018-05-05 11:00:00,547.2007000808717
base_02,sarimax,2018-05-05 12:00:00,2018-05-05 13:00:00,4730.0,4739.191190801052,2018-05-05 12:00:00,-9.191190801051562
base_02,sarimax,2018-05-05 13:00:00,2018-05-05 14:00:00,4394.0,4759.891924241542,2018-05-05 13:00:00,-365.89192424154226
base_02,sarimax,2018-05-05 14:00:00,2018-05-05 15:00:00,4699.0,4387.831524016954,2018-05-05 14:00:00,311.16847598304594
base_02,sarimax,2018-05-05 15:00:00,2018-05-05 16:00:00,4580.0,4667.82005271115,2018-05-05 15:00:00,-87.82005271115031
base_02,sarimax,2018-05-05 16:00:00,2018-05-05 17:00:00,4539.0,4610.575246035216,2018-05-05 16:00:00,-71.57524603521597
base_02,sarimax,2018-05-05 17:00:00,2018-05-05 18:00:00,4156.0,4564.154544555155,2018-05-05 17:00:00,-408.15454455515464
base_02,sarimax,2018-05-05 18:00:00,2018-05-05 19:00:00,3146.0,4100.6272995258,2018-05-05 18:00:00,-954.6272995257996
base_02,sarimax,2018-05-05 19:00:00,2018-05-05 20:00:00,2767.0,3090.5631169499484,2018-05-05 19:00:00,-323.5631169499484
base_02,sarimax,2018-05-05 20:00:00,2018-05-05 21:00:00,2922.0,2717.401987544351,2018-05-05 20:00:00,204.59801245564904
base_02,sarimax,2018-05-05 21:00:00,2018-05-05 22:00:00,3145.0,2938.345866592604,2018-05-05 21:00:00,206.65413340739588
base_02,sarimax,2018-05-05 22:00:00,2018-05-05 23:00:00,2432.0,3210.707793026739,2018-05-05 22:00:00,-778.7077930267392
base_02,sarimax,2018-05-05 23:00:00,2018-05-06 00:00:00,1674.0,2439.763072528691,2018-05-05 23:00:00,-765.7630725286908
base_02,sarimax,2018-05-06 00:00:00,2018-05-06 01:00:00,784.0,1637.230875592506,2018-05-06 00:00:00,-853.230875592506
base_02,sarimax,2018-05-06 01:00:00,2018-05-06 02:00:00,509.0,733.0710927381498,2018-05-06 01:00:00,-224.0710927381498
base_02,sarimax,2018-05-06 02:00:00,2018-05-06 03:00:00,346.0,563.7290755260126,2018-05-06 02:00:00,-217.7290755260126
base_02,sarimax,2018-05-06 03:00:00,2018-05-06 04:00:00,269.0,415.5972890044103,2018-05-06 03:00:00,-146.5972890044103
base_02,sarimax,2018-05-06 04:00:00,2018-05-06 05:00:00,459.0,348.04734466738785,2018-05-06 04:00:00,110.95265533261215
base_02,sarimax,2018-05-06 05:00:00,2018-05-06 06:00:00,998.0,496.70827833428035,2018-05-06 05:00:00,501.29172166571965
base_02,sarimax,2018-05-06 06:00:00,2018-05-06 07:00:00,1332.0,1003.1811839647885,2018-05-06 06:00:00,328.8188160352115
base_02,sarimax,2018-05-06 07:00:00,2018-05-06 08:00:00,2390.0,1332.8653655907751,2018-05-06 07:00:00,1057.1346344092249
base_02,sarimax,2018-05-06 08:00:00,2018-05-06 09:00:00,3000.0,2390.300941237827,2018-05-06 08:00:00,609.6990587621731
base_02,sarimax,2018-05-06 09:00:00,2018-05-06 10:00:00,3568.0,2969.5421150233365,2018-05-06 09:00:00,598.4578849766635
base_02,sarimax,2018-05-06 10:00:00,2018-05-06 11:00:00,3914.0,3575.9266302123115,2018-05-06 10:00:00,338.07336978768853
base_02,sarimax,2018-05-06 11:00:00,2018-05-06 12:00:00,4053.0,3848.45879568912,2018-05-06 11:00:00,204.54120431087995
base_02,sarimax,2018-05-06 12:00:00,2018-05-06 13:00:00,4237.0,4053.9082863336585,2018-05-06 12:00:00,183.09171366634155
base_02,sarimax,2018-05-06 13:00:00,2018-05-06 14:00:00,4295.0,4196.118349562234,2018-05-06 13:00:00,98.88165043776644
base_02,sarimax,2018-05-06 14:00:00,2018-05-06 15:00:00,4332.0,4286.199141374047,2018-05-06 14:00:00,45.80085862595297
base_02,sarimax,2018-05-06 15:00:00,2018-05-06 16:00:00,4181.0,4334.725881217445,2018-05-06 15:00:00,-153.72588121744502
base_02,sarimax,2018-05-06 16:00:00,2018-05-06 17:00:00,3739.0,4180.971189367237,2018-05-06 16:00:00,-441.97118936723655
base_02,sarimax,2018-05-06 17:00:00,2018-05-06 18:00:00,3778.0,3734.581017965154,2018-05-06 17:00:00,43.41898203484607
base_02,sarimax,2018-05-06 18:00:00,2018-05-06 19:00:00,3041.0,3776.28437854185,2018-05-06 18:00:00,-735.28437854185
base_02,sarimax,2018-05-06 19:00:00,2018-05-06 20:00:00,2658.0,3048.6797556796246,2018-05-06 19:00:00,-390.6797556796246
base_02,sarimax,2018-05-06 20:00:00,2018-05-06 21:00:00,2350.0,2698.088538351655,2018-05-06 20:00:00,-348.0885383516552
base_02,sarimax,2018-05-06 21:00:00,2018-05-06 22:00:00,1717.0,2292.4525087598095,2018-05-06 21:00:00,-575.4525087598095
base_02,sarimax,2018-05-06 22:00:00,2018-05-06 23:00:00,1248.0,1742.2581864967558,2018-05-06 22:00:00,-494.2581864967558
base_02,sarimax,2018-05-06 23:00:00,2018-05-07 00:00:00,597.0,1275.9593453287566,2018-05-06 23:00:00,-678.9593453287566
base_02,sarimax,2018-05-07 00:00:00,2018-05-07 01:00:00,353.0,612.1121199430415,2018-05-07 00:00:00,-259.11211994304153
base_02,sarimax,2018-05-07 01:00:00,2018-05-07 02:00:00,244.0,403.0670717720301,2018-05-07 01:00:00,-159.0670717720301
base_02,sarimax,2018-05-07 02:00:00,2018-05-07 03:00:00,326.0,274.7919436274185,2018-05-07 02:00:00,51.208056372581495
base_02,sarimax,2018-05-07 03:00:00,2018-05-07 04:00:00,875.0,380.95818206306967,2018-05-07 03:00:00,494.04181793693033
base_02,sarimax,2018-05-07 04:00:00,2018-05-07 05:00:00,2729.0,886.5441644701474,2018-05-07 04:00:00,1842.4558355298527
base_02,sarimax,2018-05-07 05:00:00,2018-05-07 06:00:00,5780.0,2732.7428648739055,2018-05-07 05:00:00,3047.2571351260945
base_02,sarimax,2018-05-07 06:00:00,2018-05-07 07:00:00,6339.0,5767.684523360472,2018-05-07 06:00:00,571.3154766395282
base_02,sarimax,2018-05-07 07:00:00,2018-05-07 08:00:00,5793.0,6283.330670850414,2018-05-07 07:00:00,-490.3306708504142
base_02,sarimax,2018-05-07 08:00:00,2018-05-07 09:00:00,4932.0,5651.227623310395,2018-05-07 08:00:00,-719.2276233103948
base_02,sarimax,2018-05-07 09:00:00,2018-05-07 10:00:00,4369.0,4663.469891362547,2018-05-07 09:00:00,-294.46989136254706
base_02,sarimax,2018-05-07 10:00:00,2018-05-07 11:00:00,4608.0,4366.784532964054,2018-05-07 10:00:00,241.21546703594595
base_02,sarimax,2018-05-07 11:00:00,2018-05-07 12:00:00,4792.0,4695.321801274339,2018-05-07 11:00:00,96.67819872566088
base_02,sarimax,2018-05-07 12:00:00,2018-05-07 13:00:00,4815.0,4929.761357809513,2018-05-07 12:00:00,-114.76135780951336
base_02,sarimax,2018-05-07 13:00:00,2018-05-07 14:00:00,4969.0,4893.881719229026,2018-05-07 13:00:00,75.1182807709738
base_02,sarimax,2018-05-07 14:00:00,2018-05-07 15:00:00,5799.0,4982.816790596333,2018-05-07 14:00:00,816.1832094036672
base_02,sarimax,2018-05-07 15:00:00,2018-05-07 16:00:00,6663.0,5803.473662872726,2018-05-07 15:00:00,859.526337127274
base_02,sarimax,2018-05-07 16:00:00,2018-05-07 17:00:00,6197.0,6666.375630523663,2018-05-07 16:00:00,-469.37563052366295
base_02,sarimax,2018-05-07 17:00:00,2018-05-07 18:00:00,4502.0,6180.480166603983,2018-05-07 17:00:00,-1678.480166603983
base_02,sarimax,2018-05-07 18:00:00,2018-05-07 19:00:00,3292.0,4419.650843695747,2018-05-07 18:00:00,-1127.6508436957474
base_02,sarimax,2018-05-07 19:00:00,2018-05-07 20:00:00,2791.0,3198.032089714512,2018-05-07 19:00:00,-407.03208971451204
base_02,sarimax,2018-05-07 20:00:00,2018-05-07 21:00:00,2494.0,2823.827710513411,2018-05-07 20:00:00,-329.82771051341115
base_02,sarimax,2018-05-07 21:00:00,2018-05-07 22:00:00,1591.0,2612.6048992457136,2018-05-07 21:00:00,-1021.6048992457136
base_02,sarimax,2018-05-07 22:00:00,2018-05-07 23:00:00,1010.0,1663.6898054042788,2018-05-07 22:00:00,-653.6898054042788
base_02,sarimax,2018-05-07 23:00:00,2018-05-08 00:00:00,585.0,1060.3047469462067,2018-05-07 23:00:00,-475.3047469462067
base_02,sarimax,2018-05-08 00:00:00,2018-05-08 01:00:00,356.0,596.5583676404533,2018-05-08 00:00:00,-240.5583676404533
base_02,sarimax,2018-05-08 01:00:00,2018-05-08 02:00:00,264.0,425.54915012216134,2018-05-08 01:00:00,-161.54915012216134
base_02,sarimax,2018-05-08 02:00:00,2018-05-08 03:00:00,331.0,293.2378734781716,2018-05-08 02:00:00,37.76212652182841
base_02,sarimax,2018-05-08 03:00:00,2018-05-08 04:00:00,868.0,376.88859161886194,2018-05-08 03:00:00,491.11140838113806
base_02,sarimax,2018-05-08 04:00:00,2018-05-08 05:00:00,2849.0,894.2965710299234,2018-05-08 04:00:00,1954.7034289700766
base_02,sarimax,2018-05-08 05:00:00,2018-05-08 06:00:00,5958.0,2852.539175259333,2018-05-08 05:00:00,3105.460824740667
base_02,sarimax,2018-05-08 06:00:00,2018-05-08 07:00:00,6651.0,5928.673467513024,2018-05-08 06:00:00,722.3265324869762
base_02,sarimax,2018-05-08 07:00:00,2018-05-08 08:00:00,6203.0,6583.762215767521,2018-05-08 07:00:00,-380.7622157675214
base_02,sarimax,2018-05-08 08:00:00,2018-05-08 09:00:00,5428.0,6009.984538714718,2018-05-08 08:00:00,-581.9845387147179
base_02,sarimax,2018-05-08 09:00:00,2018-05-08 10:00:00,4500.0,5144.126257513945,2018-05-08 09:00:00,-644.1262575139453
base_02,sarimax,2018-05-08 10:00:00,2018-05-08 11:00:00,4614.0,4443.816076029476,2018-05-08 10:00:00,170.18392397052412
base_02,sarimax,2018-05-08 11:00:00,2018-05-08 12:00:00,4601.0,4661.1889318080675,2018-05-08 11:00:00,-60.18893180806754
base_02,sarimax,2018-05-08 12:00:00,2018-05-08 13:00:00,4583.0,4670.067387269954,2018-05-08 12:00:00,-87.06738726995445
base_02,sarimax,2018-05-08 13:00:00,2018-05-08 14:00:00,5196.0,4650.707677029002,2018-05-08 13:00:00,545.2923229709977
base_02,sarimax,2018-05-08 14:00:00,2018-05-08 15:00:00,5855.0,5179.405952534149,2018-05-08 14:00:00,675.594047465851
base_02,sarimax,2018-05-08 15:00:00,2018-05-08 16:00:00,6578.0,5861.88687950725,2018-05-08 15:00:00,716.1131204927497
base_02,sarimax,2018-05-08 16:00:00,2018-05-08 17:00:00,6279.0,6586.541837778524,2018-05-08 16:00:00,-307.5418377785236
base_02,sarimax,2018-05-08 17:00:00,2018-05-08 18:00:00,4545.0,6217.581097225218,2018-05-08 17:00:00,-1672.5810972252184
base_02,sarimax,2018-05-08 18:00:00,2018-05-08 19:00:00,3274.0,4457.6367447645825,2018-05-08 18:00:00,-1183.6367447645825
base_02,sarimax,2018-05-08 19:00:00,2018-05-08 20:00:00,3044.0,3181.489308063468,2018-05-08 19:00:00,-137.4893080634679
base_02,sarimax,2018-05-08 20:00:00,2018-05-08 21:00:00,2334.0,3064.7946380849507,2018-05-08 20:00:00,-730.7946380849507
base_02,sarimax,2018-05-08 21:00:00,2018-05-08 22:00:00,1513.0,2503.223246924902,2018-05-08 21:00:00,-990.223246924902
base_02,sarimax,2018-05-08 22:00:00,2018-05-08 23:00:00,1027.0,1641.2229302796056,2018-05-08 22:00:00,-614.2229302796056
base_02,sarimax,2018-05-08 23:00:00,2018-05-09 00:00:00,516.0,1044.419685795497,2018-05-08 23:00:00,-528.4196857954969
base_02,sarimax,2018-05-09 00:00:00,2018-05-09 01:00:00,319.0,588.5882418004991,2018-05-09 00:00:00,-269.5882418004991
base_02,sarimax,2018-05-09 01:00:00,2018-05-09 02:00:00,261.0,383.14586006615485,2018-05-09 01:00:00,-122.14586006615485
base_02,sarimax,2018-05-09 02:00:00,2018-05-09 03:00:00,340.0,304.6915173426321,2018-05-09 02:00:00,35.308482657367904
base_02,sarimax,2018-05-09 03:00:00,2018-05-09 04:00:00,885.0,367.43740899148065,2018-05-09 03:00:00,517.5625910085193
base_02,sarimax,2018-05-09 04:00:00,2018-05-09 05:00:00,2881.0,906.9941356055401,2018-05-09 04:00:00,1974.0058643944599
base_02,sarimax,2018-05-09 05:00:00,2018-05-09 06:00:00,6008.0,2863.095779170846,2018-05-09 05:00:00,3144.904220829154
base_02,sarimax,2018-05-09 06:00:00,2018-05-09 07:00:00,6523.0,5988.768295200641,2018-05-09 06:00:00,534.2317047993592
base_02,sarimax,2018-05-09 07:00:00,2018-05-09 08:00:00,6254.0,6460.957389399448,2018-05-09 07:00:00,-206.9573893994484
base_02,sarimax,2018-05-09 08:00:00,2018-05-09 09:00:00,5210.0,6058.17071647149,2018-05-09 08:00:00,-848.1707164714899
base_02,sarimax,2018-05-09 09:00:00,2018-05-09 10:00:00,4720.0,4897.454184287493,2018-05-09 09:00:00,-177.45418428749326
base_02,sarimax,2018-05-09 10:00:00,2018-05-09 11:00:00,4693.0,4676.847174625632,2018-05-09 10:00:00,16.15282537436815
base_02,sarimax,2018-05-09 11:00:00,2018-05-09 12:00:00,4840.0,4742.761941422381,2018-05-09 11:00:00,97.23805857761909
base_02,sarimax,2018-05-09 12:00:00,2018-05-09 13:00:00,4933.0,4961.169085202595,2018-05-09 12:00:00,-28.169085202594943
base_02,sarimax,2018-05-09 13:00:00,2018-05-09 14:00:00,5109.0,4990.657843047388,2018-05-09 13:00:00,118.34215695261173
base_02,sarimax,2018-05-09 14:00:00,2018-05-09 15:00:00,6159.0,5117.724234052924,2018-05-09 14:00:00,1041.2757659470763
base_02,sarimax,2018-05-09 15:00:00,2018-05-09 16:00:00,6844.0,6142.580720726151,2018-05-09 15:00:00,701.4192792738486
base_02,sarimax,2018-05-09 16:00:00,2018-05-09 17:00:00,6436.0,6837.2626139513995,2018-05-09 16:00:00,-401.26261395139954
base_02,sarimax,2018-05-09 17:00:00,2018-05-09 18:00:00,4768.0,6423.775182785884,2018-05-09 17:00:00,-1655.7751827858838
base_02,sarimax,2018-05-09 18:00:00,2018-05-09 19:00:00,3511.0,4673.110099474556,2018-05-09 18:00:00,-1162.1100994745557
base_02,sarimax,2018-05-09 19:00:00,2018-05-09 20:00:00,3287.0,3449.5750276665094,2018-05-09 19:00:00,-162.5750276665094
base_02,sarimax,2018-05-09 20:00:00,2018-05-09 21:00:00,2734.0,3336.6722189026227,2018-05-09 20:00:00,-602.6722189026227
base_02,sarimax,2018-05-09 21:00:00,2018-05-09 22:00:00,1736.0,2880.4268858401874,2018-05-09 21:00:00,-1144.4268858401874
base_02,sarimax,2018-05-09 22:00:00,2018-05-09 23:00:00,1466.0,1833.010952970194,2018-05-09 22:00:00,-367.010952970194
base_02,sarimax,2018-05-09 23:00:00,2018-05-10 00:00:00,633.0,1464.9785244628413,2018-05-09 23:00:00,-831.9785244628413
base_02,sarimax,2018-05-10 00:00:00,2018-05-10 01:00:00,364.0,676.4098129668103,2018-05-10 00:00:00,-312.40981296681025
base_02,sarimax,2018-05-10 01:00:00,2018-05-10 02:00:00,270.0,466.8098593911897,2018-05-10 01:00:00,-196.80985939118972
base_02,sarimax,2018-05-10 02:00:00,2018-05-10 03:00:00,374.0,259.77710798169414,2018-05-10 02:00:00,114.22289201830586
base_02,sarimax,2018-05-10 03:00:00,2018-05-10 04:00:00,928.0,468.27833148427544,2018-05-10 03:00:00,459.72166851572456
base_02,sarimax,2018-05-10 04:00:00,2018-05-10 05:00:00,2881.0,945.655181110678,2018-05-10 04:00:00,1935.3448188893221
base_02,sarimax,2018-05-10 05:00:00,2018-05-10 06:00:00,5840.0,2866.124172450377,2018-05-10 05:00:00,2973.875827549623
base_02,sarimax,2018-05-10 06:00:00,2018-05-10 07:00:00,6197.0,5793.42502899531,2018-05-10 06:00:00,403.57497100469027
base_02,sarimax,2018-05-10 07:00:00,2018-05-10 08:00:00,5690.0,6116.78504645177,2018-05-10 07:00:00,-426.78504645176963
base_02,sarimax,2018-05-10 08:00:00,2018-05-10 09:00:00,5568.0,5486.844549241035,2018-05-10 08:00:00,81.15545075896534
base_02,sarimax,2018-05-10 09:00:00,2018-05-10 10:00:00,4691.0,5278.165379459403,2018-05-10 09:00:00,-587.1653794594031
base_02,sarimax,2018-05-10 10:00:00,2018-05-10 11:00:00,5120.0,4677.948572194942,2018-05-10 10:00:00,442.05142780505776
base_02,sarimax,2018-05-10 11:00:00,2018-05-10 12:00:00,5268.0,5199.768851033116,2018-05-10 11:00:00,68.23114896688367
base_02,sarimax,2018-05-10 12:00:00,2018-05-10 13:00:00,5140.0,5297.7747870259645,2018-05-10 12:00:00,-157.77478702596454
base_02,sarimax,2018-05-10 13:00:00,2018-05-10 14:00:00,5599.0,5258.15185349198,2018-05-10 13:00:00,340.84814650802036
base_02,sarimax,2018-05-10 14:00:00,2018-05-10 15:00:00,6364.0,5573.896339019891,2018-05-10 14:00:00,790.1036609801095
base_02,sarimax,2018-05-10 15:00:00,2018-05-10 16:00:00,7074.0,6363.905012669385,2018-05-10 15:00:00,710.0949873306154
base_02,sarimax,2018-05-10 16:00:00,2018-05-10 17:00:00,6722.0,7101.38891766801,2018-05-10 16:00:00,-379.38891766801044
base_02,sarimax,2018-05-10 17:00:00,2018-05-10 18:00:00,5110.0,6666.89267424848,2018-05-10 17:00:00,-1556.89267424848
base_02,sarimax,2018-05-10 18:00:00,2018-05-10 19:00:00,3824.0,5038.890449791784,2018-05-10 18:00:00,-1214.8904497917838
base_02,sarimax,2018-05-10 19:00:00,2018-05-10 20:00:00,3310.0,3742.8311490412825,2018-05-10 19:00:00,-432.8311490412825
base_02,sarimax,2018-05-10 20:00:00,2018-05-10 21:00:00,2906.0,3338.8815142011263,2018-05-10 20:00:00,-432.88151420112627
base_02,sarimax,2018-05-10 21:00:00,2018-05-10 22:00:00,2014.0,3054.5173825578663,2018-05-10 21:00:00,-1040.5173825578663
base_02,sarimax,2018-05-10 22:00:00,2018-05-10 23:00:00,1287.0,2130.585476035257,2018-05-10 22:00:00,-843.5854760352572
base_02,sarimax,2018-05-10 23:00:00,2018-05-11 00:00:00,660.0,1328.1691240383354,2018-05-10 23:00:00,-668.1691240383354
base_02,sarimax,2018-05-11 00:00:00,2018-05-11 01:00:00,379.0,691.2356620117927,2018-05-11 00:00:00,-312.23566201179267
base_02,sarimax,2018-05-11 01:00:00,2018-05-11 02:00:00,302.0,449.0377645802393,2018-05-11 01:00:00,-147.0377645802393
base_02,sarimax,2018-05-11 02:00:00,2018-05-11 03:00:00,342.0,373.530413469439,2018-05-11 02:00:00,-31.530413469438997
base_02,sarimax,2018-05-11 03:00:00,2018-05-11 04:00:00,814.0,397.1853731052578,2018-05-11 03:00:00,416.8146268947422
base_02,sarimax,2018-05-11 04:00:00,2018-05-11 05:00:00,2640.0,835.5192446260116,2018-05-11 04:00:00,1804.4807553739884
base_02,sarimax,2018-05-11 05:00:00,2018-05-11 06:00:00,5561.0,2629.8441271157612,2018-05-11 05:00:00,2931.1558728842388
base_02,sarimax,2018-05-11 06:00:00,2018-05-11 07:00:00,6472.0,5550.344466313933,2018-05-11 06:00:00,921.6555336860674
base_02,sarimax,2018-05-11 07:00:00,2018-05-11 08:00:00,5594.0,6418.860104558323,2018-05-11 07:00:00,-824.8601045583227
base_02,sarimax,2018-05-11 08:00:00,2018-05-11 09:00:00,5189.0,5406.915383599462,2018-05-11 08:00:00,-217.91538359946207
base_02,sarimax,2018-05-11 09:00:00,2018-05-11 10:00:00,4978.0,4898.72423089887,2018-05-11 09:00:00,79.27576910113021
base_02,sarimax,2018-05-11 10:00:00,2018-05-11 11:00:00,5292.0,4894.965746625652,2018-05-11 10:00:00,397.0342533743478
base_02,sarimax,2018-05-11 11:00:00,2018-05-11 12:00:00,5530.0,5386.593323851394,2018-05-11 11:00:00,143.40667614860558
base_02,sarimax,2018-05-11 12:00:00,2018-05-11 13:00:00,5323.0,5588.413695789594,2018-05-11 12:00:00,-265.4136957895944
base_02,sarimax,2018-05-11 13:00:00,2018-05-11 14:00:00,5648.0,5348.12401193886,2018-05-11 13:00:00,299.87598806113965
base_02,sarimax,2018-05-11 14:00:00,2018-05-11 15:00:00,6354.0,5619.544547216932,2018-05-11 14:00:00,734.4554527830678
base_02,sarimax,2018-05-11 15:00:00,2018-05-11 16:00:00,6858.0,6326.50280937294,2018-05-11 15:00:00,531.4971906270603
base_02,sarimax,2018-05-11 16:00:00,2018-05-11 17:00:00,5773.0,6876.984544766843,2018-05-11 16:00:00,-1103.984544766843
base_02,sarimax,2018-05-11 17:00:00,2018-05-11 18:00:00,5138.0,5746.886305914301,2018-05-11 17:00:00,-608.8863059143014
base_02,sarimax,2018-05-11 18:00:00,2018-05-11 19:00:00,3863.0,5075.877962245128,2018-05-11 18:00:00,-1212.8779622451284
base_02,sarimax,2018-05-11 19:00:00,2018-05-11 20:00:00,3108.0,3813.834900251453,2018-05-11 19:00:00,-705.8349002514528
base_02,sarimax,2018-05-11 20:00:00,2018-05-11 21:00:00,3134.0,3215.790795807024,2018-05-11 20:00:00,-81.7907958070241
base_02,sarimax,2018-05-11 21:00:00,2018-05-11 22:00:00,2436.0,3200.78866360152,2018-05-11 21:00:00,-764.78866360152
base_02,sarimax,2018-05-11 22:00:00,2018-05-11 23:00:00,1740.0,2564.589136001827,2018-05-11 22:00:00,-824.5891360018268
base_02,sarimax,2018-05-11 23:00:00,2018-05-12 00:00:00,1107.0,1807.4633844090865,2018-05-11 23:00:00,-700.4633844090865
base_02,sarimax,2018-05-12 00:00:00,2018-05-12 01:00:00,642.0,1100.1569526621493,2018-05-12 00:00:00,-458.15695266214925
base_02,sarimax,2018-05-12 01:00:00,2018-05-12 02:00:00,427.0,712.0633722388835,2018-05-12 01:00:00,-285.0633722388835
base_02,sarimax,2018-05-12 02:00:00,2018-05-12 03:00:00,482.0,479.653496824238,2018-05-12 02:00:00,2.3465031757619954
base_02,sarimax,2018-05-12 03:00:00,2018-05-12 04:00:00,440.0,529.0421822652679,2018-05-12 03:00:00,-89.04218226526791
base_02,sarimax,2018-05-12 04:00:00,2018-05-12 05:00:00,809.0,464.8316861255327,2018-05-12 04:00:00,344.1683138744673
base_02,sarimax,2018-05-12 05:00:00,2018-05-12 06:00:00,1428.0,829.2621841914107,2018-05-12 05:00:00,598.7378158085893
base_02,sarimax,2018-05-12 06:00:00,2018-05-12 07:00:00,2113.0,1417.7898097208551,2018-05-12 06:00:00,695.2101902791449
base_02,sarimax,2018-05-12 07:00:00,2018-05-12 08:00:00,3110.0,2108.561861244408,2018-05-12 07:00:00,1001.4381387555918
base_02,sarimax,2018-05-12 08:00:00,2018-05-12 09:00:00,3792.0,3097.5690906596787,2018-05-12 08:00:00,694.4309093403213
base_02,sarimax,2018-05-12 09:00:00,2018-05-12 10:00:00,4455.0,3756.1523999517003,2018-05-12 09:00:00,698.8476000482997
base_02,sarimax,2018-05-12 10:00:00,2018-05-12 11:00:00,4818.0,4431.452155675024,2018-05-12 10:00:00,386.5478443249758
base_02,sarimax,2018-05-12 11:00:00,2018-05-12 12:00:00,5167.0,4743.593242708721,2018-05-12 11:00:00,423.40675729127906
base_02,sarimax,2018-05-12 12:00:00,2018-05-12 13:00:00,4769.0,5129.286766141031,2018-05-12 12:00:00,-360.28676614103097
base_02,sarimax,2018-05-12 13:00:00,2018-05-12 14:00:00,4631.0,4719.344970381542,2018-05-12 13:00:00,-88.34497038154223
base_02,sarimax,2018-05-12 14:00:00,2018-05-12 15:00:00,4283.0,4609.834830603053,2018-05-12 14:00:00,-326.834830603053
base_02,sarimax,2018-05-12 15:00:00,2018-05-12 16:00:00,4148.0,4253.355698775166,2018-05-12 15:00:00,-105.35569877516627
base_02,sarimax,2018-05-12 16:00:00,2018-05-12 17:00:00,3972.0,4185.761139085419,2018-05-12 16:00:00,-213.76113908541902
base_02,sarimax,2018-05-12 17:00:00,2018-05-12 18:00:00,3736.0,3990.386470656421,2018-05-12 17:00:00,-254.3864706564209
base_02,sarimax,2018-05-12 18:00:00,2018-05-12 19:00:00,3060.0,3764.4719534486026,2018-05-12 18:00:00,-704.4719534486026
base_02,sarimax,2018-05-12 19:00:00,2018-05-12 20:00:00,2718.0,3058.863682142198,2018-05-12 19:00:00,-340.86368214219783
base_02,sarimax,2018-05-12 20:00:00,2018-05-12 21:00:00,2727.0,2707.8204200155374,2018-05-12 20:00:00,19.179579984462634
base_02,sarimax,2018-05-12 21:00:00,2018-05-12 22:00:00,2527.0,2737.896108124148,2018-05-12 21:00:00,-210.8961081241482
base_02,sarimax,2018-05-12 22:00:00,2018-05-12 23:00:00,2033.0,2584.641841580105,2018-05-12 22:00:00,-551.6418415801049
base_02,sarimax,2018-05-12 23:00:00,2018-05-13 00:00:00,1191.0,2038.4178360338444,2018-05-12 23:00:00,-847.4178360338444
base_02,sarimax,2018-05-13 00:00:00,2018-05-13 01:00:00,756.0,1156.5789766710568,2018-05-13 00:00:00,-400.5789766710568
base_02,sarimax,2018-05-13 01:00:00,2018-05-13 02:00:00,622.0,739.2690676822409,2018-05-13 01:00:00,-117.26906768224092
base_02,sarimax,2018-05-13 02:00:00,2018-05-13 03:00:00,353.0,657.4797837453007,2018-05-13 02:00:00,-304.47978374530067
base_02,sarimax,2018-05-13 03:00:00,2018-05-13 04:00:00,342.0,425.5534123242594,2018-05-13 03:00:00,-83.5534123242594
base_02,sarimax,2018-05-13 04:00:00,2018-05-13 05:00:00,460.0,375.8481521745308,2018-05-13 04:00:00,84.15184782546919
base_02,sarimax,2018-05-13 05:00:00,2018-05-13 06:00:00,868.0,452.04257209476214,2018-05-13 05:00:00,415.95742790523786
base_02,sarimax,2018-05-13 06:00:00,2018-05-13 07:00:00,1304.0,890.9189042492151,2018-05-13 06:00:00,413.0810957507849
base_02,sarimax,2018-05-13 07:00:00,2018-05-13 08:00:00,1965.0,1320.074788496303,2018-05-13 07:00:00,644.925211503697
base_02,sarimax,2018-05-13 08:00:00,2018-05-13 09:00:00,3117.0,2012.7980284044609,2018-05-13 08:00:00,1104.2019715955391
base_02,sarimax,2018-05-13 09:00:00,2018-05-13 10:00:00,3725.0,3125.928175641316,2018-05-13 09:00:00,599.0718243586839
base_02,sarimax,2018-05-13 10:00:00,2018-05-13 11:00:00,3983.0,3709.516069792448,2018-05-13 10:00:00,273.483930207552
base_02,sarimax,2018-05-13 11:00:00,2018-05-13 12:00:00,4088.0,3954.333455982334,2018-05-13 11:00:00,133.66654401766618
base_02,sarimax,2018-05-13 12:00:00,2018-05-13 13:00:00,4184.0,4009.657743745447,2018-05-13 12:00:00,174.34225625455292
base_02,sarimax,2018-05-13 13:00:00,2018-05-13 14:00:00,4091.0,4149.790825788734,2018-05-13 13:00:00,-58.790825788733855
base_02,sarimax,2018-05-13 14:00:00,2018-05-13 15:00:00,4072.0,4092.3128960655213,2018-05-13 14:00:00,-20.312896065521272
base_02,sarimax,2018-05-13 15:00:00,2018-05-13 16:00:00,4169.0,4094.621178344862,2018-05-13 15:00:00,74.37882165513793
base_02,sarimax,2018-05-13 16:00:00,2018-05-13 17:00:00,3827.0,4177.837584342387,2018-05-13 16:00:00,-350.83758434238734
base_02,sarimax,2018-05-13 17:00:00,2018-05-13 18:00:00,3555.0,3847.2033789474635,2018-05-13 17:00:00,-292.20337894746353
base_02,sarimax,2018-05-13 18:00:00,2018-05-13 19:00:00,3256.0,3567.6732660076113,2018-05-13 18:00:00,-311.67326600761135
base_02,sarimax,2018-05-13 19:00:00,2018-05-13 20:00:00,3049.0,3256.7443245343807,2018-05-13 19:00:00,-207.74432453438067
base_02,sarimax,2018-05-13 20:00:00,2018-05-13 21:00:00,2586.0,3065.7084476434593,2018-05-13 20:00:00,-479.7084476434593
base_02,sarimax,2018-05-13 21:00:00,2018-05-13 22:00:00,1759.0,2575.2953739279214,2018-05-13 21:00:00,-816.2953739279214
base_02,sarimax,2018-05-13 22:00:00,2018-05-13 23:00:00,1077.0,1758.8481715939806,2018-05-13 22:00:00,-681.8481715939806
base_02,sarimax,2018-05-13 23:00:00,2018-05-14 00:00:00,598.0,1083.8338361103258,2018-05-13 23:00:00,-485.8338361103258
base_02,sarimax,2018-05-14 00:00:00,2018-05-14 01:00:00,366.0,628.1623117297635,2018-05-14 00:00:00,-262.1623117297635
base_02,sarimax,2018-05-14 01:00:00,2018-05-14 02:00:00,243.0,435.225367540512,2018-05-14 01:00:00,-192.22536754051202
base_02,sarimax,2018-05-14 02:00:00,2018-05-14 03:00:00,308.0,294.11235629869145,2018-05-14 02:00:00,13.887643701308548
base_02,sarimax,2018-05-14 03:00:00,2018-05-14 04:00:00,875.0,346.9261020303477,2018-05-14 03:00:00,528.0738979696523
base_02,sarimax,2018-05-14 04:00:00,2018-05-14 05:00:00,2816.0,891.4623775862283,2018-05-14 04:00:00,1924.5376224137717
base_02,sarimax,2018-05-14 05:00:00,2018-05-14 06:00:00,5792.0,2802.7538825838997,2018-05-14 05:00:00,2989.2461174161003
base_02,sarimax,2018-05-14 06:00:00,2018-05-14 07:00:00,6559.0,5770.701300593192,2018-05-14 06:00:00,788.2986994068078
base_02,sarimax,2018-05-14 07:00:00,2018-05-14 08:00:00,5870.0,6504.763313130045,2018-05-14 07:00:00,-634.7633131300454
base_02,sarimax,2018-05-14 08:00:00,2018-05-14 09:00:00,5052.0,5705.889047185614,2018-05-14 08:00:00,-653.8890471856139
base_02,sarimax,2018-05-14 09:00:00,2018-05-14 10:00:00,4392.0,4777.620983989928,2018-05-14 09:00:00,-385.6209839899284
base_02,sarimax,2018-05-14 10:00:00,2018-05-14 11:00:00,4573.0,4348.666512981333,2018-05-14 10:00:00,224.33348701866726
base_02,sarimax,2018-05-14 11:00:00,2018-05-14 12:00:00,4794.0,4684.906097903458,2018-05-14 11:00:00,109.09390209654157
base_02,sarimax,2018-05-14 12:00:00,2018-05-14 13:00:00,4831.0,4924.12100354089,2018-05-14 12:00:00,-93.12100354089034
base_02,sarimax,2018-05-14 13:00:00,2018-05-14 14:00:00,5025.0,4923.6005271809445,2018-05-14 13:00:00,101.39947281905552
base_02,sarimax,2018-05-14 14:00:00,2018-05-14 15:00:00,5598.0,5013.157365976206,2018-05-14 14:00:00,584.8426340237938
base_02,sarimax,2018-05-14 15:00:00,2018-05-14 16:00:00,6463.0,5574.142722870514,2018-05-14 15:00:00,888.8572771294857
base_02,sarimax,2018-05-14 16:00:00,2018-05-14 17:00:00,5971.0,6441.715110810339,2018-05-14 16:00:00,-470.71511081033896
base_02,sarimax,2018-05-14 17:00:00,2018-05-14 18:00:00,4545.0,5919.589642928692,2018-05-14 17:00:00,-1374.5896429286922
base_02,sarimax,2018-05-14 18:00:00,2018-05-14 19:00:00,3113.0,4444.701062536119,2018-05-14 18:00:00,-1331.701062536119
base_02,sarimax,2018-05-14 19:00:00,2018-05-14 20:00:00,2681.0,3012.692956255987,2018-05-14 19:00:00,-331.69295625598716
base_02,sarimax,2018-05-14 20:00:00,2018-05-14 21:00:00,2293.0,2722.38805044119,2018-05-14 20:00:00,-429.38805044119
base_02,sarimax,2018-05-14 21:00:00,2018-05-14 22:00:00,2107.0,2427.4400970744296,2018-05-14 21:00:00,-320.44009707442956
base_02,sarimax,2018-05-14 22:00:00,2018-05-14 23:00:00,1022.0,2243.7373166092457,2018-05-14 22:00:00,-1221.7373166092457
base_02,sarimax,2018-05-14 23:00:00,2018-05-15 00:00:00,555.0,1063.5883593637118,2018-05-14 23:00:00,-508.5883593637118
base_02,sarimax,2018-05-15 00:00:00,2018-05-15 01:00:00,309.0,582.1978215383801,2018-05-15 00:00:00,-273.19782153838014
base_02,sarimax,2018-05-15 01:00:00,2018-05-15 02:00:00,248.0,310.1641723362946,2018-05-15 01:00:00,-62.1641723362946
base_02,sarimax,2018-05-15 02:00:00,2018-05-15 03:00:00,349.0,342.39901531056285,2018-05-15 02:00:00,6.600984689437155
base_02,sarimax,2018-05-15 03:00:00,2018-05-15 04:00:00,934.0,381.2797120681749,2018-05-15 03:00:00,552.7202879318252
base_02,sarimax,2018-05-15 04:00:00,2018-05-15 05:00:00,3020.0,946.7664157937476,2018-05-15 04:00:00,2073.2335842062525
base_02,sarimax,2018-05-15 05:00:00,2018-05-15 06:00:00,5914.0,3011.9673543704844,2018-05-15 05:00:00,2902.0326456295156
base_02,sarimax,2018-05-15 06:00:00,2018-05-15 07:00:00,6264.0,5889.740542516504,2018-05-15 06:00:00,374.2594574834957
base_02,sarimax,2018-05-15 07:00:00,2018-05-15 08:00:00,5433.0,6200.9301054035,2018-05-15 07:00:00,-767.9301054035004
base_02,sarimax,2018-05-15 08:00:00,2018-05-15 09:00:00,5399.0,5249.482815739682,2018-05-15 08:00:00,149.51718426031766
base_02,sarimax,2018-05-15 09:00:00,2018-05-15 10:00:00,4528.0,5138.897075951171,2018-05-15 09:00:00,-610.8970759511712
base_02,sarimax,2018-05-15 10:00:00,2018-05-15 11:00:00,4808.0,4529.69417868453,2018-05-15 10:00:00,278.30582131547
base_02,sarimax,2018-05-15 11:00:00,2018-05-15 12:00:00,4967.0,4919.345133373236,2018-05-15 11:00:00,47.65486662676358
base_02,sarimax,2018-05-15 12:00:00,2018-05-15 13:00:00,5017.0,4998.453177928476,2018-05-15 12:00:00,18.54682207152382
base_02,sarimax,2018-05-15 13:00:00,2018-05-15 14:00:00,5380.0,5138.328999940119,2018-05-15 13:00:00,241.6710000598814
base_02,sarimax,2018-05-15 14:00:00,2018-05-15 15:00:00,6033.0,5376.270927162226,2018-05-15 14:00:00,656.7290728377739
base_02,sarimax,2018-05-15 15:00:00,2018-05-15 16:00:00,6888.0,6036.488845644214,2018-05-15 15:00:00,851.511154355786
base_02,sarimax,2018-05-15 16:00:00,2018-05-15 17:00:00,6548.0,6897.364213711395,2018-05-15 16:00:00,-349.36421371139477
base_02,sarimax,2018-05-15 17:00:00,2018-05-15 18:00:00,4953.0,6530.646720334362,2018-05-15 17:00:00,-1577.6467203343618
base_02,sarimax,2018-05-15 18:00:00,2018-05-15 19:00:00,3602.0,4895.435121376544,2018-05-15 18:00:00,-1293.435121376544
base_02,sarimax,2018-05-15 19:00:00,2018-05-15 20:00:00,3050.0,3511.8256816894213,2018-05-15 19:00:00,-461.82568168942134
base_02,sarimax,2018-05-15 20:00:00,2018-05-15 21:00:00,2773.0,3069.5564500408873,2018-05-15 20:00:00,-296.5564500408873
base_02,sarimax,2018-05-15 21:00:00,2018-05-15 22:00:00,3335.0,2880.1074324835636,2018-05-15 21:00:00,454.89256751643643
base_02,sarimax,2018-05-15 22:00:00,2018-05-15 23:00:00,2286.0,3396.2600363073298,2018-05-15 22:00:00,-1110.2600363073298
base_02,sarimax,2018-05-15 23:00:00,2018-05-16 00:00:00,720.0,2305.576207143303,2018-05-15 23:00:00,-1585.5762071433028
base_02,sarimax,2018-05-16 00:00:00,2018-05-16 01:00:00,442.0,711.5902451616525,2018-05-16 00:00:00,-269.59024516165255
base_02,sarimax,2018-05-16 01:00:00,2018-05-16 02:00:00,352.0,360.45657509603484,2018-05-16 01:00:00,-8.45657509603484
base_02,sarimax,2018-05-16 02:00:00,2018-05-16 03:00:00,367.0,459.6818388056365,2018-05-16 02:00:00,-92.68183880563652
base_02,sarimax,2018-05-16 03:00:00,2018-05-16 04:00:00,895.0,502.3711351984542,2018-05-16 03:00:00,392.6288648015458
base_02,sarimax,2018-05-16 04:00:00,2018-05-16 05:00:00,3014.0,928.642888440685,2018-05-16 04:00:00,2085.357111559315
base_02,sarimax,2018-05-16 05:00:00,2018-05-16 06:00:00,5844.0,3025.059293869302,2018-05-16 05:00:00,2818.940706130698
base_02,sarimax,2018-05-16 06:00:00,2018-05-16 07:00:00,5988.0,5843.522954415882,2018-05-16 06:00:00,144.47704558411806
base_02,sarimax,2018-05-16 07:00:00,2018-05-16 08:00:00,5293.0,5943.427291765948,2018-05-16 07:00:00,-650.4272917659482
base_02,sarimax,2018-05-16 08:00:00,2018-05-16 09:00:00,5122.0,5143.600068414703,2018-05-16 08:00:00,-21.600068414702946
base_02,sarimax,2018-05-16 09:00:00,2018-05-16 10:00:00,4941.0,4902.892128048164,2018-05-16 09:00:00,38.10787195183639
base_02,sarimax,2018-05-16 10:00:00,2018-05-16 11:00:00,5110.0,4994.800452980185,2018-05-16 10:00:00,115.19954701981533
base_02,sarimax,2018-05-16 11:00:00,2018-05-16 12:00:00,5042.0,5225.696094094,2018-05-16 11:00:00,-183.69609409399982
base_02,sarimax,2018-05-16 12:00:00,2018-05-16 13:00:00,4952.0,5085.840423765476,2018-05-16 12:00:00,-133.84042376547586
base_02,sarimax,2018-05-16 13:00:00,2018-05-16 14:00:00,5286.0,5003.485539985926,2018-05-16 13:00:00,282.51446001407385
base_02,sarimax,2018-05-16 14:00:00,2018-05-16 15:00:00,5871.0,5291.971593498679,2018-05-16 14:00:00,579.0284065013211
base_02,sarimax,2018-05-16 15:00:00,2018-05-16 16:00:00,6775.0,5892.183322047694,2018-05-16 15:00:00,882.8166779523062
base_02,sarimax,2018-05-16 16:00:00,2018-05-16 17:00:00,6123.0,6795.600610898935,2018-05-16 16:00:00,-672.600610898935
base_02,sarimax,2018-05-16 17:00:00,2018-05-16 18:00:00,4717.0,6089.143508282281,2018-05-16 17:00:00,-1372.143508282281
base_02,sarimax,2018-05-16 18:00:00,2018-05-16 19:00:00,3697.0,4669.9992480049505,2018-05-16 18:00:00,-972.9992480049505
base_02,sarimax,2018-05-16 19:00:00,2018-05-16 20:00:00,3387.0,3599.280450274463,2018-05-16 19:00:00,-212.28045027446296
base_02,sarimax,2018-05-16 20:00:00,2018-05-16 21:00:00,3187.0,3432.7248617790538,2018-05-16 20:00:00,-245.72486177905375
base_02,sarimax,2018-05-16 21:00:00,2018-05-16 22:00:00,2443.0,3275.7493751378056,2018-05-16 21:00:00,-832.7493751378056
base_02,sarimax,2018-05-16 22:00:00,2018-05-16 23:00:00,2291.0,2479.108122230415,2018-05-16 22:00:00,-188.10812223041512
base_02,sarimax,2018-05-16 23:00:00,2018-05-17 00:00:00,684.0,2288.370522625711,2018-05-16 23:00:00,-1604.3705226257111
base_02,sarimax,2018-05-17 00:00:00,2018-05-17 01:00:00,495.0,704.5520690954622,2018-05-17 00:00:00,-209.55206909546223
base_02,sarimax,2018-05-17 01:00:00,2018-05-17 02:00:00,294.0,539.3886419431977,2018-05-17 01:00:00,-245.38864194319774
base_02,sarimax,2018-05-17 02:00:00,2018-05-17 03:00:00,364.0,297.15807282602344,2018-05-17 02:00:00,66.84192717397656
base_02,sarimax,2018-05-17 03:00:00,2018-05-17 04:00:00,929.0,479.55804405236927,2018-05-17 03:00:00,449.44195594763073
base_02,sarimax,2018-05-17 04:00:00,2018-05-17 05:00:00,2935.0,950.1297910280398,2018-05-17 04:00:00,1984.8702089719602
base_02,sarimax,2018-05-17 05:00:00,2018-05-17 06:00:00,5846.0,2928.6000440962785,2018-05-17 05:00:00,2917.3999559037215
base_02,sarimax,2018-05-17 06:00:00,2018-05-17 07:00:00,6323.0,5817.354841771554,2018-05-17 06:00:00,505.64515822844623
base_02,sarimax,2018-05-17 07:00:00,2018-05-17 08:00:00,5494.0,6252.769506218225,2018-05-17 07:00:00,-758.7695062182247
base_02,sarimax,2018-05-17 08:00:00,2018-05-17 09:00:00,5299.0,5307.200868785222,2018-05-17 08:00:00,-8.200868785222156
base_02,sarimax,2018-05-17 09:00:00,2018-05-17 10:00:00,4444.0,5035.397648560421,2018-05-17 09:00:00,-591.3976485604207
base_02,sarimax,2018-05-17 10:00:00,2018-05-17 11:00:00,4913.0,4431.401869624754,2018-05-17 10:00:00,481.598130375246
base_02,sarimax,2018-05-17 11:00:00,2018-05-17 12:00:00,5120.0,5048.50033022068,2018-05-17 11:00:00,71.49966977932036
base_02,sarimax,2018-05-17 12:00:00,2018-05-17 13:00:00,5096.0,5177.048553371341,2018-05-17 12:00:00,-81.04855337134086
base_02,sarimax,2018-05-17 13:00:00,2018-05-17 14:00:00,5480.0,5230.490243566195,2018-05-17 13:00:00,249.5097564338048
base_02,sarimax,2018-05-17 14:00:00,2018-05-17 15:00:00,6289.0,5461.380098645675,2018-05-17 14:00:00,827.6199013543246
base_02,sarimax,2018-05-17 15:00:00,2018-05-17 16:00:00,6594.0,6302.455932161249,2018-05-17 15:00:00,291.5440678387513
base_02,sarimax,2018-05-17 16:00:00,2018-05-17 17:00:00,6171.0,6613.180458667082,2018-05-17 16:00:00,-442.18045866708235
base_02,sarimax,2018-05-17 17:00:00,2018-05-17 18:00:00,4989.0,6141.226856707781,2018-05-17 17:00:00,-1152.2268567077808
base_02,sarimax,2018-05-17 18:00:00,2018-05-17 19:00:00,3647.0,4900.398584420655,2018-05-17 18:00:00,-1253.3985844206554
base_02,sarimax,2018-05-17 19:00:00,2018-05-17 20:00:00,3400.0,3616.8269765861687,2018-05-17 19:00:00,-216.8269765861687
base_02,sarimax,2018-05-17 20:00:00,2018-05-17 21:00:00,3238.0,3420.1694971176485,2018-05-17 20:00:00,-182.16949711764846
base_02,sarimax,2018-05-17 21:00:00,2018-05-17 22:00:00,2677.0,3326.0341168184696,2018-05-17 21:00:00,-649.0341168184696
base_02,sarimax,2018-05-17 22:00:00,2018-05-17 23:00:00,1852.0,2777.0547110966236,2018-05-17 22:00:00,-925.0547110966236
base_02,sarimax,2018-05-17 23:00:00,2018-05-18 00:00:00,736.0,1849.0576923250633,2018-05-17 23:00:00,-1113.0576923250633
base_02,sarimax,2018-05-18 00:00:00,2018-05-18 01:00:00,453.0,729.1024012261221,2018-05-18 00:00:00,-276.1024012261221
base_02,sarimax,2018-05-18 01:00:00,2018-05-18 02:00:00,365.0,483.0552837106925,2018-05-18 01:00:00,-118.05528371069249
base_02,sarimax,2018-05-18 02:00:00,2018-05-18 03:00:00,351.0,424.6972370437028,2018-05-18 02:00:00,-73.69723704370278
base_02,sarimax,2018-05-18 03:00:00,2018-05-18 04:00:00,846.0,439.952256305987,2018-05-18 03:00:00,406.047743694013
base_02,sarimax,2018-05-18 04:00:00,2018-05-18 05:00:00,2786.0,848.5133973510586,2018-05-18 04:00:00,1937.4866026489412
base_02,sarimax,2018-05-18 05:00:00,2018-05-18 06:00:00,5552.0,2766.3163539742804,2018-05-18 05:00:00,2785.6836460257196
base_02,sarimax,2018-05-18 06:00:00,2018-05-18 07:00:00,6583.0,5531.716868362815,2018-05-18 06:00:00,1051.2831316371849
base_02,sarimax,2018-05-18 07:00:00,2018-05-18 08:00:00,5321.0,6522.241637556695,2018-05-18 07:00:00,-1201.2416375566954
base_02,sarimax,2018-05-18 08:00:00,2018-05-18 09:00:00,4984.0,5138.178412596131,2018-05-18 08:00:00,-154.17841259613124
base_02,sarimax,2018-05-18 09:00:00,2018-05-18 10:00:00,4736.0,4726.790054859352,2018-05-18 09:00:00,9.209945140648415
base_02,sarimax,2018-05-18 10:00:00,2018-05-18 11:00:00,5133.0,4666.439705288612,2018-05-18 10:00:00,466.56029471138845
base_02,sarimax,2018-05-18 11:00:00,2018-05-18 12:00:00,5337.0,5314.771467664426,2018-05-18 11:00:00,22.228532335573618
base_02,sarimax,2018-05-18 12:00:00,2018-05-18 13:00:00,5316.0,5417.582433692661,2018-05-18 12:00:00,-101.58243369266074
base_02,sarimax,2018-05-18 13:00:00,2018-05-18 14:00:00,5810.0,5383.446131858426,2018-05-18 13:00:00,426.55386814157373
base_02,sarimax,2018-05-18 14:00:00,2018-05-18 15:00:00,6400.0,5805.164801524863,2018-05-18 14:00:00,594.8351984751371
base_02,sarimax,2018-05-18 15:00:00,2018-05-18 16:00:00,6496.0,6401.038623550797,2018-05-18 15:00:00,94.96137644920327
base_02,sarimax,2018-05-18 16:00:00,2018-05-18 17:00:00,6197.0,6518.925983199009,2018-05-18 16:00:00,-321.92598319900935
base_02,sarimax,2018-05-18 17:00:00,2018-05-18 18:00:00,5241.0,6150.455601787355,2018-05-18 17:00:00,-909.4556017873547
base_02,sarimax,2018-05-18 18:00:00,2018-05-18 19:00:00,3850.0,5182.708580136303,2018-05-18 18:00:00,-1332.7085801363028
base_02,sarimax,2018-05-18 19:00:00,2018-05-18 20:00:00,3441.0,3826.9775732605794,2018-05-18 19:00:00,-385.97757326057945
base_02,sarimax,2018-05-18 20:00:00,2018-05-18 21:00:00,3196.0,3448.799371350545,2018-05-18 20:00:00,-252.7993713505448
base_02,sarimax,2018-05-18 21:00:00,2018-05-18 22:00:00,2728.0,3264.4943289162243,2018-05-18 21:00:00,-536.4943289162243
base_02,sarimax,2018-05-18 22:00:00,2018-05-18 23:00:00,1797.0,2840.4864665652503,2018-05-18 22:00:00,-1043.4864665652503
base_02,sarimax,2018-05-18 23:00:00,2018-05-19 00:00:00,1420.0,1818.126408687362,2018-05-18 23:00:00,-398.1264086873621
base_02,sarimax,2018-05-19 00:00:00,2018-05-19 01:00:00,855.0,1427.869248947744,2018-05-19 00:00:00,-572.8692489477439
base_02,sarimax,2018-05-19 01:00:00,2018-05-19 02:00:00,639.0,878.1268963755936,2018-05-19 01:00:00,-239.12689637559356
base_02,sarimax,2018-05-19 02:00:00,2018-05-19 03:00:00,494.0,715.7142538016586,2018-05-19 02:00:00,-221.71425380165863
base_02,sarimax,2018-05-19 03:00:00,2018-05-19 04:00:00,477.0,521.9794761634108,2018-05-19 03:00:00,-44.97947616341082
base_02,sarimax,2018-05-19 04:00:00,2018-05-19 05:00:00,806.0,508.21557889164865,2018-05-19 04:00:00,297.78442110835135
base_02,sarimax,2018-05-19 05:00:00,2018-05-19 06:00:00,1430.0,793.5522795414774,2018-05-19 05:00:00,636.4477204585226
base_02,sarimax,2018-05-19 06:00:00,2018-05-19 07:00:00,2062.0,1435.2206959962637,2018-05-19 06:00:00,626.7793040037363
base_02,sarimax,2018-05-19 07:00:00,2018-05-19 08:00:00,3277.0,2039.5540190436104,2018-05-19 07:00:00,1237.4459809563896
base_02,sarimax,2018-05-19 08:00:00,2018-05-19 09:00:00,3569.0,3234.320518752157,2018-05-19 08:00:00,334.6794812478429
base_02,sarimax,2018-05-19 09:00:00,2018-05-19 10:00:00,3857.0,3500.495450678758,2018-05-19 09:00:00,356.50454932124194
base_02,sarimax,2018-05-19 10:00:00,2018-05-19 11:00:00,4112.0,3779.9847921606174,2018-05-19 10:00:00,332.0152078393826
base_02,sarimax,2018-05-19 11:00:00,2018-05-19 12:00:00,4259.0,3988.6794914621837,2018-05-19 11:00:00,270.3205085378163
base_02,sarimax,2018-05-19 12:00:00,2018-05-19 13:00:00,4542.0,4245.705972023398,2018-05-19 12:00:00,296.2940279766017
base_02,sarimax,2018-05-19 13:00:00,2018-05-19 14:00:00,4802.0,4525.525554617509,2018-05-19 13:00:00,276.47444538249056
base_02,sarimax,2018-05-19 14:00:00,2018-05-19 15:00:00,4598.0,4774.938113686378,2018-05-19 14:00:00,-176.93811368637762
base_02,sarimax,2018-05-19 15:00:00,2018-05-19 16:00:00,4398.0,4569.7985193184995,2018-05-19 15:00:00,-171.79851931849953
base_02,sarimax,2018-05-19 16:00:00,2018-05-19 17:00:00,4133.0,4362.206726730942,2018-05-19 16:00:00,-229.20672673094214
base_02,sarimax,2018-05-19 17:00:00,2018-05-19 18:00:00,3640.0,4103.640946046356,2018-05-19 17:00:00,-463.64094604635557
base_02,sarimax,2018-05-19 18:00:00,2018-05-19 19:00:00,2979.0,3655.5963151415626,2018-05-19 18:00:00,-676.5963151415626
base_02,sarimax,2018-05-19 19:00:00,2018-05-19 20:00:00,2706.0,2992.980364120581,2018-05-19 19:00:00,-286.9803641205808
base_02,sarimax,2018-05-19 20:00:00,2018-05-19 21:00:00,2705.0,2721.64509210482,2018-05-19 20:00:00,-16.645092104819923
base_02,sarimax,2018-05-19 21:00:00,2018-05-19 22:00:00,2714.0,2743.44246363918,2018-05-19 21:00:00,-29.442463639180005
base_02,sarimax,2018-05-19 22:00:00,2018-05-19 23:00:00,2047.0,2770.2853761673423,2018-05-19 22:00:00,-723.2853761673423
base_02,sarimax,2018-05-19 23:00:00,2018-05-20 00:00:00,1216.0,2064.6020614383733,2018-05-19 23:00:00,-848.6020614383733
base_02,sarimax,2018-05-20 00:00:00,2018-05-20 01:00:00,761.0,1201.7047055908204,2018-05-20 00:00:00,-440.70470559082037
base_02,sarimax,2018-05-20 01:00:00,2018-05-20 02:00:00,525.0,744.2106357425903,2018-05-20 01:00:00,-219.21063574259028
base_02,sarimax,2018-05-20 02:00:00,2018-05-20 03:00:00,324.0,582.3010977804767,2018-05-20 02:00:00,-258.30109778047665
base_02,sarimax,2018-05-20 03:00:00,2018-05-20 04:00:00,273.0,386.609123561375,2018-05-20 03:00:00,-113.60912356137499
base_02,sarimax,2018-05-20 04:00:00,2018-05-20 05:00:00,433.0,311.69121643797075,2018-05-20 04:00:00,121.30878356202925
base_02,sarimax,2018-05-20 05:00:00,2018-05-20 06:00:00,850.0,445.63742666472683,2018-05-20 05:00:00,404.36257333527317
base_02,sarimax,2018-05-20 06:00:00,2018-05-20 07:00:00,1242.0,861.1273994297198,2018-05-20 06:00:00,380.87260057028016
base_02,sarimax,2018-05-20 07:00:00,2018-05-20 08:00:00,1829.0,1233.8692912824424,2018-05-20 07:00:00,595.1307087175576
base_02,sarimax,2018-05-20 08:00:00,2018-05-20 09:00:00,2638.0,1828.2343654821595,2018-05-20 08:00:00,809.7656345178405
base_02,sarimax,2018-05-20 09:00:00,2018-05-20 10:00:00,3501.0,2629.794385026969,2018-05-20 09:00:00,871.2056149730311
base_02,sarimax,2018-05-20 10:00:00,2018-05-20 11:00:00,4300.0,3506.2968535498326,2018-05-20 10:00:00,793.7031464501674
base_02,sarimax,2018-05-20 11:00:00,2018-05-20 12:00:00,4661.0,4272.168249527098,2018-05-20 11:00:00,388.83175047290206
base_02,sarimax,2018-05-20 12:00:00,2018-05-20 13:00:00,3956.0,4627.006344238993,2018-05-20 12:00:00,-671.0063442389928
base_02,sarimax,2018-05-20 13:00:00,2018-05-20 14:00:00,3932.0,3901.378694403492,2018-05-20 13:00:00,30.621305596508137
base_02,sarimax,2018-05-20 14:00:00,2018-05-20 15:00:00,3920.0,3888.744898305584,2018-05-20 14:00:00,31.255101694416226
base_02,sarimax,2018-05-20 15:00:00,2018-05-20 16:00:00,3938.0,3911.5772664766237,2018-05-20 15:00:00,26.422733523376337
base_02,sarimax,2018-05-20 16:00:00,2018-05-20 17:00:00,3768.0,4039.752280186938,2018-05-20 16:00:00,-271.75228018693815
base_02,sarimax,2018-05-20 17:00:00,2018-05-20 18:00:00,3378.0,3780.9606729226316,2018-05-20 17:00:00,-402.9606729226316
base_02,sarimax,2018-05-20 18:00:00,2018-05-20 19:00:00,2842.0,3389.722455227017,2018-05-20 18:00:00,-547.7224552270168
base_02,sarimax,2018-05-20 19:00:00,2018-05-20 20:00:00,2692.0,2838.609422158348,2018-05-20 19:00:00,-146.60942215834802
base_02,sarimax,2018-05-20 20:00:00,2018-05-20 21:00:00,2194.0,2696.6402171354034,2018-05-20 20:00:00,-502.6402171354034
base_02,sarimax,2018-05-20 21:00:00,2018-05-20 22:00:00,1696.0,2191.1344123879153,2018-05-20 21:00:00,-495.1344123879153
base_02,sarimax,2018-05-20 22:00:00,2018-05-20 23:00:00,1107.0,1682.7329014567463,2018-05-20 22:00:00,-575.7329014567463
base_02,sarimax,2018-05-20 23:00:00,2018-05-21 00:00:00,652.0,1093.0995028714851,2018-05-20 23:00:00,-441.09950287148513
base_02,sarimax,2018-05-21 00:00:00,2018-05-21 01:00:00,350.0,698.7828245562879,2018-05-21 00:00:00,-348.7828245562879
base_02,sarimax,2018-05-21 01:00:00,2018-05-21 02:00:00,321.0,382.7237558548221,2018-05-21 01:00:00,-61.723755854822116
base_02,sarimax,2018-05-21 02:00:00,2018-05-21 03:00:00,333.0,380.62704654605085,2018-05-21 02:00:00,-47.62704654605085
base_02,sarimax,2018-05-21 03:00:00,2018-05-21 04:00:00,860.0,400.8556809981838,2018-05-21 03:00:00,459.1443190018162
base_02,sarimax,2018-05-21 04:00:00,2018-05-21 05:00:00,2796.0,893.7388261084118,2018-05-21 04:00:00,1902.2611738915882
base_02,sarimax,2018-05-21 05:00:00,2018-05-21 06:00:00,5721.0,2795.0131815582695,2018-05-21 05:00:00,2925.9868184417305
base_02,sarimax,2018-05-21 06:00:00,2018-05-21 07:00:00,6799.0,5710.437579718522,2018-05-21 06:00:00,1088.562420281478
base_02,sarimax,2018-05-21 07:00:00,2018-05-21 08:00:00,5726.0,6748.793358436527,2018-05-21 07:00:00,-1022.7933584365273
base_02,sarimax,2018-05-21 08:00:00,2018-05-21 09:00:00,4865.0,5536.241499276978,2018-05-21 08:00:00,-671.2414992769782
base_02,sarimax,2018-05-21 09:00:00,2018-05-21 10:00:00,4254.0,4581.2703159543435,2018-05-21 09:00:00,-327.27031595434346
base_02,sarimax,2018-05-21 10:00:00,2018-05-21 11:00:00,4454.0,4163.467458659378,2018-05-21 10:00:00,290.5325413406217
base_02,sarimax,2018-05-21 11:00:00,2018-05-21 12:00:00,4810.0,4571.720528667648,2018-05-21 11:00:00,238.27947133235193
base_02,sarimax,2018-05-21 12:00:00,2018-05-21 13:00:00,2040.0,4905.743525612046,2018-05-21 12:00:00,-2865.743525612046
base_02,sarimax,2018-05-21 13:00:00,2018-05-21 14:00:00,4224.0,2109.7415952045358,2018-05-21 13:00:00,2114.2584047954642
base_02,sarimax,2018-05-21 14:00:00,2018-05-21 15:00:00,5895.0,4219.585802776981,2018-05-21 14:00:00,1675.414197223019
base_02,sarimax,2018-05-21 15:00:00,2018-05-21 16:00:00,6968.0,5876.255867961816,2018-05-21 15:00:00,1091.744132038184
base_02,sarimax,2018-05-21 16:00:00,2018-05-21 17:00:00,6134.0,7265.050603110621,2018-05-21 16:00:00,-1131.0506031106206
base_02,sarimax,2018-05-21 17:00:00,2018-05-21 18:00:00,4586.0,5906.996888984123,2018-05-21 17:00:00,-1320.996888984123
base_02,sarimax,2018-05-21 18:00:00,2018-05-21 19:00:00,3249.0,4396.397394081124,2018-05-21 18:00:00,-1147.3973940811238
base_02,sarimax,2018-05-21 19:00:00,2018-05-21 20:00:00,2699.0,3130.5674695996013,2018-05-21 19:00:00,-431.5674695996013
base_02,sarimax,2018-05-21 20:00:00,2018-05-21 21:00:00,2318.0,2769.7903996489745,2018-05-21 20:00:00,-451.79039964897447
base_02,sarimax,2018-05-21 21:00:00,2018-05-21 22:00:00,1668.0,2453.545639983489,2018-05-21 21:00:00,-785.5456399834889
base_02,sarimax,2018-05-21 22:00:00,2018-05-21 23:00:00,1060.0,1792.264439083835,2018-05-21 22:00:00,-732.264439083835
base_02,sarimax,2018-05-21 23:00:00,2018-05-22 00:00:00,554.0,1108.6921967722137,2018-05-21 23:00:00,-554.6921967722137
base_02,sarimax,2018-05-22 00:00:00,2018-05-22 01:00:00,333.0,588.5765349216463,2018-05-22 00:00:00,-255.57653492164627
base_02,sarimax,2018-05-22 01:00:00,2018-05-22 02:00:00,249.0,385.9769265863073,2018-05-22 01:00:00,-136.9769265863073
base_02,sarimax,2018-05-22 02:00:00,2018-05-22 03:00:00,337.0,313.61481795084603,2018-05-22 02:00:00,23.38518204915397
base_02,sarimax,2018-05-22 03:00:00,2018-05-22 04:00:00,886.0,383.15636893724866,2018-05-22 03:00:00,502.84363106275134
base_02,sarimax,2018-05-22 04:00:00,2018-05-22 05:00:00,3026.0,908.8991899708742,2018-05-22 04:00:00,2117.1008100291256
base_02,sarimax,2018-05-22 05:00:00,2018-05-22 06:00:00,5875.0,3022.8541141071655,2018-05-22 05:00:00,2852.1458858928345
base_02,sarimax,2018-05-22 06:00:00,2018-05-22 07:00:00,6019.0,5860.87306599356,2018-05-22 06:00:00,158.12693400644002
base_02,sarimax,2018-05-22 07:00:00,2018-05-22 08:00:00,5752.0,5959.621739901204,2018-05-22 07:00:00,-207.6217399012039
base_02,sarimax,2018-05-22 08:00:00,2018-05-22 09:00:00,5085.0,5553.446428034231,2018-05-22 08:00:00,-468.44642803423085
base_02,sarimax,2018-05-22 09:00:00,2018-05-22 10:00:00,4450.0,4812.91246161123,2018-05-22 09:00:00,-362.91246161123036
base_02,sarimax,2018-05-22 10:00:00,2018-05-22 11:00:00,4631.0,4453.721114959433,2018-05-22 10:00:00,177.27888504056682
base_02,sarimax,2018-05-22 11:00:00,2018-05-22 12:00:00,4760.0,4675.4844317629795,2018-05-22 11:00:00,84.51556823702049
base_02,sarimax,2018-05-22 12:00:00,2018-05-22 13:00:00,4840.0,4857.167152013442,2018-05-22 12:00:00,-17.16715201344232
base_02,sarimax,2018-05-22 13:00:00,2018-05-22 14:00:00,5197.0,4931.7567782334245,2018-05-22 13:00:00,265.2432217665755
base_02,sarimax,2018-05-22 14:00:00,2018-05-22 15:00:00,5901.0,5207.286707054938,2018-05-22 14:00:00,693.7132929450618
base_02,sarimax,2018-05-22 15:00:00,2018-05-22 16:00:00,6907.0,5904.881943625575,2018-05-22 15:00:00,1002.1180563744247
base_02,sarimax,2018-05-22 16:00:00,2018-05-22 17:00:00,6371.0,6912.742400193074,2018-05-22 16:00:00,-541.742400193074
base_02,sarimax,2018-05-22 17:00:00,2018-05-22 18:00:00,4649.0,6342.689182091471,2018-05-22 17:00:00,-1693.6891820914707
base_02,sarimax,2018-05-22 18:00:00,2018-05-22 19:00:00,3367.0,4596.375321610886,2018-05-22 18:00:00,-1229.3753216108862
base_02,sarimax,2018-05-22 19:00:00,2018-05-22 20:00:00,3028.0,3257.359282177969,2018-05-22 19:00:00,-229.3592821779689
base_02,sarimax,2018-05-22 20:00:00,2018-05-22 21:00:00,3047.0,3067.1505130860473,2018-05-22 20:00:00,-20.15051308604734
base_02,sarimax,2018-05-22 21:00:00,2018-05-22 22:00:00,1953.0,3189.151589500202,2018-05-22 21:00:00,-1236.1515895002021
base_02,sarimax,2018-05-22 22:00:00,2018-05-22 23:00:00,1084.0,2042.5081125241722,2018-05-22 22:00:00,-958.5081125241722
base_02,sarimax,2018-05-22 23:00:00,2018-05-23 00:00:00,599.0,1100.9520737198177,2018-05-22 23:00:00,-501.9520737198177
base_02,sarimax,2018-05-23 00:00:00,2018-05-23 01:00:00,363.0,588.0731372903571,2018-05-23 00:00:00,-225.07313729035707
base_02,sarimax,2018-05-23 01:00:00,2018-05-23 02:00:00,303.0,447.37942559005205,2018-05-23 01:00:00,-144.37942559005205
base_02,sarimax,2018-05-23 02:00:00,2018-05-23 03:00:00,349.0,386.2434271372213,2018-05-23 02:00:00,-37.24342713722132
base_02,sarimax,2018-05-23 03:00:00,2018-05-23 04:00:00,919.0,391.1753420302885,2018-05-23 03:00:00,527.8246579697116
base_02,sarimax,2018-05-23 04:00:00,2018-05-23 05:00:00,2989.0,938.6624929767008,2018-05-23 04:00:00,2050.337507023299
base_02,sarimax,2018-05-23 05:00:00,2018-05-23 06:00:00,5979.0,2996.6120174225775,2018-05-23 05:00:00,2982.3879825774225
base_02,sarimax,2018-05-23 06:00:00,2018-05-23 07:00:00,6641.0,5976.72546879746,2018-05-23 06:00:00,664.27453120254
base_02,sarimax,2018-05-23 07:00:00,2018-05-23 08:00:00,5557.0,6594.678700033981,2018-05-23 07:00:00,-1037.678700033981
base_02,sarimax,2018-05-23 08:00:00,2018-05-23 09:00:00,5217.0,5370.180277381226,2018-05-23 08:00:00,-153.180277381226
base_02,sarimax,2018-05-23 09:00:00,2018-05-23 10:00:00,4728.0,4939.372737847573,2018-05-23 09:00:00,-211.37273784757326
base_02,sarimax,2018-05-23 10:00:00,2018-05-23 11:00:00,4956.0,4698.573845111139,2018-05-23 10:00:00,257.42615488886076
base_02,sarimax,2018-05-23 11:00:00,2018-05-23 12:00:00,4760.0,5086.044870778889,2018-05-23 11:00:00,-326.04487077888916
base_02,sarimax,2018-05-23 12:00:00,2018-05-23 13:00:00,4912.0,4811.690332216347,2018-05-23 12:00:00,100.30966778365291
base_02,sarimax,2018-05-23 13:00:00,2018-05-23 14:00:00,5221.0,4976.057264678662,2018-05-23 13:00:00,244.94273532133775
base_02,sarimax,2018-05-23 14:00:00,2018-05-23 15:00:00,5959.0,5216.865935589703,2018-05-23 14:00:00,742.1340644102966
base_02,sarimax,2018-05-23 15:00:00,2018-05-23 16:00:00,6897.0,6004.810450103166,2018-05-23 15:00:00,892.1895498968343
base_02,sarimax,2018-05-23 16:00:00,2018-05-23 17:00:00,6228.0,6892.723713353476,2018-05-23 16:00:00,-664.7237133534763
base_02,sarimax,2018-05-23 17:00:00,2018-05-23 18:00:00,4632.0,6224.406376120356,2018-05-23 17:00:00,-1592.406376120356
base_02,sarimax,2018-05-23 18:00:00,2018-05-23 19:00:00,3359.0,4559.026728792379,2018-05-23 18:00:00,-1200.026728792379
base_02,sarimax,2018-05-23 19:00:00,2018-05-23 20:00:00,2993.0,3262.887950667086,2018-05-23 19:00:00,-269.887950667086
base_02,sarimax,2018-05-23 20:00:00,2018-05-23 21:00:00,2888.0,3056.799047950707,2018-05-23 20:00:00,-168.79904795070706
base_02,sarimax,2018-05-23 21:00:00,2018-05-23 22:00:00,2028.0,3013.719361397798,2018-05-23 21:00:00,-985.7193613977979
base_02,sarimax,2018-05-23 22:00:00,2018-05-23 23:00:00,1215.0,2136.175506815419,2018-05-23 22:00:00,-921.1755068154189
base_02,sarimax,2018-05-23 23:00:00,2018-05-24 00:00:00,628.0,1236.4754838372703,2018-05-23 23:00:00,-608.4754838372703
base_02,sarimax,2018-05-24 00:00:00,2018-05-24 01:00:00,356.0,631.4848663605933,2018-05-24 00:00:00,-275.4848663605933
base_02,sarimax,2018-05-24 01:00:00,2018-05-24 02:00:00,261.0,437.26482308001107,2018-05-24 01:00:00,-176.26482308001107
base_02,sarimax,2018-05-24 02:00:00,2018-05-24 03:00:00,363.0,336.5737108098552,2018-05-24 02:00:00,26.426289190144814
base_02,sarimax,2018-05-24 03:00:00,2018-05-24 04:00:00,883.0,416.12506940090685,2018-05-24 03:00:00,466.87493059909315
base_02,sarimax,2018-05-24 04:00:00,2018-05-24 05:00:00,3012.0,895.6157689848685,2018-05-24 04:00:00,2116.3842310151313
base_02,sarimax,2018-05-24 05:00:00,2018-05-24 06:00:00,5763.0,3017.7294080734955,2018-05-24 05:00:00,2745.2705919265045
base_02,sarimax,2018-05-24 06:00:00,2018-05-24 07:00:00,6298.0,5749.474155365042,2018-05-24 06:00:00,548.525844634958
base_02,sarimax,2018-05-24 07:00:00,2018-05-24 08:00:00,5695.0,6248.188372664578,2018-05-24 07:00:00,-553.1883726645783
base_02,sarimax,2018-05-24 08:00:00,2018-05-24 09:00:00,5232.0,5496.502677721476,2018-05-24 08:00:00,-264.5026777214762
base_02,sarimax,2018-05-24 09:00:00,2018-05-24 10:00:00,4532.0,4979.748246494704,2018-05-24 09:00:00,-447.7482464947043
base_02,sarimax,2018-05-24 10:00:00,2018-05-24 11:00:00,4923.0,4517.56732157444,2018-05-24 10:00:00,405.43267842555997
base_02,sarimax,2018-05-24 11:00:00,2018-05-24 12:00:00,4969.0,5024.735835467195,2018-05-24 11:00:00,-55.7358354671951
base_02,sarimax,2018-05-24 12:00:00,2018-05-24 13:00:00,5036.0,5051.856480150372,2018-05-24 12:00:00,-15.85648015037168
base_02,sarimax,2018-05-24 13:00:00,2018-05-24 14:00:00,5414.0,5136.172883587833,2018-05-24 13:00:00,277.827116412167
base_02,sarimax,2018-05-24 14:00:00,2018-05-24 15:00:00,6184.0,5392.646771492646,2018-05-24 14:00:00,791.3532285073543
base_02,sarimax,2018-05-24 15:00:00,2018-05-24 16:00:00,6193.0,6198.058255850865,2018-05-24 15:00:00,-5.058255850864953
base_02,sarimax,2018-05-24 16:00:00,2018-05-24 17:00:00,6107.0,6190.732269115083,2018-05-24 16:00:00,-83.732269115083
base_02,sarimax,2018-05-24 17:00:00,2018-05-24 18:00:00,4787.0,6074.647955986904,2018-05-24 17:00:00,-1287.647955986904
base_02,sarimax,2018-05-24 18:00:00,2018-05-24 19:00:00,3746.0,4699.072719051788,2018-05-24 18:00:00,-953.0727190517882
base_02,sarimax,2018-05-24 19:00:00,2018-05-24 20:00:00,2938.0,3720.1036682218282,2018-05-24 19:00:00,-782.1036682218282
base_02,sarimax,2018-05-24 20:00:00,2018-05-24 21:00:00,2626.0,2836.275355871643,2018-05-24 20:00:00,-210.27535587164311
base_02,sarimax,2018-05-24 21:00:00,2018-05-24 22:00:00,1938.0,2699.923063611941,2018-05-24 21:00:00,-761.923063611941
base_02,sarimax,2018-05-24 22:00:00,2018-05-24 23:00:00,1261.0,2018.7396096129914,2018-05-24 22:00:00,-757.7396096129914
base_02,sarimax,2018-05-24 23:00:00,2018-05-25 00:00:00,648.0,1337.4410907858999,2018-05-24 23:00:00,-689.4410907858999
base_02,sarimax,2018-05-25 00:00:00,2018-05-25 01:00:00,430.0,676.0543290519256,2018-05-25 00:00:00,-246.0543290519256
base_02,sarimax,2018-05-25 01:00:00,2018-05-25 02:00:00,300.0,498.0126966142494,2018-05-25 01:00:00,-198.01269661424942
base_02,sarimax,2018-05-25 02:00:00,2018-05-25 03:00:00,329.0,361.43411417267134,2018-05-25 02:00:00,-32.43411417267134
base_02,sarimax,2018-05-25 03:00:00,2018-05-25 04:00:00,788.0,379.57667390331954,2018-05-25 03:00:00,408.42332609668046
base_02,sarimax,2018-05-25 04:00:00,2018-05-25 05:00:00,2645.0,811.0688026794255,2018-05-25 04:00:00,1833.9311973205745
base_02,sarimax,2018-05-25 05:00:00,2018-05-25 06:00:00,5111.0,2637.7007577043933,2018-05-25 05:00:00,2473.2992422956067
base_02,sarimax,2018-05-25 06:00:00,2018-05-25 07:00:00,6075.0,5101.407127936751,2018-05-25 06:00:00,973.5928720632492
base_02,sarimax,2018-05-25 07:00:00,2018-05-25 08:00:00,5206.0,6027.213774646573,2018-05-25 07:00:00,-821.2137746465733
base_02,sarimax,2018-05-25 08:00:00,2018-05-25 09:00:00,4859.0,5030.059273508125,2018-05-25 08:00:00,-171.05927350812544
base_02,sarimax,2018-05-25 09:00:00,2018-05-25 10:00:00,4534.0,4642.292828912321,2018-05-25 09:00:00,-108.29282891232106
base_02,sarimax,2018-05-25 10:00:00,2018-05-25 11:00:00,4928.0,4475.301681505667,2018-05-25 10:00:00,452.69831849433285
base_02,sarimax,2018-05-25 11:00:00,2018-05-25 12:00:00,5139.0,5028.171640100064,2018-05-25 11:00:00,110.828359899936
base_02,sarimax,2018-05-25 12:00:00,2018-05-25 13:00:00,5148.0,5204.807153684014,2018-05-25 12:00:00,-56.80715368401434
base_02,sarimax,2018-05-25 13:00:00,2018-05-25 14:00:00,5403.0,5219.4786871052975,2018-05-25 13:00:00,183.52131289470253
base_02,sarimax,2018-05-25 14:00:00,2018-05-25 15:00:00,6083.0,5391.942844447999,2018-05-25 14:00:00,691.057155552001
base_02,sarimax,2018-05-25 15:00:00,2018-05-25 16:00:00,5753.0,6087.667169768863,2018-05-25 15:00:00,-334.66716976886255
base_02,sarimax,2018-05-25 16:00:00,2018-05-25 17:00:00,4904.0,5775.046641762692,2018-05-25 16:00:00,-871.0466417626922
base_02,sarimax,2018-05-25 17:00:00,2018-05-25 18:00:00,4023.0,4871.407603371114,2018-05-25 17:00:00,-848.4076033711144
base_02,sarimax,2018-05-25 18:00:00,2018-05-25 19:00:00,3334.0,3879.833679634386,2018-05-25 18:00:00,-545.833679634386
base_02,sarimax,2018-05-25 19:00:00,2018-05-25 20:00:00,3026.0,3363.6821679766267,2018-05-25 19:00:00,-337.6821679766267
base_02,sarimax,2018-05-25 20:00:00,2018-05-25 21:00:00,2953.0,3112.214858075626,2018-05-25 20:00:00,-159.21485807562613
base_02,sarimax,2018-05-25 21:00:00,2018-05-25 22:00:00,2863.0,3001.724332338533,2018-05-25 21:00:00,-138.7243323385328
base_02,sarimax,2018-05-25 22:00:00,2018-05-25 23:00:00,1828.0,2886.4729367206596,2018-05-25 22:00:00,-1058.4729367206596
base_02,sarimax,2018-05-25 23:00:00,2018-05-26 00:00:00,1300.0,1836.6503573212503,2018-05-25 23:00:00,-536.6503573212503
base_02,sarimax,2018-05-26 00:00:00,2018-05-26 01:00:00,719.0,1294.0323401642127,2018-05-26 00:00:00,-575.0323401642127
base_02,sarimax,2018-05-26 01:00:00,2018-05-26 02:00:00,579.0,727.0160784854827,2018-05-26 01:00:00,-148.0160784854827
base_02,sarimax,2018-05-26 02:00:00,2018-05-26 03:00:00,363.0,659.8869096769203,2018-05-26 02:00:00,-296.88690967692025
base_02,sarimax,2018-05-26 03:00:00,2018-05-26 04:00:00,376.0,414.758497414707,2018-05-26 03:00:00,-38.758497414706994
base_02,sarimax,2018-05-26 04:00:00,2018-05-26 05:00:00,649.0,429.78536425168727,2018-05-26 04:00:00,219.21463574831273
base_02,sarimax,2018-05-26 05:00:00,2018-05-26 06:00:00,1263.0,653.2192499852808,2018-05-26 05:00:00,609.7807500147192
base_02,sarimax,2018-05-26 06:00:00,2018-05-26 07:00:00,1690.0,1273.7240650435836,2018-05-26 06:00:00,416.27593495641645
base_02,sarimax,2018-05-26 07:00:00,2018-05-26 08:00:00,2392.0,1697.1136638672513,2018-05-26 07:00:00,694.8863361327487
base_02,sarimax,2018-05-26 08:00:00,2018-05-26 09:00:00,3360.0,2405.0565980419688,2018-05-26 08:00:00,954.9434019580312
base_02,sarimax,2018-05-26 09:00:00,2018-05-26 10:00:00,3540.0,3341.4822881747286,2018-05-26 09:00:00,198.51771182527136
base_02,sarimax,2018-05-26 10:00:00,2018-05-26 11:00:00,3937.0,3540.3494826763076,2018-05-26 10:00:00,396.6505173236924
base_02,sarimax,2018-05-26 11:00:00,2018-05-26 12:00:00,4176.0,3915.154209440137,2018-05-26 11:00:00,260.84579055986296
base_02,sarimax,2018-05-26 12:00:00,2018-05-26 13:00:00,4130.0,4116.961788727204,2018-05-26 12:00:00,13.038211272795706
base_02,sarimax,2018-05-26 13:00:00,2018-05-26 14:00:00,3887.0,4150.612422167474,2018-05-26 13:00:00,-263.6124221674736
base_02,sarimax,2018-05-26 14:00:00,2018-05-26 15:00:00,3761.0,3873.5782595661212,2018-05-26 14:00:00,-112.57825956612123
base_02,sarimax,2018-05-26 15:00:00,2018-05-26 16:00:00,3970.0,3755.520834088021,2018-05-26 15:00:00,214.47916591197918
base_02,sarimax,2018-05-26 16:00:00,2018-05-26 17:00:00,3858.0,3988.188669648553,2018-05-26 16:00:00,-130.18866964855306
base_02,sarimax,2018-05-26 17:00:00,2018-05-26 18:00:00,3714.0,3885.0052050767017,2018-05-26 17:00:00,-171.0052050767017
base_02,sarimax,2018-05-26 18:00:00,2018-05-26 19:00:00,2965.0,3727.8279547985976,2018-05-26 18:00:00,-762.8279547985976
base_02,sarimax,2018-05-26 19:00:00,2018-05-26 20:00:00,2855.0,2935.4172279327577,2018-05-26 19:00:00,-80.41722793275767
base_02,sarimax,2018-05-26 20:00:00,2018-05-26 21:00:00,2956.0,2849.191929881804,2018-05-26 20:00:00,106.80807011819616
base_02,sarimax,2018-05-26 21:00:00,2018-05-26 22:00:00,3036.0,2907.7219614578735,2018-05-26 21:00:00,128.27803854212652
base_02,sarimax,2018-05-26 22:00:00,2018-05-26 23:00:00,2141.0,3032.140398670712,2018-05-26 22:00:00,-891.1403986707119
base_02,sarimax,2018-05-26 23:00:00,2018-05-27 00:00:00,1633.0,2111.955420188123,2018-05-26 23:00:00,-478.95542018812284
base_02,sarimax,2018-05-27 00:00:00,2018-05-27 01:00:00,829.0,1597.4045205712132,2018-05-27 00:00:00,-768.4045205712132
base_02,sarimax,2018-05-27 01:00:00,2018-05-27 02:00:00,712.0,781.5454232630675,2018-05-27 01:00:00,-69.5454232630675
base_02,sarimax,2018-05-27 02:00:00,2018-05-27 03:00:00,486.0,777.043148356478,2018-05-27 02:00:00,-291.043148356478
base_02,sarimax,2018-05-27 03:00:00,2018-05-27 04:00:00,401.0,515.653992915656,2018-05-27 03:00:00,-114.65399291565598
base_02,sarimax,2018-05-27 04:00:00,2018-05-27 05:00:00,844.0,472.9803346384558,2018-05-27 04:00:00,371.0196653615442
base_02,sarimax,2018-05-27 05:00:00,2018-05-27 06:00:00,1192.0,838.2562733825157,2018-05-27 05:00:00,353.7437266174843
base_02,sarimax,2018-05-27 06:00:00,2018-05-27 07:00:00,1205.0,1201.8450203321765,2018-05-27 06:00:00,3.1549796678234543
base_02,sarimax,2018-05-27 07:00:00,2018-05-27 08:00:00,1819.0,1232.665767386539,2018-05-27 07:00:00,586.3342326134609
base_02,sarimax,2018-05-27 08:00:00,2018-05-27 09:00:00,2660.0,1828.9173250745291,2018-05-27 08:00:00,831.0826749254709
base_02,sarimax,2018-05-27 09:00:00,2018-05-27 10:00:00,3431.0,2688.4364213808813,2018-05-27 09:00:00,742.5635786191187
base_02,sarimax,2018-05-27 10:00:00,2018-05-27 11:00:00,3782.0,3489.6997755481343,2018-05-27 10:00:00,292.3002244518657
base_02,sarimax,2018-05-27 11:00:00,2018-05-27 12:00:00,4190.0,3760.4957363100484,2018-05-27 11:00:00,429.5042636899516
base_02,sarimax,2018-05-27 12:00:00,2018-05-27 13:00:00,4139.0,4130.980826885103,2018-05-27 12:00:00,8.019173114897058
base_02,sarimax,2018-05-27 13:00:00,2018-05-27 14:00:00,3963.0,4079.2491881140795,2018-05-27 13:00:00,-116.24918811407952
base_02,sarimax,2018-05-27 14:00:00,2018-05-27 15:00:00,3821.0,3926.669266527916,2018-05-27 14:00:00,-105.66926652791608
base_02,sarimax,2018-05-27 15:00:00,2018-05-27 16:00:00,3739.0,3783.0795444037,2018-05-27 15:00:00,-44.079544403699856
base_02,sarimax,2018-05-27 16:00:00,2018-05-27 17:00:00,3266.0,3767.646884427653,2018-05-27 16:00:00,-501.6468844276528
base_02,sarimax,2018-05-27 17:00:00,2018-05-27 18:00:00,3127.0,3294.321862538201,2018-05-27 17:00:00,-167.321862538201
base_02,sarimax,2018-05-27 18:00:00,2018-05-27 19:00:00,2830.0,3144.3812907914635,2018-05-27 18:00:00,-314.38129079146347
base_02,sarimax,2018-05-27 19:00:00,2018-05-27 20:00:00,2825.0,2846.828793917242,2018-05-27 19:00:00,-21.82879391724191
base_02,sarimax,2018-05-27 20:00:00,2018-05-27 21:00:00,2656.0,2874.5657213590366,2018-05-27 20:00:00,-218.56572135903662
base_02,sarimax,2018-05-27 21:00:00,2018-05-27 22:00:00,2565.0,2606.532144512296,2018-05-27 21:00:00,-41.53214451229587
base_02,sarimax,2018-05-27 22:00:00,2018-05-27 23:00:00,1660.0,2581.2324558659775,2018-05-27 22:00:00,-921.2324558659775
base_02,sarimax,2018-05-27 23:00:00,2018-05-28 00:00:00,1088.0,1649.370612944467,2018-05-27 23:00:00,-561.370612944467
base_02,sarimax,2018-05-28 00:00:00,2018-05-28 01:00:00,559.0,1084.455215814788,2018-05-28 00:00:00,-525.4552158147881
base_02,sarimax,2018-05-28 01:00:00,2018-05-28 02:00:00,440.0,561.6970368235656,2018-05-28 01:00:00,-121.69703682356555
base_02,sarimax,2018-05-28 02:00:00,2018-05-28 03:00:00,332.0,508.6801414311488,2018-05-28 02:00:00,-176.6801414311488
base_02,sarimax,2018-05-28 03:00:00,2018-05-28 04:00:00,314.0,370.6988975184863,2018-05-28 03:00:00,-56.69889751848632
base_02,sarimax,2018-05-28 04:00:00,2018-05-28 05:00:00,488.0,365.97289134268726,2018-05-28 04:00:00,122.02710865731274
base_02,sarimax,2018-05-28 05:00:00,2018-05-28 06:00:00,882.0,500.1684906942826,2018-05-28 05:00:00,381.8315093057174
base_02,sarimax,2018-05-28 06:00:00,2018-05-28 07:00:00,989.0,855.7743455866012,2018-05-28 06:00:00,133.22565441339884
base_02,sarimax,2018-05-28 07:00:00,2018-05-28 08:00:00,1294.0,988.7456366984457,2018-05-28 07:00:00,305.25436330155435
base_02,sarimax,2018-05-28 08:00:00,2018-05-28 09:00:00,1873.0,1345.693387053792,2018-05-28 08:00:00,527.3066129462079
base_02,sarimax,2018-05-28 09:00:00,2018-05-28 10:00:00,2576.0,1832.7109494119613,2018-05-28 09:00:00,743.2890505880387
base_02,sarimax,2018-05-28 10:00:00,2018-05-28 11:00:00,3037.0,2623.4859532477994,2018-05-28 10:00:00,413.51404675220056
base_02,sarimax,2018-05-28 11:00:00,2018-05-28 12:00:00,3375.0,3005.7947752233613,2018-05-28 11:00:00,369.2052247766387
base_02,sarimax,2018-05-28 12:00:00,2018-05-28 13:00:00,3611.0,3379.0567500490974,2018-05-28 12:00:00,231.94324995090255
base_02,sarimax,2018-05-28 13:00:00,2018-05-28 14:00:00,4032.0,3554.488350682345,2018-05-28 13:00:00,477.51164931765516
base_02,sarimax,2018-05-28 14:00:00,2018-05-28 15:00:00,3812.0,4018.0004680170464,2018-05-28 14:00:00,-206.0004680170464
base_02,sarimax,2018-05-28 15:00:00,2018-05-28 16:00:00,3810.0,3810.1403614687697,2018-05-28 15:00:00,-0.14036146876969724
base_02,sarimax,2018-05-28 16:00:00,2018-05-28 17:00:00,3822.0,3813.672578181806,2018-05-28 16:00:00,8.327421818194125
base_02,sarimax,2018-05-28 17:00:00,2018-05-28 18:00:00,3749.0,3737.2018532312995,2018-05-28 17:00:00,11.798146768700462
base_02,sarimax,2018-05-28 18:00:00,2018-05-28 19:00:00,3145.0,3698.2047743141925,2018-05-28 18:00:00,-553.2047743141925
base_02,sarimax,2018-05-28 19:00:00,2018-05-28 20:00:00,2611.0,3076.6366101984327,2018-05-28 19:00:00,-465.63661019843266
base_02,sarimax,2018-05-28 20:00:00,2018-05-28 21:00:00,2338.0,2598.0377271096054,2018-05-28 20:00:00,-260.0377271096054
base_02,sarimax,2018-05-28 21:00:00,2018-05-28 22:00:00,1936.0,2329.6001108033934,2018-05-28 21:00:00,-393.60011080339336
base_02,sarimax,2018-05-28 22:00:00,2018-05-28 23:00:00,1141.0,1969.0787521512113,2018-05-28 22:00:00,-828.0787521512113
base_02,sarimax,2018-05-28 23:00:00,2018-05-29 00:00:00,565.0,1169.8983686497918,2018-05-28 23:00:00,-604.8983686497918
base_02,sarimax,2018-05-29 00:00:00,2018-05-29 01:00:00,347.0,577.0820675886616,2018-05-29 00:00:00,-230.08206758866163
base_02,sarimax,2018-05-29 01:00:00,2018-05-29 02:00:00,239.0,361.882732214406,2018-05-29 01:00:00,-122.88273221440602
base_02,sarimax,2018-05-29 02:00:00,2018-05-29 03:00:00,340.0,316.93351573117985,2018-05-29 02:00:00,23.066484268820147
base_02,sarimax,2018-05-29 03:00:00,2018-05-29 04:00:00,828.0,403.50123824627167,2018-05-29 03:00:00,424.49876175372833
base_02,sarimax,2018-05-29 04:00:00,2018-05-29 05:00:00,2911.0,847.6285006943874,2018-05-29 04:00:00,2063.371499305613
base_02,sarimax,2018-05-29 05:00:00,2018-05-29 06:00:00,5723.0,2913.9613918280565,2018-05-29 05:00:00,2809.0386081719435
base_02,sarimax,2018-05-29 06:00:00,2018-05-29 07:00:00,6106.0,5700.924288536281,2018-05-29 06:00:00,405.075711463719
base_02,sarimax,2018-05-29 07:00:00,2018-05-29 08:00:00,5530.0,6069.7848595451505,2018-05-29 07:00:00,-539.7848595451505
base_02,sarimax,2018-05-29 08:00:00,2018-05-29 09:00:00,5117.0,5340.762922224386,2018-05-29 08:00:00,-223.76292222438587
base_02,sarimax,2018-05-29 09:00:00,2018-05-29 10:00:00,4530.0,4858.853390786591,2018-05-29 09:00:00,-328.85339078659126
base_02,sarimax,2018-05-29 10:00:00,2018-05-29 11:00:00,4436.0,4526.680632468047,2018-05-29 10:00:00,-90.6806324680474
base_02,sarimax,2018-05-29 11:00:00,2018-05-29 12:00:00,4866.0,4535.455635879246,2018-05-29 11:00:00,330.5443641207539
base_02,sarimax,2018-05-29 12:00:00,2018-05-29 13:00:00,4973.0,4948.126415285857,2018-05-29 12:00:00,24.873584714143362
base_02,sarimax,2018-05-29 13:00:00,2018-05-29 14:00:00,5159.0,5064.091984835082,2018-05-29 13:00:00,94.90801516491774
base_02,sarimax,2018-05-29 14:00:00,2018-05-29 15:00:00,6018.0,5196.448041790585,2018-05-29 14:00:00,821.5519582094148
base_02,sarimax,2018-05-29 15:00:00,2018-05-29 16:00:00,6820.0,5965.804088939271,2018-05-29 15:00:00,854.1959110607286
base_02,sarimax,2018-05-29 16:00:00,2018-05-29 17:00:00,5990.0,6762.43155815869,2018-05-29 16:00:00,-772.4315581586898
base_02,sarimax,2018-05-29 17:00:00,2018-05-29 18:00:00,4267.0,5893.401434579858,2018-05-29 17:00:00,-1626.4014345798578
base_02,sarimax,2018-05-29 18:00:00,2018-05-29 19:00:00,3036.0,4153.756768527121,2018-05-29 18:00:00,-1117.7567685271206
base_02,sarimax,2018-05-29 19:00:00,2018-05-29 20:00:00,2466.0,2899.768918978887,2018-05-29 19:00:00,-433.7689189788871
base_02,sarimax,2018-05-29 20:00:00,2018-05-29 21:00:00,2154.0,2528.598119662751,2018-05-29 20:00:00,-374.59811966275083
base_02,sarimax,2018-05-29 21:00:00,2018-05-29 22:00:00,1595.0,2317.347591713902,2018-05-29 21:00:00,-722.3475917139021
base_02,sarimax,2018-05-29 22:00:00,2018-05-29 23:00:00,969.0,1709.9887610505841,2018-05-29 22:00:00,-740.9887610505841
base_02,sarimax,2018-05-29 23:00:00,2018-05-30 00:00:00,527.0,1017.9335910415316,2018-05-29 23:00:00,-490.9335910415316
base_02,sarimax,2018-05-30 00:00:00,2018-05-30 01:00:00,351.0,552.6077673599032,2018-05-30 00:00:00,-201.60776735990316
base_02,sarimax,2018-05-30 01:00:00,2018-05-30 02:00:00,306.0,403.7306776499595,2018-05-30 01:00:00,-97.73067764995949
base_02,sarimax,2018-05-30 02:00:00,2018-05-30 03:00:00,329.0,365.04041204705095,2018-05-30 02:00:00,-36.04041204705095
base_02,sarimax,2018-05-30 03:00:00,2018-05-30 04:00:00,893.0,366.68607736632987,2018-05-30 03:00:00,526.3139226336701
base_02,sarimax,2018-05-30 04:00:00,2018-05-30 05:00:00,3023.0,911.9168593754824,2018-05-30 04:00:00,2111.0831406245175
base_02,sarimax,2018-05-30 05:00:00,2018-05-30 06:00:00,6046.0,3025.8163258082677,2018-05-30 05:00:00,3020.1836741917323
base_02,sarimax,2018-05-30 06:00:00,2018-05-30 07:00:00,6326.0,6035.719689869748,2018-05-30 06:00:00,290.28031013025156
base_02,sarimax,2018-05-30 07:00:00,2018-05-30 08:00:00,5716.0,6273.706732497223,2018-05-30 07:00:00,-557.7067324972231
base_02,sarimax,2018-05-30 08:00:00,2018-05-30 09:00:00,5283.0,5516.620813666852,2018-05-30 08:00:00,-233.62081366685197
base_02,sarimax,2018-05-30 09:00:00,2018-05-30 10:00:00,4554.0,4976.343683926794,2018-05-30 09:00:00,-422.34368392679426
base_02,sarimax,2018-05-30 10:00:00,2018-05-30 11:00:00,4744.0,4542.935955068703,2018-05-30 10:00:00,201.06404493129685
base_02,sarimax,2018-05-30 11:00:00,2018-05-30 12:00:00,4923.0,4811.20521479966,2018-05-30 11:00:00,111.7947852003399
base_02,sarimax,2018-05-30 12:00:00,2018-05-30 13:00:00,4823.0,4974.923093413999,2018-05-30 12:00:00,-151.92309341399869
base_02,sarimax,2018-05-30 13:00:00,2018-05-30 14:00:00,5343.0,4895.920360093696,2018-05-30 13:00:00,447.0796399063038
base_02,sarimax,2018-05-30 14:00:00,2018-05-30 15:00:00,6062.0,5323.062039908204,2018-05-30 14:00:00,738.9379600917964
base_02,sarimax,2018-05-30 15:00:00,2018-05-30 16:00:00,7042.0,6052.592830483627,2018-05-30 15:00:00,989.407169516373
base_02,sarimax,2018-05-30 16:00:00,2018-05-30 17:00:00,6429.0,7063.878373906963,2018-05-30 16:00:00,-634.8783739069631
base_02,sarimax,2018-05-30 17:00:00,2018-05-30 18:00:00,4621.0,6386.239405092095,2018-05-30 17:00:00,-1765.2394050920948
base_02,sarimax,2018-05-30 18:00:00,2018-05-30 19:00:00,3555.0,4548.333673438023,2018-05-30 18:00:00,-993.3336734380227
base_02,sarimax,2018-05-30 19:00:00,2018-05-30 20:00:00,2788.0,3451.5699342777034,2018-05-30 19:00:00,-663.5699342777034
base_02,sarimax,2018-05-30 20:00:00,2018-05-30 21:00:00,2612.0,2846.5856084306283,2018-05-30 20:00:00,-234.58560843062833
base_02,sarimax,2018-05-30 21:00:00,2018-05-30 22:00:00,1932.0,2781.873315160838,2018-05-30 21:00:00,-849.873315160838
base_02,sarimax,2018-05-30 22:00:00,2018-05-30 23:00:00,1233.0,2026.8305970685728,2018-05-30 22:00:00,-793.8305970685728
base_02,sarimax,2018-05-30 23:00:00,2018-05-31 00:00:00,695.0,1288.975497441356,2018-05-30 23:00:00,-593.9754974413561
base_02,sarimax,2018-05-31 00:00:00,2018-05-31 01:00:00,382.0,702.3928022340115,2018-05-31 00:00:00,-320.39280223401147
base_02,sarimax,2018-05-31 01:00:00,2018-05-31 02:00:00,307.0,436.671994428806,2018-05-31 01:00:00,-129.671994428806
base_02,sarimax,2018-05-31 02:00:00,2018-05-31 03:00:00,343.0,367.96312920000474,2018-05-31 02:00:00,-24.963129200004744
base_02,sarimax,2018-05-31 03:00:00,2018-05-31 04:00:00,922.0,401.31420312146895,2018-05-31 03:00:00,520.685796878531
base_02,sarimax,2018-05-31 04:00:00,2018-05-31 05:00:00,3013.0,940.7546953627096,2018-05-31 04:00:00,2072.2453046372902
base_02,sarimax,2018-05-31 05:00:00,2018-05-31 06:00:00,6007.0,3020.3093791265464,2018-05-31 05:00:00,2986.6906208734536
base_02,sarimax,2018-05-31 06:00:00,2018-05-31 07:00:00,6420.0,5998.634276521774,2018-05-31 06:00:00,421.36572347822585
base_02,sarimax,2018-05-31 07:00:00,2018-05-31 08:00:00,5912.0,6368.016293415818,2018-05-31 07:00:00,-456.0162934158179
base_02,sarimax,2018-05-31 08:00:00,2018-05-31 09:00:00,5313.0,5711.121868533126,2018-05-31 08:00:00,-398.12186853312596
base_02,sarimax,2018-05-31 09:00:00,2018-05-31 10:00:00,4734.0,5019.975415743818,2018-05-31 09:00:00,-285.9754157438183
base_02,sarimax,2018-05-31 10:00:00,2018-05-31 11:00:00,5008.0,4739.288152544837,2018-05-31 10:00:00,268.71184745516257
base_02,sarimax,2018-05-31 11:00:00,2018-05-31 12:00:00,5031.0,5098.815749198461,2018-05-31 11:00:00,-67.81574919846116
base_02,sarimax,2018-05-31 12:00:00,2018-05-31 13:00:00,5199.0,5131.133223215387,2018-05-31 12:00:00,67.86677678461274
base_02,sarimax,2018-05-31 13:00:00,2018-05-31 14:00:00,5407.0,5274.479236396937,2018-05-31 13:00:00,132.52076360306273
base_02,sarimax,2018-05-31 14:00:00,2018-05-31 15:00:00,5950.0,5402.2131810854835,2018-05-31 14:00:00,547.7868189145165
base_02,sarimax,2018-05-31 15:00:00,2018-05-31 16:00:00,6860.0,5958.655431098463,2018-05-31 15:00:00,901.3445689015371
base_02,sarimax,2018-05-31 16:00:00,2018-05-31 17:00:00,6358.0,6859.05670114043,2018-05-31 16:00:00,-501.05670114043005
base_02,sarimax,2018-05-31 17:00:00,2018-05-31 18:00:00,5042.0,6345.520076442014,2018-05-31 17:00:00,-1303.5200764420142
base_02,sarimax,2018-05-31 18:00:00,2018-05-31 19:00:00,3671.0,4986.8833246967315,2018-05-31 18:00:00,-1315.8833246967315
base_02,sarimax,2018-05-31 19:00:00,2018-05-31 20:00:00,3037.0,3571.198321418652,2018-05-31 19:00:00,-534.1983214186521
base_02,sarimax,2018-05-31 20:00:00,2018-05-31 21:00:00,3102.0,3068.7804802408737,2018-05-31 20:00:00,33.21951975912634
base_02,sarimax,2018-05-31 21:00:00,2018-05-31 22:00:00,2222.0,3208.5630915788597,2018-05-31 21:00:00,-986.5630915788597
base_02,sarimax,2018-05-31 22:00:00,2018-05-31 23:00:00,1446.0,2324.1621287393546,2018-05-31 22:00:00,-878.1621287393546
base_02,sarimax,2018-05-31 23:00:00,2018-06-01 00:00:00,786.0,1479.7431910842442,2018-05-31 23:00:00,-693.7431910842442
base_02,sarimax,2018-06-01 00:00:00,2018-06-01 01:00:00,497.0,757.4468694499967,2018-06-01 00:00:00,-260.4468694499967
base_02,sarimax,2018-06-01 01:00:00,2018-06-01 02:00:00,346.0,563.1708128866982,2018-06-01 01:00:00,-217.17081288669817
base_02,sarimax,2018-06-01 02:00:00,2018-06-01 03:00:00,395.0,401.7745639234694,2018-06-01 02:00:00,-6.774563923469373
base_02,sarimax,2018-06-01 03:00:00,2018-06-01 04:00:00,872.0,443.83803690449884,2018-06-01 03:00:00,428.16196309550116
base_02,sarimax,2018-06-01 04:00:00,2018-06-01 05:00:00,2965.0,894.0316755536105,2018-06-01 04:00:00,2070.9683244463895
base_02,sarimax,2018-06-01 05:00:00,2018-06-01 06:00:00,5345.0,2971.7982813421786,2018-06-01 05:00:00,2373.2017186578214
base_02,sarimax,2018-06-01 06:00:00,2018-06-01 07:00:00,6658.0,5340.3300888007025,2018-06-01 06:00:00,1317.6699111992975
base_02,sarimax,2018-06-01 07:00:00,2018-06-01 08:00:00,5639.0,6610.126957020002,2018-06-01 07:00:00,-971.126957020002
base_02,sarimax,2018-06-01 08:00:00,2018-06-01 09:00:00,5132.0,5425.6663205621,2018-06-01 08:00:00,-293.6663205620998
base_02,sarimax,2018-06-01 09:00:00,2018-06-01 10:00:00,4739.0,4879.645032170174,2018-06-01 09:00:00,-140.6450321701741
base_02,sarimax,2018-06-01 10:00:00,2018-06-01 11:00:00,5043.0,4627.055013299224,2018-06-01 10:00:00,415.9449867007761
base_02,sarimax,2018-06-01 11:00:00,2018-06-01 12:00:00,5387.0,5168.571838480911,2018-06-01 11:00:00,218.42816151908937
base_02,sarimax,2018-06-01 12:00:00,2018-06-01 13:00:00,5381.0,5477.022012293038,2018-06-01 12:00:00,-96.02201229303773
base_02,sarimax,2018-06-01 13:00:00,2018-06-01 14:00:00,5742.0,5443.162307790924,2018-06-01 13:00:00,298.8376922090756
base_02,sarimax,2018-06-01 14:00:00,2018-06-01 15:00:00,6352.0,5738.432073120224,2018-06-01 14:00:00,613.5679268797758
base_02,sarimax,2018-06-01 15:00:00,2018-06-01 16:00:00,6860.0,6338.665915811887,2018-06-01 15:00:00,521.3340841881127
base_02,sarimax,2018-06-01 16:00:00,2018-06-01 17:00:00,5983.0,6877.540606560213,2018-06-01 16:00:00,-894.5406065602128
base_02,sarimax,2018-06-01 17:00:00,2018-06-01 18:00:00,4926.0,5945.783885455046,2018-06-01 17:00:00,-1019.7838854550464
base_02,sarimax,2018-06-01 18:00:00,2018-06-01 19:00:00,3804.0,4866.895602894215,2018-06-01 18:00:00,-1062.8956028942148
base_02,sarimax,2018-06-01 19:00:00,2018-06-01 20:00:00,3446.0,3738.369344266121,2018-06-01 19:00:00,-292.36934426612106
base_02,sarimax,2018-06-01 20:00:00,2018-06-01 21:00:00,3519.0,3520.5967428817066,2018-06-01 20:00:00,-1.596742881706632
base_02,sarimax,2018-06-01 21:00:00,2018-06-01 22:00:00,2865.0,3594.4368447075904,2018-06-01 21:00:00,-729.4368447075904
base_02,sarimax,2018-06-01 22:00:00,2018-06-01 23:00:00,2218.0,2946.223097021579,2018-06-01 22:00:00,-728.2230970215792
base_02,sarimax,2018-06-01 23:00:00,2018-06-02 00:00:00,1601.0,2227.56856962756,2018-06-01 23:00:00,-626.56856962756
base_02,sarimax,2018-06-02 00:00:00,2018-06-02 01:00:00,830.0,1567.907289925744,2018-06-02 00:00:00,-737.907289925744
base_02,sarimax,2018-06-02 01:00:00,2018-06-02 04:00:00,424.0,846.9790239343703,2018-06-02 01:00:00,-422.9790239343703
base_02,sarimax,2018-06-02 04:00:00,2018-06-02 05:00:00,746.0,488.17406961481095,2018-06-02 04:00:00,257.82593038518905
base_02,sarimax,2018-06-02 05:00:00,2018-06-02 06:00:00,1385.0,807.5600286872394,2018-06-02 05:00:00,577.4399713127606
base_02,sarimax,2018-06-02 06:00:00,2018-06-02 07:00:00,1928.0,1449.8466363060409,2018-06-02 06:00:00,478.15336369395914
base_02,sarimax,2018-06-02 07:00:00,2018-06-02 08:00:00,2730.0,1959.6656610576622,2018-06-02 07:00:00,770.3343389423378
base_02,sarimax,2018-06-02 08:00:00,2018-06-02 09:00:00,3707.0,2690.435832849397,2018-06-02 08:00:00,1016.5641671506032
base_02,sarimax,2018-06-02 09:00:00,2018-06-02 10:00:00,3864.0,3645.605895736006,2018-06-02 09:00:00,218.394104263994
base_02,sarimax,2018-06-02 10:00:00,2018-06-02 11:00:00,4260.0,3819.052870887237,2018-06-02 10:00:00,440.9471291127629
base_02,sarimax,2018-06-02 11:00:00,2018-06-02 12:00:00,4671.0,4182.479201737421,2018-06-02 11:00:00,488.52079826257886
base_02,sarimax,2018-06-02 12:00:00,2018-06-02 13:00:00,4741.0,4566.708792068931,2018-06-02 12:00:00,174.29120793106904
base_02,sarimax,2018-06-02 13:00:00,2018-06-02 14:00:00,4896.0,4725.922125972701,2018-06-02 13:00:00,170.077874027299
base_02,sarimax,2018-06-02 14:00:00,2018-06-02 15:00:00,4509.0,4859.632449629204,2018-06-02 14:00:00,-350.6324496292036
base_02,sarimax,2018-06-02 15:00:00,2018-06-02 16:00:00,4560.0,4475.942077506705,2018-06-02 15:00:00,84.05792249329534
base_02,sarimax,2018-06-02 16:00:00,2018-06-02 17:00:00,4221.0,4575.203323025136,2018-06-02 16:00:00,-354.20332302513634
base_02,sarimax,2018-06-02 17:00:00,2018-06-02 18:00:00,4013.0,4230.888507600601,2018-06-02 17:00:00,-217.88850760060086
base_02,sarimax,2018-06-02 18:00:00,2018-06-02 19:00:00,3480.0,4071.3154813148208,2018-06-02 18:00:00,-591.3154813148208
base_02,sarimax,2018-06-02 19:00:00,2018-06-02 20:00:00,3074.0,3483.752508717243,2018-06-02 19:00:00,-409.752508717243
base_02,sarimax,2018-06-02 20:00:00,2018-06-02 21:00:00,2905.0,3092.457906744725,2018-06-02 20:00:00,-187.45790674472482
base_02,sarimax,2018-06-02 21:00:00,2018-06-02 22:00:00,2808.0,2910.545206131614,2018-06-02 21:00:00,-102.54520613161412
base_02,sarimax,2018-06-02 22:00:00,2018-06-02 23:00:00,2103.0,2848.6415327167942,2018-06-02 22:00:00,-745.6415327167942
base_02,sarimax,2018-06-02 23:00:00,2018-06-03 00:00:00,1516.0,2132.1492106772967,2018-06-02 23:00:00,-616.1492106772967
base_02,sarimax,2018-06-03 00:00:00,2018-06-03 01:00:00,905.0,1509.0584949677864,2018-06-03 00:00:00,-604.0584949677864
base_02,sarimax,2018-06-03 01:00:00,2018-06-03 02:00:00,647.0,887.1468238122741,2018-06-03 01:00:00,-240.14682381227408
base_02,sarimax,2018-06-03 02:00:00,2018-06-03 03:00:00,477.0,709.0453388549204,2018-06-03 02:00:00,-232.04533885492037
base_02,sarimax,2018-06-03 03:00:00,2018-06-03 04:00:00,419.0,535.3331507712537,2018-06-03 03:00:00,-116.33315077125371
base_02,sarimax,2018-06-03 04:00:00,2018-06-03 05:00:00,643.0,484.9869453553557,2018-06-03 04:00:00,158.01305464464428
base_02,sarimax,2018-06-03 05:00:00,2018-06-03 06:00:00,1103.0,668.339273906347,2018-06-03 05:00:00,434.660726093653
base_02,sarimax,2018-06-03 06:00:00,2018-06-03 07:00:00,1519.0,1119.5313888273954,2018-06-03 06:00:00,399.4686111726046
base_02,sarimax,2018-06-03 07:00:00,2018-06-03 08:00:00,2380.0,1526.2807811144166,2018-06-03 07:00:00,853.7192188855834
base_02,sarimax,2018-06-03 08:00:00,2018-06-03 09:00:00,3350.0,2353.5045386435877,2018-06-03 08:00:00,996.4954613564123
base_02,sarimax,2018-06-03 09:00:00,2018-06-03 10:00:00,3820.0,3311.5786140473087,2018-06-03 09:00:00,508.42138595269125
base_02,sarimax,2018-06-03 10:00:00,2018-06-03 11:00:00,4453.0,3784.539747270078,2018-06-03 10:00:00,668.4602527299221
base_02,sarimax,2018-06-03 11:00:00,2018-06-03 12:00:00,4858.0,4371.747065049337,2018-06-03 11:00:00,486.2529349506631
base_02,sarimax,2018-06-03 12:00:00,2018-06-03 13:00:00,4563.0,4762.863063189835,2018-06-03 12:00:00,-199.86306318983497
base_02,sarimax,2018-06-03 13:00:00,2018-06-03 14:00:00,4458.0,4525.659019648684,2018-06-03 13:00:00,-67.65901964868408
base_02,sarimax,2018-06-03 14:00:00,2018-06-03 15:00:00,4554.0,4405.220031698691,2018-06-03 14:00:00,148.77996830130905
base_02,sarimax,2018-06-03 15:00:00,2018-06-03 16:00:00,4547.0,4540.134940475101,2018-06-03 15:00:00,6.865059524899152
base_02,sarimax,2018-06-03 16:00:00,2018-06-03 17:00:00,4262.0,4605.73243430593,2018-06-03 16:00:00,-343.7324343059299
base_02,sarimax,2018-06-03 17:00:00,2018-06-03 18:00:00,3972.0,4287.794601905465,2018-06-03 17:00:00,-315.79460190546524
base_02,sarimax,2018-06-03 18:00:00,2018-06-03 19:00:00,3527.0,3980.333183147522,2018-06-03 18:00:00,-453.33318314752205
base_02,sarimax,2018-06-03 19:00:00,2018-06-03 20:00:00,3043.0,3533.433265206417,2018-06-03 19:00:00,-490.4332652064172
base_02,sarimax,2018-06-03 20:00:00,2018-06-03 21:00:00,2490.0,3063.174503641867,2018-06-03 20:00:00,-573.174503641867
base_02,sarimax,2018-06-03 21:00:00,2018-06-03 22:00:00,2051.0,2496.1986460436733,2018-06-03 21:00:00,-445.1986460436733
base_02,sarimax,2018-06-03 22:00:00,2018-06-03 23:00:00,1166.0,2058.7267790294413,2018-06-03 22:00:00,-892.7267790294413
base_02,sarimax,2018-06-03 23:00:00,2018-06-04 00:00:00,667.0,1180.0225296040192,2018-06-03 23:00:00,-513.0225296040192
base_02,sarimax,2018-06-04 00:00:00,2018-06-04 01:00:00,377.0,686.9510098369168,2018-06-04 00:00:00,-309.9510098369168
base_02,sarimax,2018-06-04 01:00:00,2018-06-04 02:00:00,285.0,400.16958242882953,2018-06-04 01:00:00,-115.16958242882953
base_02,sarimax,2018-06-04 02:00:00,2018-06-04 03:00:00,375.0,372.47221413737867,2018-06-04 02:00:00,2.5277858626213288
base_02,sarimax,2018-06-04 03:00:00,2018-06-04 04:00:00,928.0,420.0082349742205,2018-06-04 03:00:00,507.9917650257795
base_02,sarimax,2018-06-04 04:00:00,2018-06-04 05:00:00,3021.0,935.0543830909945,2018-06-04 04:00:00,2085.9456169090054
base_02,sarimax,2018-06-04 05:00:00,2018-06-04 06:00:00,5765.0,3019.1559124460177,2018-06-04 05:00:00,2745.8440875539823
base_02,sarimax,2018-06-04 06:00:00,2018-06-04 07:00:00,6081.0,5733.5501165585365,2018-06-04 06:00:00,347.4498834414635
base_02,sarimax,2018-06-04 07:00:00,2018-06-04 08:00:00,5546.0,6069.052779140169,2018-06-04 07:00:00,-523.0527791401692
base_02,sarimax,2018-06-04 08:00:00,2018-06-04 09:00:00,5108.0,5388.7870922977345,2018-06-04 08:00:00,-280.7870922977345
base_02,sarimax,2018-06-04 09:00:00,2018-06-04 10:00:00,4334.0,4877.589792063071,2018-06-04 09:00:00,-543.5897920630714
base_02,sarimax,2018-06-04 10:00:00,2018-06-04 11:00:00,4489.0,4349.733839749225,2018-06-04 10:00:00,139.2661602507751
base_02,sarimax,2018-06-04 11:00:00,2018-06-04 12:00:00,4741.0,4591.045037251265,2018-06-04 11:00:00,149.95496274873494
base_02,sarimax,2018-06-04 12:00:00,2018-06-04 13:00:00,4873.0,4821.316722791433,2018-06-04 12:00:00,51.68327720856723
base_02,sarimax,2018-06-04 13:00:00,2018-06-04 14:00:00,5170.0,4983.002886012421,2018-06-04 13:00:00,186.9971139875788
base_02,sarimax,2018-06-04 14:00:00,2018-06-04 15:00:00,5797.0,5176.280086210838,2018-06-04 14:00:00,620.7199137891621
base_02,sarimax,2018-06-04 15:00:00,2018-06-04 16:00:00,7024.0,5796.70982712543,2018-06-04 15:00:00,1227.29017287457
base_02,sarimax,2018-06-04 16:00:00,2018-06-04 17:00:00,6234.0,7037.414750096594,2018-06-04 16:00:00,-803.4147500965937
base_02,sarimax,2018-06-04 17:00:00,2018-06-04 18:00:00,4374.0,6229.715358334433,2018-06-04 17:00:00,-1855.7153583344334
base_02,sarimax,2018-06-04 18:00:00,2018-06-04 19:00:00,3279.0,4306.9857402848165,2018-06-04 18:00:00,-1027.9857402848165
base_02,sarimax,2018-06-04 19:00:00,2018-06-04 20:00:00,2941.0,3152.125629590258,2018-06-04 19:00:00,-211.1256295902581
base_02,sarimax,2018-06-04 20:00:00,2018-06-04 21:00:00,2776.0,3007.5823369827094,2018-06-04 20:00:00,-231.58233698270942
base_02,sarimax,2018-06-04 21:00:00,2018-06-04 22:00:00,1871.0,2936.1364614757777,2018-06-04 21:00:00,-1065.1364614757777
base_02,sarimax,2018-06-04 22:00:00,2018-06-04 23:00:00,1115.0,1915.2447526396659,2018-06-04 22:00:00,-800.2447526396659
base_02,sarimax,2018-06-04 23:00:00,2018-06-05 00:00:00,635.0,1126.7125323727796,2018-06-04 23:00:00,-491.7125323727796
base_02,sarimax,2018-06-05 00:00:00,2018-06-05 01:00:00,399.0,657.8760430421742,2018-06-05 00:00:00,-258.87604304217416
base_02,sarimax,2018-06-05 01:00:00,2018-06-05 02:00:00,297.0,460.57914158459664,2018-06-05 01:00:00,-163.57914158459664
base_02,sarimax,2018-06-05 02:00:00,2018-06-05 03:00:00,355.0,339.9846863813985,2018-06-05 02:00:00,15.01531361860151
base_02,sarimax,2018-06-05 03:00:00,2018-06-05 04:00:00,952.0,381.8463369656676,2018-06-05 03:00:00,570.1536630343323
base_02,sarimax,2018-06-05 04:00:00,2018-06-05 05:00:00,3078.0,951.0462237617921,2018-06-05 04:00:00,2126.953776238208
base_02,sarimax,2018-06-05 05:00:00,2018-06-05 06:00:00,5970.0,3063.084221716233,2018-06-05 05:00:00,2906.915778283767
base_02,sarimax,2018-06-05 06:00:00,2018-06-05 07:00:00,5972.0,5947.232320258187,2018-06-05 06:00:00,24.76767974181257
base_02,sarimax,2018-06-05 07:00:00,2018-06-05 08:00:00,5645.0,5901.741479145711,2018-06-05 07:00:00,-256.7414791457113
base_02,sarimax,2018-06-05 08:00:00,2018-06-05 09:00:00,5046.0,5435.194746023018,2018-06-05 08:00:00,-389.1947460230176
base_02,sarimax,2018-06-05 09:00:00,2018-06-05 10:00:00,4592.0,4772.070590438887,2018-06-05 09:00:00,-180.07059043888694
base_02,sarimax,2018-06-05 10:00:00,2018-06-05 11:00:00,4778.0,4617.411081229456,2018-06-05 10:00:00,160.5889187705443
base_02,sarimax,2018-06-05 11:00:00,2018-06-05 12:00:00,5256.0,4844.327679944329,2018-06-05 11:00:00,411.67232005567075
base_02,sarimax,2018-06-05 12:00:00,2018-06-05 13:00:00,5285.0,5347.644300033677,2018-06-05 12:00:00,-62.6443000336767
base_02,sarimax,2018-06-05 13:00:00,2018-06-05 14:00:00,5340.0,5357.502924953079,2018-06-05 13:00:00,-17.502924953078946
base_02,sarimax,2018-06-05 14:00:00,2018-06-05 15:00:00,6102.0,5340.3115377632275,2018-06-05 14:00:00,761.6884622367725
base_02,sarimax,2018-06-05 15:00:00,2018-06-05 16:00:00,7037.0,6079.398962531014,2018-06-05 15:00:00,957.6010374689859
base_02,sarimax,2018-06-05 16:00:00,2018-06-05 17:00:00,6431.0,7053.6174872012625,2018-06-05 16:00:00,-622.6174872012625
base_02,sarimax,2018-06-05 17:00:00,2018-06-05 18:00:00,4582.0,6431.9231540143055,2018-06-05 17:00:00,-1849.9231540143055
base_02,sarimax,2018-06-05 18:00:00,2018-06-05 19:00:00,3510.0,4508.43922315564,2018-06-05 18:00:00,-998.4392231556403
base_02,sarimax,2018-06-05 19:00:00,2018-06-05 20:00:00,3012.0,3413.6224763114274,2018-06-05 19:00:00,-401.62247631142736
base_02,sarimax,2018-06-05 20:00:00,2018-06-05 21:00:00,2754.0,3061.946652997675,2018-06-05 20:00:00,-307.94665299767485
base_02,sarimax,2018-06-05 21:00:00,2018-06-05 22:00:00,2212.0,2911.4153274300015,2018-06-05 21:00:00,-699.4153274300015
base_02,sarimax,2018-06-05 22:00:00,2018-06-05 23:00:00,1227.0,2283.9128368413135,2018-06-05 22:00:00,-1056.9128368413135
base_02,sarimax,2018-06-05 23:00:00,2018-06-06 00:00:00,663.0,1253.7569169662936,2018-06-05 23:00:00,-590.7569169662936
base_02,sarimax,2018-06-06 00:00:00,2018-06-06 01:00:00,415.0,672.5737967514592,2018-06-06 00:00:00,-257.5737967514592
base_02,sarimax,2018-06-06 01:00:00,2018-06-06 02:00:00,318.0,455.6881070054318,2018-06-06 01:00:00,-137.6881070054318
base_02,sarimax,2018-06-06 02:00:00,2018-06-06 03:00:00,362.0,415.0947302179822,2018-06-06 02:00:00,-53.0947302179822
base_02,sarimax,2018-06-06 03:00:00,2018-06-06 04:00:00,934.0,410.1547112530494,2018-06-06 03:00:00,523.8452887469506
base_02,sarimax,2018-06-06 04:00:00,2018-06-06 05:00:00,2980.0,970.4509704568161,2018-06-06 04:00:00,2009.549029543184
base_02,sarimax,2018-06-06 05:00:00,2018-06-06 06:00:00,5195.0,2985.9881571268206,2018-06-06 05:00:00,2209.0118428731794
base_02,sarimax,2018-06-06 06:00:00,2018-06-06 07:00:00,6083.0,5163.8337167124955,2018-06-06 06:00:00,919.1662832875045
base_02,sarimax,2018-06-06 07:00:00,2018-06-06 08:00:00,5301.0,5993.486217752104,2018-06-06 07:00:00,-692.4862177521036
base_02,sarimax,2018-06-06 08:00:00,2018-06-06 09:00:00,5324.0,5095.402359869473,2018-06-06 08:00:00,228.597640130527
base_02,sarimax,2018-06-06 09:00:00,2018-06-06 10:00:00,4621.0,5110.228633182475,2018-06-06 09:00:00,-489.2286331824753
base_02,sarimax,2018-06-06 10:00:00,2018-06-06 11:00:00,4915.0,4540.779337926642,2018-06-06 10:00:00,374.22066207335774
base_02,sarimax,2018-06-06 11:00:00,2018-06-06 12:00:00,5098.0,5011.930447725901,2018-06-06 11:00:00,86.0695522740989
base_02,sarimax,2018-06-06 12:00:00,2018-06-06 13:00:00,4799.0,5128.914296231917,2018-06-06 12:00:00,-329.91429623191743
base_02,sarimax,2018-06-06 13:00:00,2018-06-06 14:00:00,5226.0,4892.4914638984765,2018-06-06 13:00:00,333.50853610152353
base_02,sarimax,2018-06-06 14:00:00,2018-06-06 15:00:00,6264.0,5230.475015298237,2018-06-06 14:00:00,1033.524984701763
base_02,sarimax,2018-06-06 15:00:00,2018-06-06 16:00:00,6925.0,6253.63351235718,2018-06-06 15:00:00,671.3664876428202
base_02,sarimax,2018-06-06 16:00:00,2018-06-06 17:00:00,6637.0,6976.983321345529,2018-06-06 16:00:00,-339.98332134552857
base_02,sarimax,2018-06-06 17:00:00,2018-06-06 18:00:00,5055.0,6608.00010398697,2018-06-06 17:00:00,-1553.0001039869703
base_02,sarimax,2018-06-06 18:00:00,2018-06-06 19:00:00,3648.0,4956.062715560773,2018-06-06 18:00:00,-1308.0627155607726
base_02,sarimax,2018-06-06 19:00:00,2018-06-06 20:00:00,3157.0,3592.002179595697,2018-06-06 19:00:00,-435.0021795956968
base_02,sarimax,2018-06-06 20:00:00,2018-06-06 21:00:00,2723.0,3173.327857159265,2018-06-06 20:00:00,-450.327857159265
base_02,sarimax,2018-06-06 21:00:00,2018-06-06 22:00:00,2224.0,2853.5566397289113,2018-06-06 21:00:00,-629.5566397289113
base_02,sarimax,2018-06-06 22:00:00,2018-06-06 23:00:00,1303.0,2331.735473282911,2018-06-06 22:00:00,-1028.7354732829108
base_02,sarimax,2018-06-06 23:00:00,2018-06-07 00:00:00,685.0,1325.1338970784377,2018-06-06 23:00:00,-640.1338970784377
base_02,sarimax,2018-06-07 00:00:00,2018-06-07 01:00:00,439.0,705.3423468156813,2018-06-07 00:00:00,-266.34234681568125
base_02,sarimax,2018-06-07 01:00:00,2018-06-07 02:00:00,328.0,458.2386705338087,2018-06-07 01:00:00,-130.23867053380872
base_02,sarimax,2018-06-07 02:00:00,2018-06-07 03:00:00,380.0,405.8468779420532,2018-06-07 02:00:00,-25.846877942053197
base_02,sarimax,2018-06-07 03:00:00,2018-06-07 04:00:00,977.0,430.3709150526081,2018-06-07 03:00:00,546.6290849473919
base_02,sarimax,2018-06-07 04:00:00,2018-06-07 05:00:00,3018.0,986.4268514267437,2018-06-07 04:00:00,2031.5731485732563
base_02,sarimax,2018-06-07 05:00:00,2018-06-07 06:00:00,5885.0,3021.7042379508753,2018-06-07 05:00:00,2863.2957620491247
base_02,sarimax,2018-06-07 06:00:00,2018-06-07 07:00:00,6097.0,5854.262957398942,2018-06-07 06:00:00,242.73704260105842
base_02,sarimax,2018-06-07 07:00:00,2018-06-07 08:00:00,5871.0,6041.981462215831,2018-06-07 07:00:00,-170.98146221583102
base_02,sarimax,2018-06-07 08:00:00,2018-06-07 09:00:00,5136.0,5675.6755139945735,2018-06-07 08:00:00,-539.6755139945735
base_02,sarimax,2018-06-07 09:00:00,2018-06-07 10:00:00,4691.0,4867.763067285643,2018-06-07 09:00:00,-176.76306728564305
base_02,sarimax,2018-06-07 10:00:00,2018-06-07 11:00:00,5168.0,4697.842371582986,2018-06-07 10:00:00,470.15762841701417
base_02,sarimax,2018-06-07 11:00:00,2018-06-07 12:00:00,5220.0,5231.213472322238,2018-06-07 11:00:00,-11.213472322237976
base_02,sarimax,2018-06-07 12:00:00,2018-06-07 13:00:00,5094.0,5325.2915529420325,2018-06-07 12:00:00,-231.29155294203247
base_02,sarimax,2018-06-07 13:00:00,2018-06-07 14:00:00,5399.0,5166.149192441543,2018-06-07 13:00:00,232.85080755845684
base_02,sarimax,2018-06-07 14:00:00,2018-06-07 15:00:00,6202.0,5368.143112413109,2018-06-07 14:00:00,833.8568875868914
base_02,sarimax,2018-06-07 15:00:00,2018-06-07 16:00:00,6858.0,6221.26217064734,2018-06-07 15:00:00,636.7378293526599
base_02,sarimax,2018-06-07 16:00:00,2018-06-07 17:00:00,6286.0,6884.89235819227,2018-06-07 16:00:00,-598.89235819227
base_02,sarimax,2018-06-07 17:00:00,2018-06-07 18:00:00,4858.0,6252.072273276255,2018-06-07 17:00:00,-1394.0722732762551
base_02,sarimax,2018-06-07 18:00:00,2018-06-07 19:00:00,3715.0,4761.45001278532,2018-06-07 18:00:00,-1046.4500127853198
base_02,sarimax,2018-06-07 19:00:00,2018-06-07 20:00:00,3222.0,3641.9846420538042,2018-06-07 19:00:00,-419.98464205380424
base_02,sarimax,2018-06-07 20:00:00,2018-06-07 21:00:00,2912.0,3269.881937379357,2018-06-07 20:00:00,-357.88193737935717
base_02,sarimax,2018-06-07 21:00:00,2018-06-07 22:00:00,2215.0,3043.3524915755474,2018-06-07 21:00:00,-828.3524915755474
base_02,sarimax,2018-06-07 22:00:00,2018-06-07 23:00:00,1398.0,2323.725939993259,2018-06-07 22:00:00,-925.7259399932591
base_02,sarimax,2018-06-07 23:00:00,2018-06-08 00:00:00,800.0,1429.2760361115124,2018-06-07 23:00:00,-629.2760361115124
base_02,sarimax,2018-06-08 00:00:00,2018-06-08 01:00:00,480.0,825.1829309853046,2018-06-08 00:00:00,-345.18293098530455
base_02,sarimax,2018-06-08 01:00:00,2018-06-08 02:00:00,354.0,539.3963074319579,2018-06-08 01:00:00,-185.3963074319579
base_02,sarimax,2018-06-08 02:00:00,2018-06-08 03:00:00,364.0,423.8967020867615,2018-06-08 02:00:00,-59.89670208676148
base_02,sarimax,2018-06-08 03:00:00,2018-06-08 04:00:00,884.0,404.1499592844218,2018-06-08 03:00:00,479.8500407155782
base_02,sarimax,2018-06-08 04:00:00,2018-06-08 05:00:00,2793.0,906.3264683675673,2018-06-08 04:00:00,1886.6735316324327
base_02,sarimax,2018-06-08 05:00:00,2018-06-08 06:00:00,5554.0,2803.44487374594,2018-06-08 05:00:00,2750.55512625406
base_02,sarimax,2018-06-08 06:00:00,2018-06-08 07:00:00,6584.0,5551.639417847263,2018-06-08 06:00:00,1032.3605821527372
base_02,sarimax,2018-06-08 07:00:00,2018-06-08 08:00:00,5442.0,6530.167746120429,2018-06-08 07:00:00,-1088.167746120429
base_02,sarimax,2018-06-08 08:00:00,2018-06-08 09:00:00,5011.0,5253.956937041415,2018-06-08 08:00:00,-242.95693704141468
base_02,sarimax,2018-06-08 09:00:00,2018-06-08 10:00:00,4681.0,4743.439257501325,2018-06-08 09:00:00,-62.4392575013253
base_02,sarimax,2018-06-08 10:00:00,2018-06-08 11:00:00,4996.0,4588.133544491073,2018-06-08 10:00:00,407.8664555089272
base_02,sarimax,2018-06-08 11:00:00,2018-06-08 12:00:00,5415.0,5116.086956867752,2018-06-08 11:00:00,298.9130431322483
base_02,sarimax,2018-06-08 12:00:00,2018-06-08 13:00:00,5563.0,5470.10881247796,2018-06-08 12:00:00,92.89118752204013
base_02,sarimax,2018-06-08 13:00:00,2018-06-08 14:00:00,5936.0,5615.589719568731,2018-06-08 13:00:00,320.4102804312688
base_02,sarimax,2018-06-08 14:00:00,2018-06-08 15:00:00,6290.0,5914.318514091406,2018-06-08 14:00:00,375.68148590859437
base_02,sarimax,2018-06-08 15:00:00,2018-06-08 16:00:00,6727.0,6247.378789102648,2018-06-08 15:00:00,479.6212108973523
base_02,sarimax,2018-06-08 16:00:00,2018-06-08 17:00:00,5865.0,6707.335140320737,2018-06-08 16:00:00,-842.3351403207371
base_02,sarimax,2018-06-08 17:00:00,2018-06-08 18:00:00,4959.0,5838.438433006207,2018-06-08 17:00:00,-879.4384330062067
base_02,sarimax,2018-06-08 18:00:00,2018-06-08 19:00:00,3792.0,4929.417938656809,2018-06-08 18:00:00,-1137.4179386568094
base_02,sarimax,2018-06-08 19:00:00,2018-06-08 20:00:00,3251.0,3750.781420874588,2018-06-08 19:00:00,-499.7814208745881
base_02,sarimax,2018-06-08 20:00:00,2018-06-08 21:00:00,3050.0,3330.6577330393484,2018-06-08 20:00:00,-280.6577330393484
base_02,sarimax,2018-06-08 21:00:00,2018-06-08 22:00:00,3360.0,3124.4694125841156,2018-06-08 21:00:00,235.53058741588438
base_02,sarimax,2018-06-08 22:00:00,2018-06-08 23:00:00,2903.0,3469.693395905755,2018-06-08 22:00:00,-566.6933959057551
base_02,sarimax,2018-06-08 23:00:00,2018-06-09 00:00:00,1511.0,2940.5999204865757,2018-06-08 23:00:00,-1429.5999204865757
base_02,sarimax,2018-06-09 00:00:00,2018-06-09 01:00:00,1110.0,1512.76089522289,2018-06-09 00:00:00,-402.76089522289
base_02,sarimax,2018-06-09 01:00:00,2018-06-09 02:00:00,866.0,1066.3745384374618,2018-06-09 01:00:00,-200.37453843746175
base_02,sarimax,2018-06-09 02:00:00,2018-06-09 03:00:00,614.0,903.2310065330311,2018-06-09 02:00:00,-289.23100653303106
base_02,sarimax,2018-06-09 03:00:00,2018-06-09 04:00:00,517.0,749.5665551133422,2018-06-09 03:00:00,-232.56655511334225
base_02,sarimax,2018-06-09 04:00:00,2018-06-09 05:00:00,795.0,556.6197449754,2018-06-09 04:00:00,238.38025502460005
base_02,sarimax,2018-06-09 05:00:00,2018-06-09 06:00:00,1398.0,809.6808702174237,2018-06-09 05:00:00,588.3191297825763
base_02,sarimax,2018-06-09 06:00:00,2018-06-09 07:00:00,2172.0,1428.4763669277106,2018-06-09 06:00:00,743.5236330722894
base_02,sarimax,2018-06-09 07:00:00,2018-06-09 08:00:00,2686.0,2186.946394990442,2018-06-09 07:00:00,499.05360500955794
base_02,sarimax,2018-06-09 08:00:00,2018-06-09 09:00:00,3367.0,2667.6526780092286,2018-06-09 08:00:00,699.3473219907714
base_02,sarimax,2018-06-09 09:00:00,2018-06-09 10:00:00,3684.0,3330.989956615968,2018-06-09 09:00:00,353.0100433840321
base_02,sarimax,2018-06-09 10:00:00,2018-06-09 11:00:00,4085.0,3616.573186828943,2018-06-09 10:00:00,468.4268131710569
base_02,sarimax,2018-06-09 11:00:00,2018-06-09 12:00:00,4257.0,4040.053151536873,2018-06-09 11:00:00,216.94684846312703
base_02,sarimax,2018-06-09 12:00:00,2018-06-09 13:00:00,4186.0,4187.111927766538,2018-06-09 12:00:00,-1.1119277665384288
base_02,sarimax,2018-06-09 13:00:00,2018-06-09 14:00:00,4196.0,4151.921924546068,2018-06-09 13:00:00,44.07807545393189
base_02,sarimax,2018-06-09 14:00:00,2018-06-09 15:00:00,3957.0,4154.509924996304,2018-06-09 14:00:00,-197.5099249963041
base_02,sarimax,2018-06-09 15:00:00,2018-06-09 16:00:00,3940.0,3943.8745987281586,2018-06-09 15:00:00,-3.8745987281586167
base_02,sarimax,2018-06-09 16:00:00,2018-06-09 17:00:00,3589.0,3951.8965529734064,2018-06-09 16:00:00,-362.8965529734064
base_02,sarimax,2018-06-09 17:00:00,2018-06-09 18:00:00,3571.0,3602.366273334142,2018-06-09 17:00:00,-31.36627333414208
base_02,sarimax,2018-06-09 18:00:00,2018-06-09 19:00:00,3128.0,3596.103037717212,2018-06-09 18:00:00,-468.1030377172119
base_02,sarimax,2018-06-09 19:00:00,2018-06-09 20:00:00,2782.0,3140.2139657701036,2018-06-09 19:00:00,-358.21396577010364
base_02,sarimax,2018-06-09 20:00:00,2018-06-09 21:00:00,2835.0,2819.6142928979134,2018-06-09 20:00:00,15.385707102086599
base_02,sarimax,2018-06-09 21:00:00,2018-06-09 22:00:00,2863.0,2831.439062430861,2018-06-09 21:00:00,31.560937569138787
base_02,sarimax,2018-06-09 22:00:00,2018-06-09 23:00:00,1928.0,2898.157116788018,2018-06-09 22:00:00,-970.1571167880179
base_02,sarimax,2018-06-09 23:00:00,2018-06-10 00:00:00,1226.0,1953.9732564799233,2018-06-09 23:00:00,-727.9732564799233
base_02,sarimax,2018-06-10 00:00:00,2018-06-10 01:00:00,777.0,1224.6522284883195,2018-06-10 00:00:00,-447.65222848831945
base_02,sarimax,2018-06-10 01:00:00,2018-06-10 02:00:00,570.0,765.5114722219125,2018-06-10 01:00:00,-195.51147222191253
base_02,sarimax,2018-06-10 02:00:00,2018-06-10 03:00:00,350.0,650.2273809407707,2018-06-10 02:00:00,-300.2273809407707
base_02,sarimax,2018-06-10 03:00:00,2018-06-10 04:00:00,293.0,404.56638207913664,2018-06-10 03:00:00,-111.56638207913664
base_02,sarimax,2018-06-10 04:00:00,2018-06-10 05:00:00,427.0,331.8493163751813,2018-06-10 04:00:00,95.15068362481873
base_02,sarimax,2018-06-10 05:00:00,2018-06-10 06:00:00,808.0,440.65346563356064,2018-06-10 05:00:00,367.34653436643936
base_02,sarimax,2018-06-10 06:00:00,2018-06-10 07:00:00,1012.0,815.7881403331812,2018-06-10 06:00:00,196.21185966681878
base_02,sarimax,2018-06-10 07:00:00,2018-06-10 08:00:00,1617.0,1016.174475542807,2018-06-10 07:00:00,600.825524457193
base_02,sarimax,2018-06-10 08:00:00,2018-06-10 09:00:00,2417.0,1620.3170948030333,2018-06-10 08:00:00,796.6829051969667
base_02,sarimax,2018-06-10 09:00:00,2018-06-10 10:00:00,3075.0,2388.586532784796,2018-06-10 09:00:00,686.413467215204
base_02,sarimax,2018-06-10 10:00:00,2018-06-10 11:00:00,3656.0,3071.162597945289,2018-06-10 10:00:00,584.8374020547112
base_02,sarimax,2018-06-10 11:00:00,2018-06-10 12:00:00,3993.0,3607.332227759465,2018-06-10 11:00:00,385.6677722405352
base_02,sarimax,2018-06-10 12:00:00,2018-06-10 13:00:00,3888.0,3919.473879742488,2018-06-10 12:00:00,-31.473879742487952
base_02,sarimax,2018-06-10 13:00:00,2018-06-10 14:00:00,4125.0,3825.963945916187,2018-06-10 13:00:00,299.0360540838128
base_02,sarimax,2018-06-10 14:00:00,2018-06-10 15:00:00,4062.0,4073.7542027248346,2018-06-10 14:00:00,-11.754202724834613
base_02,sarimax,2018-06-10 15:00:00,2018-06-10 16:00:00,3901.0,4036.980268585399,2018-06-10 15:00:00,-135.9802685853988
base_02,sarimax,2018-06-10 16:00:00,2018-06-10 17:00:00,3584.0,3934.7749269743335,2018-06-10 16:00:00,-350.77492697433354
base_02,sarimax,2018-06-10 17:00:00,2018-06-10 18:00:00,3477.0,3570.656902011515,2018-06-10 17:00:00,-93.65690201151483
base_02,sarimax,2018-06-10 18:00:00,2018-06-10 19:00:00,3010.0,3492.0103154222284,2018-06-10 18:00:00,-482.01031542222836
base_02,sarimax,2018-06-10 19:00:00,2018-06-10 20:00:00,2979.0,3022.954477316412,2018-06-10 19:00:00,-43.95447731641207
base_02,sarimax,2018-06-10 20:00:00,2018-06-10 21:00:00,2353.0,3006.409913117146,2018-06-10 20:00:00,-653.4099131171461
base_02,sarimax,2018-06-10 21:00:00,2018-06-10 22:00:00,1834.0,2353.151047139066,2018-06-10 21:00:00,-519.1510471390661
base_02,sarimax,2018-06-10 22:00:00,2018-06-10 23:00:00,1101.0,1874.882668979753,2018-06-10 22:00:00,-773.8826689797529
base_02,sarimax,2018-06-10 23:00:00,2018-06-11 00:00:00,642.0,1099.3730521178813,2018-06-10 23:00:00,-457.37305211788134
base_02,sarimax,2018-06-11 00:00:00,2018-06-11 01:00:00,396.0,689.4732406739729,2018-06-11 00:00:00,-293.4732406739729
base_02,sarimax,2018-06-11 01:00:00,2018-06-11 02:00:00,291.0,429.48309007214675,2018-06-11 01:00:00,-138.48309007214675
base_02,sarimax,2018-06-11 02:00:00,2018-06-11 03:00:00,310.0,342.84419937047085,2018-06-11 02:00:00,-32.84419937047085
base_02,sarimax,2018-06-11 03:00:00,2018-06-11 04:00:00,873.0,344.0489247997991,2018-06-11 03:00:00,528.9510752002009
base_02,sarimax,2018-06-11 04:00:00,2018-06-11 05:00:00,2947.0,878.1478527297154,2018-06-11 04:00:00,2068.8521472702846
base_02,sarimax,2018-06-11 05:00:00,2018-06-11 06:00:00,5476.0,2950.3233112047205,2018-06-11 05:00:00,2525.6766887952795
base_02,sarimax,2018-06-11 06:00:00,2018-06-11 07:00:00,6336.0,5469.987824637858,2018-06-11 06:00:00,866.0121753621424
base_02,sarimax,2018-06-11 07:00:00,2018-06-11 08:00:00,5676.0,6285.019607346832,2018-06-11 07:00:00,-609.0196073468323
base_02,sarimax,2018-06-11 08:00:00,2018-06-11 09:00:00,4588.0,5468.369527657818,2018-06-11 08:00:00,-880.3695276578183
base_02,sarimax,2018-06-11 09:00:00,2018-06-11 10:00:00,4270.0,4341.492689322038,2018-06-11 09:00:00,-71.49268932203813
base_02,sarimax,2018-06-11 10:00:00,2018-06-11 11:00:00,4435.0,4194.9915019039045,2018-06-11 10:00:00,240.00849809609554
base_02,sarimax,2018-06-11 11:00:00,2018-06-11 12:00:00,4763.0,4505.970936291195,2018-06-11 11:00:00,257.02906370880464
base_02,sarimax,2018-06-11 12:00:00,2018-06-11 13:00:00,4658.0,4876.281707380032,2018-06-11 12:00:00,-218.28170738003155
base_02,sarimax,2018-06-11 13:00:00,2018-06-11 14:00:00,4923.0,4713.262029450768,2018-06-11 13:00:00,209.73797054923216
base_02,sarimax,2018-06-11 14:00:00,2018-06-11 15:00:00,5691.0,4932.182880995979,2018-06-11 14:00:00,758.8171190040212
base_02,sarimax,2018-06-11 15:00:00,2018-06-11 16:00:00,6556.0,5653.7178641185255,2018-06-11 15:00:00,902.2821358814745
base_02,sarimax,2018-06-11 16:00:00,2018-06-11 17:00:00,5922.0,6564.499443814027,2018-06-11 16:00:00,-642.4994438140266
base_02,sarimax,2018-06-11 17:00:00,2018-06-11 18:00:00,4512.0,5894.481472571209,2018-06-11 17:00:00,-1382.4814725712095
base_02,sarimax,2018-06-11 18:00:00,2018-06-11 19:00:00,3078.0,4416.498800175333,2018-06-11 18:00:00,-1338.4988001753327
base_02,sarimax,2018-06-11 19:00:00,2018-06-11 20:00:00,2611.0,2986.017315110595,2018-06-11 19:00:00,-375.01731511059506
base_02,sarimax,2018-06-11 20:00:00,2018-06-11 21:00:00,2240.0,2676.8967103712225,2018-06-11 20:00:00,-436.8967103712225
base_02,sarimax,2018-06-11 21:00:00,2018-06-11 22:00:00,1861.0,2397.4340176852993,2018-06-11 21:00:00,-536.4340176852993
base_02,sarimax,2018-06-11 22:00:00,2018-06-11 23:00:00,1109.0,2005.8783401305734,2018-06-11 22:00:00,-896.8783401305734
base_02,sarimax,2018-06-11 23:00:00,2018-06-12 00:00:00,621.0,1138.1048602067606,2018-06-11 23:00:00,-517.1048602067606
base_02,sarimax,2018-06-12 00:00:00,2018-06-12 01:00:00,396.0,655.1425402796118,2018-06-12 00:00:00,-259.1425402796118
base_02,sarimax,2018-06-12 01:00:00,2018-06-12 02:00:00,314.0,426.85338107151915,2018-06-12 01:00:00,-112.85338107151915
base_02,sarimax,2018-06-12 02:00:00,2018-06-12 03:00:00,362.0,384.44732626127313,2018-06-12 02:00:00,-22.447326261273133
base_02,sarimax,2018-06-12 03:00:00,2018-06-12 04:00:00,912.0,412.4436654028302,2018-06-12 03:00:00,499.5563345971698
base_02,sarimax,2018-06-12 04:00:00,2018-06-12 05:00:00,3013.0,922.9537796240544,2018-06-12 04:00:00,2090.0462203759457
base_02,sarimax,2018-06-12 05:00:00,2018-06-12 06:00:00,5905.0,3026.9719670784993,2018-06-12 05:00:00,2878.0280329215007
base_02,sarimax,2018-06-12 06:00:00,2018-06-12 07:00:00,6283.0,5899.416651438841,2018-06-12 06:00:00,383.58334856115926
base_02,sarimax,2018-06-12 07:00:00,2018-06-12 08:00:00,5656.0,6226.928177051777,2018-06-12 07:00:00,-570.9281770517773
base_02,sarimax,2018-06-12 08:00:00,2018-06-12 09:00:00,4948.0,5459.248687256326,2018-06-12 08:00:00,-511.24868725632587
base_02,sarimax,2018-06-12 09:00:00,2018-06-12 10:00:00,4574.0,4670.825813863136,2018-06-12 09:00:00,-96.82581386313632
base_02,sarimax,2018-06-12 10:00:00,2018-06-12 11:00:00,4531.0,4550.904724249082,2018-06-12 10:00:00,-19.904724249082392
base_02,sarimax,2018-06-12 11:00:00,2018-06-12 12:00:00,4911.0,4612.245414583803,2018-06-12 11:00:00,298.7545854161972
base_02,sarimax,2018-06-12 12:00:00,2018-06-12 13:00:00,4777.0,4994.048266140642,2018-06-12 12:00:00,-217.04826614064223
base_02,sarimax,2018-06-12 13:00:00,2018-06-12 14:00:00,5185.0,4819.968976695694,2018-06-12 13:00:00,365.03102330430556
base_02,sarimax,2018-06-12 14:00:00,2018-06-12 15:00:00,6092.0,5209.405306352636,2018-06-12 14:00:00,882.5946936473638
base_02,sarimax,2018-06-12 15:00:00,2018-06-12 16:00:00,6777.0,6064.704620052279,2018-06-12 15:00:00,712.2953799477209
base_02,sarimax,2018-06-12 16:00:00,2018-06-12 17:00:00,6366.0,6801.49276065559,2018-06-12 16:00:00,-435.49276065559025
base_02,sarimax,2018-06-12 17:00:00,2018-06-12 18:00:00,4701.0,6328.444792180738,2018-06-12 17:00:00,-1627.4447921807377
base_02,sarimax,2018-06-12 18:00:00,2018-06-12 19:00:00,3235.0,4613.908684418937,2018-06-12 18:00:00,-1378.908684418937
base_02,sarimax,2018-06-12 19:00:00,2018-06-12 20:00:00,2975.0,3148.7853095458213,2018-06-12 19:00:00,-173.7853095458213
base_02,sarimax,2018-06-12 20:00:00,2018-06-12 21:00:00,2990.0,3005.8771466033772,2018-06-12 20:00:00,-15.877146603377241
base_02,sarimax,2018-06-12 21:00:00,2018-06-12 22:00:00,2332.0,3141.4903425469693,2018-06-12 21:00:00,-809.4903425469693
base_02,sarimax,2018-06-12 22:00:00,2018-06-12 23:00:00,1250.0,2467.1820136759425,2018-06-12 22:00:00,-1217.1820136759425
base_02,sarimax,2018-06-12 23:00:00,2018-06-13 00:00:00,684.0,1252.1245004535285,2018-06-12 23:00:00,-568.1245004535285
base_02,sarimax,2018-06-13 00:00:00,2018-06-13 01:00:00,439.0,652.9053445165825,2018-06-13 00:00:00,-213.90534451658255
base_02,sarimax,2018-06-13 01:00:00,2018-06-13 02:00:00,328.0,469.3414259974895,2018-06-13 01:00:00,-141.34142599748952
base_02,sarimax,2018-06-13 02:00:00,2018-06-13 03:00:00,387.0,411.48473025548384,2018-06-13 02:00:00,-24.48473025548384
base_02,sarimax,2018-06-13 03:00:00,2018-06-13 04:00:00,922.0,422.8343016730337,2018-06-13 03:00:00,499.1656983269663
base_02,sarimax,2018-06-13 04:00:00,2018-06-13 05:00:00,3022.0,920.2444207776966,2018-06-13 04:00:00,2101.7555792223034
base_02,sarimax,2018-06-13 05:00:00,2018-06-13 06:00:00,5767.0,3024.2429779501226,2018-06-13 05:00:00,2742.7570220498774
base_02,sarimax,2018-06-13 06:00:00,2018-06-13 07:00:00,6127.0,5745.465588675646,2018-06-13 06:00:00,381.53441132435364
base_02,sarimax,2018-06-13 07:00:00,2018-06-13 08:00:00,5664.0,6091.935054651945,2018-06-13 07:00:00,-427.9350546519454
base_02,sarimax,2018-06-13 08:00:00,2018-06-13 09:00:00,5157.0,5489.955067400075,2018-06-13 08:00:00,-332.95506740007477
base_02,sarimax,2018-06-13 09:00:00,2018-06-13 10:00:00,4579.0,4924.240119577082,2018-06-13 09:00:00,-345.2401195770817
base_02,sarimax,2018-06-13 10:00:00,2018-06-13 11:00:00,4687.0,4577.5612864017685,2018-06-13 10:00:00,109.43871359823152
base_02,sarimax,2018-06-13 11:00:00,2018-06-13 12:00:00,5110.0,4774.833854735473,2018-06-13 11:00:00,335.1661452645267
base_02,sarimax,2018-06-13 12:00:00,2018-06-13 13:00:00,4998.0,5184.807385019918,2018-06-13 12:00:00,-186.807385019918
base_02,sarimax,2018-06-13 13:00:00,2018-06-13 14:00:00,5227.0,5079.066997775626,2018-06-13 13:00:00,147.93300222437392
base_02,sarimax,2018-06-13 14:00:00,2018-06-13 15:00:00,6188.0,5224.050598129923,2018-06-13 14:00:00,963.949401870077
base_02,sarimax,2018-06-13 15:00:00,2018-06-13 16:00:00,6781.0,6161.8082035622465,2018-06-13 15:00:00,619.1917964377535
base_02,sarimax,2018-06-13 16:00:00,2018-06-13 17:00:00,5644.0,6796.93272821588,2018-06-13 16:00:00,-1152.9327282158802
base_02,sarimax,2018-06-13 17:00:00,2018-06-13 18:00:00,4617.0,5624.826817462153,2018-06-13 17:00:00,-1007.8268174621526
base_02,sarimax,2018-06-13 18:00:00,2018-06-13 19:00:00,3560.0,4518.7656844110315,2018-06-13 18:00:00,-958.7656844110315
base_02,sarimax,2018-06-13 19:00:00,2018-06-13 20:00:00,3277.0,3486.5311705518925,2018-06-13 19:00:00,-209.5311705518925
base_02,sarimax,2018-06-13 20:00:00,2018-06-13 21:00:00,2777.0,3374.046166432069,2018-06-13 20:00:00,-597.0461664320692
base_02,sarimax,2018-06-13 21:00:00,2018-06-13 22:00:00,2123.0,2843.168239250426,2018-06-13 21:00:00,-720.1682392504258
base_02,sarimax,2018-06-13 22:00:00,2018-06-13 23:00:00,1283.0,2190.345311634312,2018-06-13 22:00:00,-907.3453116343121
base_02,sarimax,2018-06-13 23:00:00,2018-06-14 00:00:00,724.0,1290.5688515850452,2018-06-13 23:00:00,-566.5688515850452
base_02,sarimax,2018-06-14 00:00:00,2018-06-14 01:00:00,424.0,757.3615196254696,2018-06-14 00:00:00,-333.36151962546955
base_02,sarimax,2018-06-14 01:00:00,2018-06-14 02:00:00,308.0,484.1855863273497,2018-06-14 01:00:00,-176.1855863273497
base_02,sarimax,2018-06-14 02:00:00,2018-06-14 03:00:00,368.0,391.4257292349534,2018-06-14 02:00:00,-23.425729234953394
base_02,sarimax,2018-06-14 03:00:00,2018-06-14 04:00:00,928.0,432.90462506645076,2018-06-14 03:00:00,495.09537493354924
base_02,sarimax,2018-06-14 04:00:00,2018-06-14 05:00:00,3013.0,950.3809046372478,2018-06-14 04:00:00,2062.619095362752
base_02,sarimax,2018-06-14 05:00:00,2018-06-14 06:00:00,5824.0,3006.9914689186426,2018-06-14 05:00:00,2817.0085310813574
base_02,sarimax,2018-06-14 06:00:00,2018-06-14 07:00:00,6438.0,5800.21434070374,2018-06-14 06:00:00,637.7856592962598
base_02,sarimax,2018-06-14 07:00:00,2018-06-14 08:00:00,5778.0,6398.030048155717,2018-06-14 07:00:00,-620.0300481557169
base_02,sarimax,2018-06-14 08:00:00,2018-06-14 09:00:00,4983.0,5609.341193955611,2018-06-14 08:00:00,-626.3411939556108
base_02,sarimax,2018-06-14 09:00:00,2018-06-14 10:00:00,4510.0,4717.158747315807,2018-06-14 09:00:00,-207.15874731580698
base_02,sarimax,2018-06-14 10:00:00,2018-06-14 11:00:00,4810.0,4466.374002434836,2018-06-14 10:00:00,343.62599756516374
base_02,sarimax,2018-06-14 11:00:00,2018-06-14 12:00:00,5062.0,4900.299804070631,2018-06-14 11:00:00,161.70019592936933
base_02,sarimax,2018-06-14 12:00:00,2018-06-14 13:00:00,5018.0,5169.341362339115,2018-06-14 12:00:00,-151.34136233911522
base_02,sarimax,2018-06-14 13:00:00,2018-06-14 14:00:00,5434.0,5090.116777404991,2018-06-14 13:00:00,343.8832225950091
base_02,sarimax,2018-06-14 14:00:00,2018-06-14 15:00:00,6192.0,5418.458479264473,2018-06-14 14:00:00,773.5415207355272
base_02,sarimax,2018-06-14 15:00:00,2018-06-14 16:00:00,6890.0,6182.943835791341,2018-06-14 15:00:00,707.0561642086586
base_02,sarimax,2018-06-14 16:00:00,2018-06-14 17:00:00,6049.0,6901.8203911041055,2018-06-14 16:00:00,-852.8203911041055
base_02,sarimax,2018-06-14 17:00:00,2018-06-14 18:00:00,4819.0,6009.907106908799,2018-06-14 17:00:00,-1190.9071069087986
base_02,sarimax,2018-06-14 18:00:00,2018-06-14 19:00:00,3709.0,4736.096588283408,2018-06-14 18:00:00,-1027.096588283408
base_02,sarimax,2018-06-14 19:00:00,2018-06-14 20:00:00,3274.0,3621.91367714754,2018-06-14 19:00:00,-347.91367714754006
base_02,sarimax,2018-06-14 20:00:00,2018-06-14 21:00:00,2922.0,3341.00785077877,2018-06-14 20:00:00,-419.0078507787698
base_02,sarimax,2018-06-14 21:00:00,2018-06-14 22:00:00,2284.0,3036.414188022545,2018-06-14 21:00:00,-752.4141880225452
base_02,sarimax,2018-06-14 22:00:00,2018-06-14 23:00:00,1388.0,2385.263737434262,2018-06-14 22:00:00,-997.2637374342621
base_02,sarimax,2018-06-14 23:00:00,2018-06-15 00:00:00,830.0,1409.0830269420169,2018-06-14 23:00:00,-579.0830269420169
base_02,sarimax,2018-06-15 00:00:00,2018-06-15 01:00:00,500.0,852.1779894035255,2018-06-15 00:00:00,-352.17798940352554
base_02,sarimax,2018-06-15 01:00:00,2018-06-15 02:00:00,358.0,548.9325057696302,2018-06-15 01:00:00,-190.9325057696302
base_02,sarimax,2018-06-15 02:00:00,2018-06-15 03:00:00,384.0,438.70821892027914,2018-06-15 02:00:00,-54.70821892027914
base_02,sarimax,2018-06-15 03:00:00,2018-06-15 04:00:00,866.0,433.4102205001186,2018-06-15 03:00:00,432.5897794998814
base_02,sarimax,2018-06-15 04:00:00,2018-06-15 05:00:00,2843.0,894.0519739082634,2018-06-15 04:00:00,1948.9480260917367
base_02,sarimax,2018-06-15 05:00:00,2018-06-15 06:00:00,5432.0,2863.3115792899875,2018-06-15 05:00:00,2568.6884207100125
base_02,sarimax,2018-06-15 06:00:00,2018-06-15 07:00:00,6361.0,5422.386528711765,2018-06-15 06:00:00,938.6134712882349
base_02,sarimax,2018-06-15 07:00:00,2018-06-15 08:00:00,5671.0,6328.2329626544815,2018-06-15 07:00:00,-657.2329626544815
base_02,sarimax,2018-06-15 08:00:00,2018-06-15 09:00:00,4977.0,5491.592680449794,2018-06-15 08:00:00,-514.592680449794
base_02,sarimax,2018-06-15 09:00:00,2018-06-15 10:00:00,4801.0,4745.277895092377,2018-06-15 09:00:00,55.72210490762336
base_02,sarimax,2018-06-15 10:00:00,2018-06-15 11:00:00,5025.0,4741.909799654875,2018-06-15 10:00:00,283.0902003451247
base_02,sarimax,2018-06-15 11:00:00,2018-06-15 12:00:00,5396.0,5130.934804603249,2018-06-15 11:00:00,265.0651953967508
base_02,sarimax,2018-06-15 12:00:00,2018-06-15 13:00:00,5168.0,5492.93537571888,2018-06-15 12:00:00,-324.9353757188801
base_02,sarimax,2018-06-15 13:00:00,2018-06-15 14:00:00,5614.0,5234.127829429682,2018-06-15 13:00:00,379.8721705703183
base_02,sarimax,2018-06-15 14:00:00,2018-06-15 15:00:00,5993.0,5617.35258346898,2018-06-15 14:00:00,375.6474165310201
base_02,sarimax,2018-06-15 15:00:00,2018-06-15 16:00:00,6333.0,5953.243984383243,2018-06-15 15:00:00,379.7560156167574
base_02,sarimax,2018-06-15 16:00:00,2018-06-15 17:00:00,5165.0,6339.978891466363,2018-06-15 16:00:00,-1174.9788914663632
base_02,sarimax,2018-06-15 17:00:00,2018-06-15 18:00:00,4369.0,5122.276009457952,2018-06-15 17:00:00,-753.2760094579517
base_02,sarimax,2018-06-15 18:00:00,2018-06-15 19:00:00,3688.0,4333.0461224439805,2018-06-15 18:00:00,-645.0461224439805
base_02,sarimax,2018-06-15 19:00:00,2018-06-15 20:00:00,3123.0,3646.673722452585,2018-06-15 19:00:00,-523.673722452585
base_02,sarimax,2018-06-15 20:00:00,2018-06-15 21:00:00,3118.0,3213.939488015255,2018-06-15 20:00:00,-95.93948801525494
base_02,sarimax,2018-06-15 21:00:00,2018-06-15 22:00:00,2778.0,3161.2776078370885,2018-06-15 21:00:00,-383.27760783708845
base_02,sarimax,2018-06-15 22:00:00,2018-06-15 23:00:00,2666.0,2839.5757830043144,2018-06-15 22:00:00,-173.57578300431442
base_02,sarimax,2018-06-15 23:00:00,2018-06-16 00:00:00,1386.0,2709.0743790237716,2018-06-15 23:00:00,-1323.0743790237716
base_02,sarimax,2018-06-16 00:00:00,2018-06-16 01:00:00,825.0,1377.0254427878192,2018-06-16 00:00:00,-552.0254427878192
base_02,sarimax,2018-06-16 01:00:00,2018-06-16 02:00:00,587.0,854.749849385389,2018-06-16 01:00:00,-267.749849385389
base_02,sarimax,2018-06-16 02:00:00,2018-06-16 03:00:00,391.0,594.8579488406692,2018-06-16 02:00:00,-203.85794884066922
base_02,sarimax,2018-06-16 03:00:00,2018-06-16 04:00:00,402.0,518.1716810412785,2018-06-16 03:00:00,-116.17168104127848
base_02,sarimax,2018-06-16 04:00:00,2018-06-16 05:00:00,772.0,458.8123292837709,2018-06-16 04:00:00,313.1876707162291
base_02,sarimax,2018-06-16 05:00:00,2018-06-16 06:00:00,1196.0,781.8278163508708,2018-06-16 05:00:00,414.17218364912924
base_02,sarimax,2018-06-16 06:00:00,2018-06-16 07:00:00,1651.0,1214.4222684086442,2018-06-16 06:00:00,436.5777315913558
base_02,sarimax,2018-06-16 07:00:00,2018-06-16 08:00:00,2329.0,1651.7854394972317,2018-06-16 07:00:00,677.2145605027683
base_02,sarimax,2018-06-16 08:00:00,2018-06-16 09:00:00,3017.0,2274.2506591768442,2018-06-16 08:00:00,742.7493408231558
base_02,sarimax,2018-06-16 09:00:00,2018-06-16 10:00:00,3514.0,2935.0571884684505,2018-06-16 09:00:00,578.9428115315495
base_02,sarimax,2018-06-16 10:00:00,2018-06-16 11:00:00,3907.0,3452.979859733134,2018-06-16 10:00:00,454.02014026686584
base_02,sarimax,2018-06-16 11:00:00,2018-06-16 12:00:00,4494.0,3839.71673783371,2018-06-16 11:00:00,654.2832621662901
base_02,sarimax,2018-06-16 12:00:00,2018-06-16 13:00:00,4834.0,4429.888334760047,2018-06-16 12:00:00,404.11166523995325
base_02,sarimax,2018-06-16 13:00:00,2018-06-16 14:00:00,4900.0,4790.958438590009,2018-06-16 13:00:00,109.04156140999112
base_02,sarimax,2018-06-16 14:00:00,2018-06-16 15:00:00,4363.0,4870.539884760692,2018-06-16 14:00:00,-507.5398847606921
base_02,sarimax,2018-06-16 15:00:00,2018-06-16 16:00:00,4495.0,4346.577380185836,2018-06-16 15:00:00,148.42261981416414
base_02,sarimax,2018-06-16 16:00:00,2018-06-16 17:00:00,4053.0,4499.373388366839,2018-06-16 16:00:00,-446.3733883668392
base_02,sarimax,2018-06-16 17:00:00,2018-06-16 18:00:00,3987.0,4081.653355884585,2018-06-16 17:00:00,-94.65335588458493
base_02,sarimax,2018-06-16 18:00:00,2018-06-16 19:00:00,3223.0,4059.1055658623004,2018-06-16 18:00:00,-836.1055658623004
base_02,sarimax,2018-06-16 19:00:00,2018-06-16 20:00:00,2928.0,3216.703143299183,2018-06-16 19:00:00,-288.703143299183
base_02,sarimax,2018-06-16 20:00:00,2018-06-16 21:00:00,2887.0,2974.6440203505654,2018-06-16 20:00:00,-87.64402035056537
base_02,sarimax,2018-06-16 21:00:00,2018-06-16 22:00:00,2606.0,2874.7203616007087,2018-06-16 21:00:00,-268.72036160070866
base_02,sarimax,2018-06-16 22:00:00,2018-06-16 23:00:00,2047.0,2672.443865810782,2018-06-16 22:00:00,-625.443865810782
base_02,sarimax,2018-06-16 23:00:00,2018-06-17 00:00:00,1332.0,2088.3811471226204,2018-06-16 23:00:00,-756.3811471226204
base_02,sarimax,2018-06-17 00:00:00,2018-06-17 01:00:00,866.0,1339.694148469094,2018-06-17 00:00:00,-473.694148469094
base_02,sarimax,2018-06-17 01:00:00,2018-06-17 02:00:00,659.0,892.6703534951625,2018-06-17 01:00:00,-233.67035349516254
base_02,sarimax,2018-06-17 02:00:00,2018-06-17 03:00:00,413.0,708.5490443160905,2018-06-17 02:00:00,-295.54904431609054
base_02,sarimax,2018-06-17 03:00:00,2018-06-17 04:00:00,393.0,474.48838459733247,2018-06-17 03:00:00,-81.48838459733247
base_02,sarimax,2018-06-17 04:00:00,2018-06-17 05:00:00,552.0,416.78390885812684,2018-06-17 04:00:00,135.21609114187316
base_02,sarimax,2018-06-17 05:00:00,2018-06-17 06:00:00,885.0,548.1030605400301,2018-06-17 05:00:00,336.8969394599699
base_02,sarimax,2018-06-17 06:00:00,2018-06-17 07:00:00,1185.0,892.5396736258929,2018-06-17 06:00:00,292.4603263741071
base_02,sarimax,2018-06-17 07:00:00,2018-06-17 08:00:00,1724.0,1175.052938465142,2018-06-17 07:00:00,548.947061534858
base_02,sarimax,2018-06-17 08:00:00,2018-06-17 09:00:00,2723.0,1715.7040545178804,2018-06-17 08:00:00,1007.2959454821196
base_02,sarimax,2018-06-17 09:00:00,2018-06-17 10:00:00,3488.0,2708.66981837307,2018-06-17 09:00:00,779.33018162693
base_02,sarimax,2018-06-17 10:00:00,2018-06-17 11:00:00,3790.0,3491.3351667215948,2018-06-17 10:00:00,298.66483327840524
base_02,sarimax,2018-06-17 11:00:00,2018-06-17 12:00:00,4260.0,3757.8408113734213,2018-06-17 11:00:00,502.1591886265787
base_02,sarimax,2018-06-17 12:00:00,2018-06-17 13:00:00,4365.0,4183.306891457428,2018-06-17 12:00:00,181.6931085425722
base_02,sarimax,2018-06-17 13:00:00,2018-06-17 14:00:00,4192.0,4300.82748503422,2018-06-17 13:00:00,-108.82748503422044
base_02,sarimax,2018-06-17 14:00:00,2018-06-17 15:00:00,4234.0,4171.270934814673,2018-06-17 14:00:00,62.72906518532727
base_02,sarimax,2018-06-17 15:00:00,2018-06-17 16:00:00,4404.0,4193.488787506298,2018-06-17 15:00:00,210.51121249370226
base_02,sarimax,2018-06-17 16:00:00,2018-06-17 17:00:00,4175.0,4411.190778502494,2018-06-17 16:00:00,-236.19077850249414
base_02,sarimax,2018-06-17 17:00:00,2018-06-17 18:00:00,3843.0,4186.807826044773,2018-06-17 17:00:00,-343.8078260447728
base_02,sarimax,2018-06-17 18:00:00,2018-06-17 19:00:00,3613.0,3791.8907585439038,2018-06-17 18:00:00,-178.89075854390376
base_02,sarimax,2018-06-17 19:00:00,2018-06-17 20:00:00,3185.0,3555.9595379082357,2018-06-17 19:00:00,-370.9595379082357
base_02,sarimax,2018-06-17 20:00:00,2018-06-17 21:00:00,2568.0,3188.066123754393,2018-06-17 20:00:00,-620.0661237543932
base_02,sarimax,2018-06-17 21:00:00,2018-06-17 22:00:00,2045.0,2585.235802641146,2018-06-17 21:00:00,-540.2358026411462
base_02,sarimax,2018-06-17 22:00:00,2018-06-17 23:00:00,1218.0,2046.8649352622565,2018-06-17 22:00:00,-828.8649352622565
base_02,sarimax,2018-06-17 23:00:00,2018-06-18 00:00:00,627.0,1243.455758130419,2018-06-17 23:00:00,-616.4557581304191
base_02,sarimax,2018-06-18 00:00:00,2018-06-18 01:00:00,367.0,670.8934284083807,2018-06-18 00:00:00,-303.8934284083807
base_02,sarimax,2018-06-18 01:00:00,2018-06-18 02:00:00,272.0,420.28252937900874,2018-06-18 01:00:00,-148.28252937900874
base_02,sarimax,2018-06-18 02:00:00,2018-06-18 03:00:00,365.0,340.48463037202487,2018-06-18 02:00:00,24.515369627975133
base_02,sarimax,2018-06-18 03:00:00,2018-06-18 04:00:00,802.0,422.4558555978159,2018-06-18 03:00:00,379.5441444021841
base_02,sarimax,2018-06-18 04:00:00,2018-06-18 05:00:00,2891.0,823.905376431363,2018-06-18 04:00:00,2067.094623568637
base_02,sarimax,2018-06-18 05:00:00,2018-06-18 06:00:00,5541.0,2890.181105723644,2018-06-18 05:00:00,2650.818894276356
base_02,sarimax,2018-06-18 06:00:00,2018-06-18 07:00:00,6386.0,5523.468246676796,2018-06-18 06:00:00,862.5317533232037
base_02,sarimax,2018-06-18 07:00:00,2018-06-18 08:00:00,5765.0,6326.450391565367,2018-06-18 07:00:00,-561.4503915653668
base_02,sarimax,2018-06-18 08:00:00,2018-06-18 09:00:00,4767.0,5542.272515865554,2018-06-18 08:00:00,-775.2725158655539
base_02,sarimax,2018-06-18 09:00:00,2018-06-18 10:00:00,4161.0,4498.956314025674,2018-06-18 09:00:00,-337.95631402567415
base_02,sarimax,2018-06-18 10:00:00,2018-06-18 11:00:00,4435.0,4073.7337009813573,2018-06-18 10:00:00,361.2662990186427
base_02,sarimax,2018-06-18 11:00:00,2018-06-18 12:00:00,4829.0,4514.350807087864,2018-06-18 11:00:00,314.64919291213573
base_02,sarimax,2018-06-18 12:00:00,2018-06-18 13:00:00,4743.0,4942.473116336128,2018-06-18 12:00:00,-199.47311633612844
base_02,sarimax,2018-06-18 13:00:00,2018-06-18 14:00:00,4935.0,4809.918118867162,2018-06-18 13:00:00,125.08188113283813
base_02,sarimax,2018-06-18 14:00:00,2018-06-18 15:00:00,5558.0,4926.5140040928045,2018-06-18 14:00:00,631.4859959071955
base_02,sarimax,2018-06-18 15:00:00,2018-06-18 16:00:00,6757.0,5533.641512316774,2018-06-18 15:00:00,1223.3584876832256
base_02,sarimax,2018-06-18 16:00:00,2018-06-18 17:00:00,6306.0,6772.788618270284,2018-06-18 16:00:00,-466.78861827028413
base_02,sarimax,2018-06-18 17:00:00,2018-06-18 18:00:00,4352.0,6303.204002323561,2018-06-18 17:00:00,-1951.2040023235613
base_02,sarimax,2018-06-18 18:00:00,2018-06-18 19:00:00,3248.0,4291.755405634938,2018-06-18 18:00:00,-1043.7554056349381
base_02,sarimax,2018-06-18 19:00:00,2018-06-18 20:00:00,2762.0,3125.592243877645,2018-06-18 19:00:00,-363.59224387764516
base_02,sarimax,2018-06-18 20:00:00,2018-06-18 21:00:00,2460.0,2800.3056643542645,2018-06-18 20:00:00,-340.30566435426454
base_02,sarimax,2018-06-18 21:00:00,2018-06-18 22:00:00,1710.0,2650.2794497123864,2018-06-18 21:00:00,-940.2794497123864
base_02,sarimax,2018-06-18 22:00:00,2018-06-18 23:00:00,1012.0,1816.7185238170969,2018-06-18 22:00:00,-804.7185238170969
base_02,sarimax,2018-06-18 23:00:00,2018-06-19 00:00:00,592.0,1048.4077718198328,2018-06-18 23:00:00,-456.40777181983276
base_02,sarimax,2018-06-19 00:00:00,2018-06-19 01:00:00,373.0,614.1361887543176,2018-06-19 00:00:00,-241.13618875431757
base_02,sarimax,2018-06-19 01:00:00,2018-06-19 02:00:00,269.0,426.23652802394935,2018-06-19 01:00:00,-157.23652802394935
base_02,sarimax,2018-06-19 02:00:00,2018-06-19 03:00:00,369.0,329.1135699561241,2018-06-19 02:00:00,39.88643004387592
base_02,sarimax,2018-06-19 03:00:00,2018-06-19 04:00:00,893.0,400.15764075930883,2018-06-19 03:00:00,492.84235924069117
base_02,sarimax,2018-06-19 04:00:00,2018-06-19 05:00:00,3038.0,916.5940899097176,2018-06-19 04:00:00,2121.4059100902823
base_02,sarimax,2018-06-19 05:00:00,2018-06-19 06:00:00,5483.0,3029.735221283421,2018-06-19 05:00:00,2453.264778716579
base_02,sarimax,2018-06-19 06:00:00,2018-06-19 07:00:00,5506.0,5458.605206715831,2018-06-19 06:00:00,47.39479328416928
base_02,sarimax,2018-06-19 07:00:00,2018-06-19 08:00:00,4851.0,5441.959186967492,2018-06-19 07:00:00,-590.9591869674923
base_02,sarimax,2018-06-19 08:00:00,2018-06-19 09:00:00,4792.0,4626.149294959254,2018-06-19 08:00:00,165.8507050407461
base_02,sarimax,2018-06-19 09:00:00,2018-06-19 10:00:00,4244.0,4541.27085181386,2018-06-19 09:00:00,-297.27085181385974
base_02,sarimax,2018-06-19 10:00:00,2018-06-19 11:00:00,4346.0,4242.680438105476,2018-06-19 10:00:00,103.31956189452376
base_02,sarimax,2018-06-19 11:00:00,2018-06-19 12:00:00,4585.0,4409.771994351943,2018-06-19 11:00:00,175.22800564805675
base_02,sarimax,2018-06-19 12:00:00,2018-06-19 13:00:00,4728.0,4584.758869882794,2018-06-19 12:00:00,143.241130117206
base_02,sarimax,2018-06-19 13:00:00,2018-06-19 14:00:00,5109.0,4785.864725978262,2018-06-19 13:00:00,323.13527402173804
base_02,sarimax,2018-06-19 14:00:00,2018-06-19 15:00:00,5852.0,5107.895039476979,2018-06-19 14:00:00,744.104960523021
base_02,sarimax,2018-06-19 15:00:00,2018-06-19 16:00:00,6821.0,5835.977976895637,2018-06-19 15:00:00,985.0220231043631
base_02,sarimax,2018-06-19 16:00:00,2018-06-19 17:00:00,6085.0,6821.198235220106,2018-06-19 16:00:00,-736.1982352201057
base_02,sarimax,2018-06-19 17:00:00,2018-06-19 18:00:00,4546.0,6063.147619600002,2018-06-19 17:00:00,-1517.1476196000021
base_02,sarimax,2018-06-19 18:00:00,2018-06-19 19:00:00,3263.0,4466.451084792802,2018-06-19 18:00:00,-1203.4510847928022
base_02,sarimax,2018-06-19 19:00:00,2018-06-19 20:00:00,2804.0,3163.1941407706136,2018-06-19 19:00:00,-359.19414077061356
base_02,sarimax,2018-06-19 20:00:00,2018-06-19 21:00:00,2454.0,2876.8682062889598,2018-06-19 20:00:00,-422.86820628895975
base_02,sarimax,2018-06-19 21:00:00,2018-06-19 22:00:00,1796.0,2606.3557087131016,2018-06-19 21:00:00,-810.3557087131016
base_02,sarimax,2018-06-19 22:00:00,2018-06-19 23:00:00,1190.0,1919.8762927071539,2018-06-19 22:00:00,-729.8762927071539
base_02,sarimax,2018-06-19 23:00:00,2018-06-20 00:00:00,663.0,1232.7146034770344,2018-06-19 23:00:00,-569.7146034770344
base_02,sarimax,2018-06-20 00:00:00,2018-06-20 01:00:00,406.0,695.0554683204291,2018-06-20 00:00:00,-289.0554683204291
base_02,sarimax,2018-06-20 01:00:00,2018-06-20 02:00:00,301.0,472.656265432788,2018-06-20 01:00:00,-171.65626543278802
base_02,sarimax,2018-06-20 02:00:00,2018-06-20 03:00:00,385.0,361.5373670783962,2018-06-20 02:00:00,23.462632921603813
base_02,sarimax,2018-06-20 03:00:00,2018-06-20 04:00:00,935.0,436.95999589383075,2018-06-20 03:00:00,498.04000410616925
base_02,sarimax,2018-06-20 04:00:00,2018-06-20 05:00:00,3134.0,956.8211858273748,2018-06-20 04:00:00,2177.178814172625
base_02,sarimax,2018-06-20 05:00:00,2018-06-20 06:00:00,5769.0,3144.7554008446673,2018-06-20 05:00:00,2624.2445991553327
base_02,sarimax,2018-06-20 06:00:00,2018-06-20 07:00:00,6295.0,5758.928963523275,2018-06-20 06:00:00,536.0710364767247
base_02,sarimax,2018-06-20 07:00:00,2018-06-20 08:00:00,5540.0,6238.496009846727,2018-06-20 07:00:00,-698.4960098467272
base_02,sarimax,2018-06-20 08:00:00,2018-06-20 09:00:00,4890.0,5328.922520031303,2018-06-20 08:00:00,-438.92252003130307
base_02,sarimax,2018-06-20 09:00:00,2018-06-20 10:00:00,4544.0,4634.993043625488,2018-06-20 09:00:00,-90.9930436254881
base_02,sarimax,2018-06-20 10:00:00,2018-06-20 11:00:00,4675.0,4521.00582314927,2018-06-20 10:00:00,153.99417685072967
base_02,sarimax,2018-06-20 11:00:00,2018-06-20 12:00:00,4824.0,4777.897409229766,2018-06-20 11:00:00,46.1025907702342
base_02,sarimax,2018-06-20 12:00:00,2018-06-20 13:00:00,4941.0,4914.670596747142,2018-06-20 12:00:00,26.329403252858356
base_02,sarimax,2018-06-20 13:00:00,2018-06-20 14:00:00,5161.0,4986.311274437838,2018-06-20 13:00:00,174.6887255621623
base_02,sarimax,2018-06-20 14:00:00,2018-06-20 15:00:00,5864.0,5166.385911288775,2018-06-20 14:00:00,697.6140887112251
base_02,sarimax,2018-06-20 15:00:00,2018-06-20 16:00:00,6811.0,5866.975079481122,2018-06-20 15:00:00,944.0249205188784
base_02,sarimax,2018-06-20 16:00:00,2018-06-20 17:00:00,6439.0,6802.706016403682,2018-06-20 16:00:00,-363.70601640368204
base_02,sarimax,2018-06-20 17:00:00,2018-06-20 18:00:00,4622.0,6422.053355565969,2018-06-20 17:00:00,-1800.0533555659686
base_02,sarimax,2018-06-20 18:00:00,2018-06-20 19:00:00,3418.0,4547.587656395066,2018-06-20 18:00:00,-1129.587656395066
base_02,sarimax,2018-06-20 19:00:00,2018-06-20 20:00:00,3024.0,3311.826769915262,2018-06-20 19:00:00,-287.82676991526205
base_02,sarimax,2018-06-20 20:00:00,2018-06-20 21:00:00,2758.0,3049.224888011132,2018-06-20 20:00:00,-291.22488801113195
base_02,sarimax,2018-06-20 21:00:00,2018-06-20 22:00:00,1956.0,2931.1308445150426,2018-06-20 21:00:00,-975.1308445150426
base_02,sarimax,2018-06-20 22:00:00,2018-06-20 23:00:00,1209.0,2059.579178197136,2018-06-20 22:00:00,-850.5791781971361
base_02,sarimax,2018-06-20 23:00:00,2018-06-21 00:00:00,634.0,1236.392170469413,2018-06-20 23:00:00,-602.392170469413
base_02,sarimax,2018-06-21 00:00:00,2018-06-21 01:00:00,462.0,642.6897925043211,2018-06-21 00:00:00,-180.68979250432108
base_02,sarimax,2018-06-21 01:00:00,2018-06-21 02:00:00,348.0,537.6063273274249,2018-06-21 01:00:00,-189.60632732742488
base_02,sarimax,2018-06-21 02:00:00,2018-06-21 03:00:00,426.0,408.07819561964243,2018-06-21 02:00:00,17.92180438035757
base_02,sarimax,2018-06-21 03:00:00,2018-06-21 04:00:00,938.0,475.565038248865,2018-06-21 03:00:00,462.434961751135
base_02,sarimax,2018-06-21 04:00:00,2018-06-21 05:00:00,3112.0,944.7507690508171,2018-06-21 04:00:00,2167.2492309491827
base_02,sarimax,2018-06-21 05:00:00,2018-06-21 06:00:00,5778.0,3108.5077503379493,2018-06-21 05:00:00,2669.4922496620507
base_02,sarimax,2018-06-21 06:00:00,2018-06-21 07:00:00,6557.0,5751.317549014479,2018-06-21 06:00:00,805.6824509855214
base_02,sarimax,2018-06-21 07:00:00,2018-06-21 08:00:00,5490.0,6505.098634079658,2018-06-21 07:00:00,-1015.098634079658
base_02,sarimax,2018-06-21 08:00:00,2018-06-21 09:00:00,4982.0,5274.213891865454,2018-06-21 08:00:00,-292.21389186545366
base_02,sarimax,2018-06-21 09:00:00,2018-06-21 10:00:00,4951.0,4721.704911604611,2018-06-21 09:00:00,229.29508839538903
base_02,sarimax,2018-06-21 10:00:00,2018-06-21 11:00:00,5167.0,4888.006724930117,2018-06-21 10:00:00,278.99327506988266
base_02,sarimax,2018-06-21 11:00:00,2018-06-21 12:00:00,5083.0,5304.55725062696,2018-06-21 11:00:00,-221.55725062696
base_02,sarimax,2018-06-21 12:00:00,2018-06-21 13:00:00,4942.0,5152.868290119176,2018-06-21 12:00:00,-210.86829011917598
base_02,sarimax,2018-06-21 13:00:00,2018-06-21 14:00:00,5025.0,4966.2372405852775,2018-06-21 13:00:00,58.762759414722495
base_02,sarimax,2018-06-21 14:00:00,2018-06-21 15:00:00,5768.0,5009.1271248485955,2018-06-21 14:00:00,758.8728751514045
base_02,sarimax,2018-06-21 15:00:00,2018-06-21 16:00:00,6511.0,5793.527121407253,2018-06-21 15:00:00,717.4728785927473
base_02,sarimax,2018-06-21 16:00:00,2018-06-21 17:00:00,5997.0,6532.92503494483,2018-06-21 16:00:00,-535.9250349448303
base_02,sarimax,2018-06-21 17:00:00,2018-06-21 18:00:00,4592.0,6001.778751253841,2018-06-21 17:00:00,-1409.7787512538407
base_02,sarimax,2018-06-21 18:00:00,2018-06-21 19:00:00,3823.0,4506.437108342664,2018-06-21 18:00:00,-683.437108342664
base_02,sarimax,2018-06-21 19:00:00,2018-06-21 20:00:00,3385.0,3746.922993301278,2018-06-21 19:00:00,-361.922993301278
base_02,sarimax,2018-06-21 20:00:00,2018-06-21 21:00:00,3446.0,3432.720621740942,2018-06-21 20:00:00,13.279378259057921
base_02,sarimax,2018-06-21 21:00:00,2018-06-21 22:00:00,2583.0,3562.8448803163815,2018-06-21 21:00:00,-979.8448803163815
base_02,sarimax,2018-06-21 22:00:00,2018-06-21 23:00:00,1455.0,2626.7271202979546,2018-06-21 22:00:00,-1171.7271202979546
base_02,sarimax,2018-06-21 23:00:00,2018-06-22 00:00:00,805.0,1481.3063310298294,2018-06-21 23:00:00,-676.3063310298294
base_02,sarimax,2018-06-22 00:00:00,2018-06-22 01:00:00,471.0,784.1344862044265,2018-06-22 00:00:00,-313.1344862044265
base_02,sarimax,2018-06-22 01:00:00,2018-06-22 02:00:00,364.0,540.8331605517404,2018-06-22 01:00:00,-176.83316055174043
base_02,sarimax,2018-06-22 02:00:00,2018-06-22 03:00:00,384.0,463.5416755985364,2018-06-22 02:00:00,-79.54167559853641
base_02,sarimax,2018-06-22 03:00:00,2018-06-22 04:00:00,876.0,434.4168907567238,2018-06-22 03:00:00,441.5831092432762
base_02,sarimax,2018-06-22 04:00:00,2018-06-22 05:00:00,3056.0,899.2617236636235,2018-06-22 04:00:00,2156.7382763363767
base_02,sarimax,2018-06-22 05:00:00,2018-06-22 06:00:00,5460.0,3053.484783853388,2018-06-22 05:00:00,2406.515216146612
base_02,sarimax,2018-06-22 06:00:00,2018-06-22 07:00:00,6222.0,5451.3333837032615,2018-06-22 06:00:00,770.6666162967385
base_02,sarimax,2018-06-22 07:00:00,2018-06-22 08:00:00,5604.0,6175.490724662853,2018-06-22 07:00:00,-571.4907246628527
base_02,sarimax,2018-06-22 08:00:00,2018-06-22 09:00:00,5053.0,5394.167928839032,2018-06-22 08:00:00,-341.16792883903236
base_02,sarimax,2018-06-22 09:00:00,2018-06-22 10:00:00,4765.0,4837.527628149789,2018-06-22 09:00:00,-72.52762814978905
base_02,sarimax,2018-06-22 10:00:00,2018-06-22 11:00:00,5128.0,4725.5417629006,2018-06-22 10:00:00,402.4582370994003
base_02,sarimax,2018-06-22 11:00:00,2018-06-22 12:00:00,5225.0,5215.995344628876,2018-06-22 11:00:00,9.00465537112359
base_02,sarimax,2018-06-22 12:00:00,2018-06-22 13:00:00,5104.0,5309.042076124099,2018-06-22 12:00:00,-205.04207612409937
base_02,sarimax,2018-06-22 13:00:00,2018-06-22 14:00:00,5351.0,5157.755912821992,2018-06-22 13:00:00,193.24408717800816
base_02,sarimax,2018-06-22 14:00:00,2018-06-22 15:00:00,5843.0,5337.605614666585,2018-06-22 14:00:00,505.3943853334149
base_02,sarimax,2018-06-22 15:00:00,2018-06-22 16:00:00,6010.0,5855.318892833043,2018-06-22 15:00:00,154.6811071669572
base_02,sarimax,2018-06-22 16:00:00,2018-06-22 17:00:00,5120.0,6034.369507779432,2018-06-22 16:00:00,-914.3695077794318
base_02,sarimax,2018-06-22 17:00:00,2018-06-22 18:00:00,4676.0,5094.075945305944,2018-06-22 17:00:00,-418.0759453059436
base_02,sarimax,2018-06-22 18:00:00,2018-06-22 19:00:00,3976.0,4632.372621988227,2018-06-22 18:00:00,-656.3726219882274
base_02,sarimax,2018-06-22 19:00:00,2018-06-22 20:00:00,3535.0,3958.1476501141146,2018-06-22 19:00:00,-423.14765011411464
base_02,sarimax,2018-06-22 20:00:00,2018-06-22 21:00:00,3473.0,3610.717761815058,2018-06-22 20:00:00,-137.7177618150581
base_02,sarimax,2018-06-22 21:00:00,2018-06-22 22:00:00,3529.0,3473.8914083456657,2018-06-22 21:00:00,55.108591654334305
base_02,sarimax,2018-06-22 22:00:00,2018-06-22 23:00:00,3654.0,3567.770909813487,2018-06-22 22:00:00,86.22909018651308
base_02,sarimax,2018-06-22 23:00:00,2018-06-23 00:00:00,1540.0,3655.973146075,2018-06-22 23:00:00,-2115.973146075
base_02,sarimax,2018-06-23 00:00:00,2018-06-23 01:00:00,872.0,1529.2276325668267,2018-06-23 00:00:00,-657.2276325668267
base_02,sarimax,2018-06-23 01:00:00,2018-06-23 02:00:00,629.0,836.184669465708,2018-06-23 01:00:00,-207.184669465708
base_02,sarimax,2018-06-23 02:00:00,2018-06-23 03:00:00,407.0,601.4851014460712,2018-06-23 02:00:00,-194.4851014460712
base_02,sarimax,2018-06-23 03:00:00,2018-06-23 04:00:00,513.0,603.4938843117502,2018-06-23 03:00:00,-90.49388431175021
base_02,sarimax,2018-06-23 04:00:00,2018-06-23 05:00:00,966.0,570.1360508277448,2018-06-23 04:00:00,395.86394917225516
base_02,sarimax,2018-06-23 05:00:00,2018-06-23 06:00:00,1495.0,980.9500584811444,2018-06-23 05:00:00,514.0499415188556
base_02,sarimax,2018-06-23 06:00:00,2018-06-23 07:00:00,2474.0,1506.8844700430418,2018-06-23 06:00:00,967.1155299569582
base_02,sarimax,2018-06-23 07:00:00,2018-06-23 08:00:00,3353.0,2481.1360354218623,2018-06-23 07:00:00,871.8639645781377
base_02,sarimax,2018-06-23 08:00:00,2018-06-23 09:00:00,4065.0,3353.51126389086,2018-06-23 08:00:00,711.4887361091401
base_02,sarimax,2018-06-23 09:00:00,2018-06-23 10:00:00,4318.0,4058.382061350022,2018-06-23 09:00:00,259.617938649978
base_02,sarimax,2018-06-23 10:00:00,2018-06-23 11:00:00,4621.0,4263.46916243293,2018-06-23 10:00:00,357.5308375670702
base_02,sarimax,2018-06-23 11:00:00,2018-06-23 12:00:00,5018.0,4566.853858163591,2018-06-23 11:00:00,451.1461418364088
base_02,sarimax,2018-06-23 12:00:00,2018-06-23 13:00:00,4560.0,4963.665521325321,2018-06-23 12:00:00,-403.6655213253207
base_02,sarimax,2018-06-23 13:00:00,2018-06-23 14:00:00,4620.0,4550.923344676859,2018-06-23 13:00:00,69.07665532314059
base_02,sarimax,2018-06-23 14:00:00,2018-06-23 15:00:00,4417.0,4597.916197873837,2018-06-23 14:00:00,-180.9161978738366
base_02,sarimax,2018-06-23 15:00:00,2018-06-23 16:00:00,4372.0,4387.535807451971,2018-06-23 15:00:00,-15.535807451970868
base_02,sarimax,2018-06-23 16:00:00,2018-06-23 17:00:00,4510.0,4429.612983380258,2018-06-23 16:00:00,80.3870166197421
base_02,sarimax,2018-06-23 17:00:00,2018-06-23 18:00:00,3945.0,4510.816198166014,2018-06-23 17:00:00,-565.8161981660141
base_02,sarimax,2018-06-23 18:00:00,2018-06-23 19:00:00,3660.0,3960.47213186513,2018-06-23 18:00:00,-300.47213186513
base_02,sarimax,2018-06-23 19:00:00,2018-06-23 20:00:00,3362.0,3649.5545716157985,2018-06-23 19:00:00,-287.5545716157985
base_02,sarimax,2018-06-23 20:00:00,2018-06-23 21:00:00,3504.0,3332.9750623011955,2018-06-23 20:00:00,171.02493769880448
base_02,sarimax,2018-06-23 21:00:00,2018-06-23 22:00:00,3572.0,3538.68219112093,2018-06-23 21:00:00,33.31780887907007
base_02,sarimax,2018-06-23 22:00:00,2018-06-23 23:00:00,2484.0,3562.372830126471,2018-06-23 22:00:00,-1078.372830126471
base_02,sarimax,2018-06-23 23:00:00,2018-06-24 00:00:00,1515.0,2490.703053102176,2018-06-23 23:00:00,-975.703053102176
base_02,sarimax,2018-06-24 00:00:00,2018-06-24 01:00:00,1016.0,1476.0485660972633,2018-06-24 00:00:00,-460.04856609726335
base_02,sarimax,2018-06-24 01:00:00,2018-06-24 02:00:00,684.0,986.7844042919304,2018-06-24 01:00:00,-302.7844042919304
base_02,sarimax,2018-06-24 02:00:00,2018-06-24 03:00:00,409.0,781.5843825220645,2018-06-24 02:00:00,-372.5843825220645
base_02,sarimax,2018-06-24 03:00:00,2018-06-24 04:00:00,373.0,501.3817658049579,2018-06-24 03:00:00,-128.38176580495792
base_02,sarimax,2018-06-24 04:00:00,2018-06-24 05:00:00,614.0,415.0171878500455,2018-06-24 04:00:00,198.9828121499545
base_02,sarimax,2018-06-24 05:00:00,2018-06-24 06:00:00,1091.0,635.4591275318103,2018-06-24 05:00:00,455.5408724681897
base_02,sarimax,2018-06-24 06:00:00,2018-06-24 07:00:00,1499.0,1111.6028619849867,2018-06-24 06:00:00,387.3971380150133
base_02,sarimax,2018-06-24 07:00:00,2018-06-24 08:00:00,2362.0,1510.1463847450593,2018-06-24 07:00:00,851.8536152549407
base_02,sarimax,2018-06-24 08:00:00,2018-06-24 09:00:00,3560.0,2379.6388639980178,2018-06-24 08:00:00,1180.3611360019822
base_02,sarimax,2018-06-24 09:00:00,2018-06-24 10:00:00,4187.0,3544.186238363818,2018-06-24 09:00:00,642.8137616361819
base_02,sarimax,2018-06-24 10:00:00,2018-06-24 11:00:00,4186.0,4161.414592121918,2018-06-24 10:00:00,24.58540787808215
base_02,sarimax,2018-06-24 11:00:00,2018-06-24 12:00:00,4302.0,4112.736901355973,2018-06-24 11:00:00,189.2630986440272
base_02,sarimax,2018-06-24 12:00:00,2018-06-24 13:00:00,4235.0,4198.237937470948,2018-06-24 12:00:00,36.762062529051946
base_02,sarimax,2018-06-24 13:00:00,2018-06-24 14:00:00,4317.0,4185.012428446899,2018-06-24 13:00:00,131.98757155310068
base_02,sarimax,2018-06-24 14:00:00,2018-06-24 15:00:00,4313.0,4324.776595017009,2018-06-24 14:00:00,-11.77659501700873
base_02,sarimax,2018-06-24 15:00:00,2018-06-24 16:00:00,4256.0,4305.9577271702765,2018-06-24 15:00:00,-49.957727170276485
base_02,sarimax,2018-06-24 16:00:00,2018-06-24 17:00:00,4118.0,4286.549381153657,2018-06-24 16:00:00,-168.54938115365712
base_02,sarimax,2018-06-24 17:00:00,2018-06-24 18:00:00,4022.0,4119.029975378511,2018-06-24 17:00:00,-97.02997537851115
base_02,sarimax,2018-06-24 18:00:00,2018-06-24 19:00:00,3438.0,4025.992715933669,2018-06-24 18:00:00,-587.9927159336689
base_02,sarimax,2018-06-24 19:00:00,2018-06-24 20:00:00,3187.0,3430.4985031779074,2018-06-24 19:00:00,-243.49850317790742
base_02,sarimax,2018-06-24 20:00:00,2018-06-24 21:00:00,2556.0,3187.5371325000397,2018-06-24 20:00:00,-631.5371325000397
base_02,sarimax,2018-06-24 21:00:00,2018-06-24 22:00:00,1962.0,2541.693379934328,2018-06-24 21:00:00,-579.6933799343278
base_02,sarimax,2018-06-24 22:00:00,2018-06-24 23:00:00,1209.0,1998.0876668941614,2018-06-24 22:00:00,-789.0876668941614
base_02,sarimax,2018-06-24 23:00:00,2018-06-25 00:00:00,652.0,1218.809279664943,2018-06-24 23:00:00,-566.809279664943
base_02,sarimax,2018-06-25 00:00:00,2018-06-25 01:00:00,422.0,699.0869659050147,2018-06-25 00:00:00,-277.0869659050147
base_02,sarimax,2018-06-25 01:00:00,2018-06-25 02:00:00,331.0,465.7513650474192,2018-06-25 01:00:00,-134.7513650474192
base_02,sarimax,2018-06-25 02:00:00,2018-06-25 03:00:00,406.0,389.73453772148576,2018-06-25 02:00:00,16.265462278514235
base_02,sarimax,2018-06-25 03:00:00,2018-06-25 04:00:00,902.0,445.65105109435416,2018-06-25 03:00:00,456.34894890564584
base_02,sarimax,2018-06-25 04:00:00,2018-06-25 05:00:00,2982.0,918.5598833193453,2018-06-25 04:00:00,2063.4401166806547
base_02,sarimax,2018-06-25 05:00:00,2018-06-25 06:00:00,5588.0,2984.4775163990867,2018-06-25 05:00:00,2603.5224836009133
base_02,sarimax,2018-06-25 06:00:00,2018-06-25 07:00:00,6146.0,5584.449736820363,2018-06-25 06:00:00,561.5502631796371
base_02,sarimax,2018-06-25 07:00:00,2018-06-25 08:00:00,5383.0,6107.485961476898,2018-06-25 07:00:00,-724.4859614768984
base_02,sarimax,2018-06-25 08:00:00,2018-06-25 09:00:00,4654.0,5190.928073900662,2018-06-25 08:00:00,-536.9280739006617
base_02,sarimax,2018-06-25 09:00:00,2018-06-25 10:00:00,4310.0,4403.423854962552,2018-06-25 09:00:00,-93.42385496255156
base_02,sarimax,2018-06-25 10:00:00,2018-06-25 11:00:00,4530.0,4279.214983701032,2018-06-25 10:00:00,250.785016298968
base_02,sarimax,2018-06-25 11:00:00,2018-06-25 12:00:00,4748.0,4627.804960014815,2018-06-25 11:00:00,120.19503998518485
base_02,sarimax,2018-06-25 12:00:00,2018-06-25 13:00:00,4673.0,4843.0974877518765,2018-06-25 12:00:00,-170.09748775187654
base_02,sarimax,2018-06-25 13:00:00,2018-06-25 14:00:00,4877.0,4745.448701604838,2018-06-25 13:00:00,131.55129839516212
base_02,sarimax,2018-06-25 14:00:00,2018-06-25 15:00:00,5605.0,4868.014887429409,2018-06-25 14:00:00,736.9851125705909
base_02,sarimax,2018-06-25 15:00:00,2018-06-25 16:00:00,6232.0,5597.829288252452,2018-06-25 15:00:00,634.170711747548
base_02,sarimax,2018-06-25 16:00:00,2018-06-25 17:00:00,5772.0,6241.548929263711,2018-06-25 16:00:00,-469.5489292637112
base_02,sarimax,2018-06-25 17:00:00,2018-06-25 18:00:00,4086.0,5746.811899541072,2018-06-25 17:00:00,-1660.8118995410723
base_02,sarimax,2018-06-25 18:00:00,2018-06-25 19:00:00,3288.0,4016.327588603813,2018-06-25 18:00:00,-728.3275886038132
base_02,sarimax,2018-06-25 19:00:00,2018-06-25 20:00:00,2944.0,3208.080008475153,2018-06-25 19:00:00,-264.08000847515314
base_02,sarimax,2018-06-25 20:00:00,2018-06-25 21:00:00,2559.0,2972.6752058192487,2018-06-25 20:00:00,-413.67520581924873
base_02,sarimax,2018-06-25 21:00:00,2018-06-25 22:00:00,1974.0,2712.439392125754,2018-06-25 21:00:00,-738.4393921257538
base_02,sarimax,2018-06-25 22:00:00,2018-06-25 23:00:00,1136.0,2037.8448066130154,2018-06-25 22:00:00,-901.8448066130154
base_02,sarimax,2018-06-25 23:00:00,2018-06-26 00:00:00,624.0,1162.3264207397456,2018-06-25 23:00:00,-538.3264207397456
base_02,sarimax,2018-06-26 00:00:00,2018-06-26 01:00:00,417.0,645.8480787695808,2018-06-26 00:00:00,-228.84807876958075
base_02,sarimax,2018-06-26 01:00:00,2018-06-26 02:00:00,297.0,471.0247210074141,2018-06-26 01:00:00,-174.0247210074141
base_02,sarimax,2018-06-26 02:00:00,2018-06-26 03:00:00,353.0,361.0677088291074,2018-06-26 02:00:00,-8.067708829107403
base_02,sarimax,2018-06-26 03:00:00,2018-06-26 04:00:00,887.0,371.54344912607996,2018-06-26 03:00:00,515.45655087392
base_02,sarimax,2018-06-26 04:00:00,2018-06-26 05:00:00,2973.0,890.7157976879054,2018-06-26 04:00:00,2082.2842023120947
base_02,sarimax,2018-06-26 05:00:00,2018-06-26 06:00:00,5381.0,2975.5581481034424,2018-06-26 05:00:00,2405.4418518965576
base_02,sarimax,2018-06-26 06:00:00,2018-06-26 07:00:00,6350.0,5370.65863855165,2018-06-26 06:00:00,979.3413614483497
base_02,sarimax,2018-06-26 07:00:00,2018-06-26 08:00:00,5756.0,6288.765269096938,2018-06-26 07:00:00,-532.765269096938
base_02,sarimax,2018-06-26 08:00:00,2018-06-26 09:00:00,4872.0,5543.7604755609045,2018-06-26 08:00:00,-671.7604755609045
base_02,sarimax,2018-06-26 09:00:00,2018-06-26 10:00:00,4452.0,4628.5410440331825,2018-06-26 09:00:00,-176.54104403318252
base_02,sarimax,2018-06-26 10:00:00,2018-06-26 11:00:00,4713.0,4370.702793282046,2018-06-26 10:00:00,342.2972067179544
base_02,sarimax,2018-06-26 11:00:00,2018-06-26 12:00:00,5083.0,4783.636863208258,2018-06-26 11:00:00,299.36313679174236
base_02,sarimax,2018-06-26 12:00:00,2018-06-26 13:00:00,4849.0,5193.695778233915,2018-06-26 12:00:00,-344.695778233915
base_02,sarimax,2018-06-26 13:00:00,2018-06-26 14:00:00,4905.0,4891.854771093969,2018-06-26 13:00:00,13.145228906030752
base_02,sarimax,2018-06-26 14:00:00,2018-06-26 15:00:00,5875.0,4886.676079151953,2018-06-26 14:00:00,988.3239208480472
base_02,sarimax,2018-06-26 15:00:00,2018-06-26 16:00:00,6765.0,5836.352608098703,2018-06-26 15:00:00,928.6473919012969
base_02,sarimax,2018-06-26 16:00:00,2018-06-26 17:00:00,6054.0,6802.100772814023,2018-06-26 16:00:00,-748.100772814023
base_02,sarimax,2018-06-26 17:00:00,2018-06-26 18:00:00,4473.0,6047.212658790123,2018-06-26 17:00:00,-1574.212658790123
base_02,sarimax,2018-06-26 18:00:00,2018-06-26 19:00:00,3316.0,4378.293685578913,2018-06-26 18:00:00,-1062.293685578913
base_02,sarimax,2018-06-26 19:00:00,2018-06-26 20:00:00,2910.0,3225.234227861623,2018-06-26 19:00:00,-315.2342278616229
base_02,sarimax,2018-06-26 20:00:00,2018-06-26 21:00:00,2674.0,2975.061553831163,2018-06-26 20:00:00,-301.0615538311631
base_02,sarimax,2018-06-26 21:00:00,2018-06-26 22:00:00,2083.0,2829.3273530498,2018-06-26 21:00:00,-746.3273530498
base_02,sarimax,2018-06-26 22:00:00,2018-06-26 23:00:00,1161.0,2196.5427170900252,2018-06-26 22:00:00,-1035.5427170900252
base_02,sarimax,2018-06-26 23:00:00,2018-06-27 00:00:00,678.0,1201.6330352435623,2018-06-26 23:00:00,-523.6330352435623
base_02,sarimax,2018-06-27 00:00:00,2018-06-27 01:00:00,411.0,692.9169876255463,2018-06-27 00:00:00,-281.9169876255463
base_02,sarimax,2018-06-27 01:00:00,2018-06-27 02:00:00,313.0,461.7062342717544,2018-06-27 01:00:00,-148.7062342717544
base_02,sarimax,2018-06-27 02:00:00,2018-06-27 03:00:00,414.0,407.4244809446319,2018-06-27 02:00:00,6.5755190553680904
base_02,sarimax,2018-06-27 03:00:00,2018-06-27 04:00:00,898.0,454.8127908662431,2018-06-27 03:00:00,443.1872091337569
base_02,sarimax,2018-06-27 04:00:00,2018-06-27 05:00:00,3151.0,924.4799124545898,2018-06-27 04:00:00,2226.52008754541
base_02,sarimax,2018-06-27 05:00:00,2018-06-27 06:00:00,5883.0,3156.9274630800805,2018-06-27 05:00:00,2726.0725369199195
base_02,sarimax,2018-06-27 06:00:00,2018-06-27 07:00:00,6414.0,5868.75360755732,2018-06-27 06:00:00,545.2463924426802
base_02,sarimax,2018-06-27 07:00:00,2018-06-27 08:00:00,5717.0,6367.930951861789,2018-06-27 07:00:00,-650.9309518617893
base_02,sarimax,2018-06-27 08:00:00,2018-06-27 09:00:00,5134.0,5497.5877798408665,2018-06-27 08:00:00,-363.58777984086646
base_02,sarimax,2018-06-27 09:00:00,2018-06-27 10:00:00,4614.0,4859.391312603483,2018-06-27 09:00:00,-245.39131260348313
base_02,sarimax,2018-06-27 10:00:00,2018-06-27 11:00:00,4964.0,4571.484387603691,2018-06-27 10:00:00,392.5156123963088
base_02,sarimax,2018-06-27 11:00:00,2018-06-27 12:00:00,5102.0,5055.675494629533,2018-06-27 11:00:00,46.324505370466795
base_02,sarimax,2018-06-27 12:00:00,2018-06-27 13:00:00,4901.0,5180.329745671384,2018-06-27 12:00:00,-279.32974567138444
base_02,sarimax,2018-06-27 13:00:00,2018-06-27 14:00:00,5036.0,4974.464112275344,2018-06-27 13:00:00,61.53588772465628
base_02,sarimax,2018-06-27 14:00:00,2018-06-27 15:00:00,5867.0,5012.904070949985,2018-06-27 14:00:00,854.095929050015
base_02,sarimax,2018-06-27 15:00:00,2018-06-27 16:00:00,6666.0,5872.343355956035,2018-06-27 15:00:00,793.6566440439647
base_02,sarimax,2018-06-27 16:00:00,2018-06-27 17:00:00,6095.0,6704.437365378603,2018-06-27 16:00:00,-609.4373653786033
base_02,sarimax,2018-06-27 17:00:00,2018-06-27 18:00:00,4563.0,6092.304087232267,2018-06-27 17:00:00,-1529.3040872322672
base_02,sarimax,2018-06-27 18:00:00,2018-06-27 19:00:00,3497.0,4480.446845939779,2018-06-27 18:00:00,-983.4468459397795
base_02,sarimax,2018-06-27 19:00:00,2018-06-27 20:00:00,3126.0,3419.701481964891,2018-06-27 19:00:00,-293.7014819648912
base_02,sarimax,2018-06-27 20:00:00,2018-06-27 21:00:00,3116.0,3179.2125061014044,2018-06-27 20:00:00,-63.212506101404415
base_02,sarimax,2018-06-27 21:00:00,2018-06-27 22:00:00,2292.0,3257.0533229423136,2018-06-27 21:00:00,-965.0533229423136
base_02,sarimax,2018-06-27 22:00:00,2018-06-27 23:00:00,1339.0,2348.773043746027,2018-06-27 22:00:00,-1009.7730437460268
base_02,sarimax,2018-06-27 23:00:00,2018-06-28 00:00:00,778.0,1354.6563741100622,2018-06-27 23:00:00,-576.6563741100622
base_02,sarimax,2018-06-28 00:00:00,2018-06-28 01:00:00,457.0,766.8077243066649,2018-06-28 00:00:00,-309.8077243066649
base_02,sarimax,2018-06-28 01:00:00,2018-06-28 02:00:00,309.0,532.4899933036852,2018-06-28 01:00:00,-223.4899933036852
base_02,sarimax,2018-06-28 02:00:00,2018-06-28 03:00:00,365.0,387.0926171864842,2018-06-28 02:00:00,-22.092617186484176
base_02,sarimax,2018-06-28 03:00:00,2018-06-28 04:00:00,921.0,410.39394784891033,2018-06-28 03:00:00,510.60605215108967
base_02,sarimax,2018-06-28 04:00:00,2018-06-28 05:00:00,3121.0,937.014714049189,2018-06-28 04:00:00,2183.985285950811
base_02,sarimax,2018-06-28 05:00:00,2018-06-28 06:00:00,5691.0,3124.120203288793,2018-06-28 05:00:00,2566.879796711207
base_02,sarimax,2018-06-28 06:00:00,2018-06-28 07:00:00,6264.0,5678.073901773158,2018-06-28 06:00:00,585.9260982268424
base_02,sarimax,2018-06-28 07:00:00,2018-06-28 08:00:00,5683.0,6230.651194409508,2018-06-28 07:00:00,-547.6511944095082
base_02,sarimax,2018-06-28 08:00:00,2018-06-28 09:00:00,4983.0,5503.657841526369,2018-06-28 08:00:00,-520.6578415263693
base_02,sarimax,2018-06-28 09:00:00,2018-06-28 10:00:00,4678.0,4765.710402930786,2018-06-28 09:00:00,-87.71040293078568
base_02,sarimax,2018-06-28 10:00:00,2018-06-28 11:00:00,4866.0,4659.126688808243,2018-06-28 10:00:00,206.87331119175724
base_02,sarimax,2018-06-28 11:00:00,2018-06-28 12:00:00,5109.0,4952.81388766266,2018-06-28 11:00:00,156.1861123373401
base_02,sarimax,2018-06-28 12:00:00,2018-06-28 13:00:00,5011.0,5186.187645842369,2018-06-28 12:00:00,-175.18764584236942
base_02,sarimax,2018-06-28 13:00:00,2018-06-28 14:00:00,5300.0,5078.589877111536,2018-06-28 13:00:00,221.41012288846377
base_02,sarimax,2018-06-28 14:00:00,2018-06-28 15:00:00,5945.0,5293.600707603675,2018-06-28 14:00:00,651.3992923963251
base_02,sarimax,2018-06-28 15:00:00,2018-06-28 16:00:00,6568.0,5927.993320045712,2018-06-28 15:00:00,640.0066799542883
base_02,sarimax,2018-06-28 16:00:00,2018-06-28 17:00:00,5930.0,6575.32611527596,2018-06-28 16:00:00,-645.3261152759596
base_02,sarimax,2018-06-28 17:00:00,2018-06-28 18:00:00,4668.0,5910.5584321832675,2018-06-28 17:00:00,-1242.5584321832675
base_02,sarimax,2018-06-28 18:00:00,2018-06-28 19:00:00,3794.0,4607.763579578881,2018-06-28 18:00:00,-813.763579578881
base_02,sarimax,2018-06-28 19:00:00,2018-06-28 20:00:00,3127.0,3730.7076202331427,2018-06-28 19:00:00,-603.7076202331427
base_02,sarimax,2018-06-28 20:00:00,2018-06-28 21:00:00,2908.0,3176.44471423527,2018-06-28 20:00:00,-268.4447142352701
base_02,sarimax,2018-06-28 21:00:00,2018-06-28 22:00:00,2190.0,3012.870496203945,2018-06-28 21:00:00,-822.8704962039451
base_02,sarimax,2018-06-28 22:00:00,2018-06-28 23:00:00,1475.0,2262.207219940522,2018-06-28 22:00:00,-787.207219940522
base_02,sarimax,2018-06-28 23:00:00,2018-06-29 00:00:00,841.0,1520.3228677961883,2018-06-28 23:00:00,-679.3228677961883
base_02,sarimax,2018-06-29 00:00:00,2018-06-29 01:00:00,510.0,855.0835370300881,2018-06-29 00:00:00,-345.0835370300881
base_02,sarimax,2018-06-29 01:00:00,2018-06-29 02:00:00,385.0,570.443885454187,2018-06-29 01:00:00,-185.443885454187
base_02,sarimax,2018-06-29 02:00:00,2018-06-29 03:00:00,453.0,450.04840405128357,2018-06-29 02:00:00,2.951595948716431
base_02,sarimax,2018-06-29 03:00:00,2018-06-29 04:00:00,984.0,507.04488815130657,2018-06-29 03:00:00,476.95511184869343
base_02,sarimax,2018-06-29 04:00:00,2018-06-29 05:00:00,2909.0,1012.8473915518952,2018-06-29 04:00:00,1896.1526084481047
base_02,sarimax,2018-06-29 05:00:00,2018-06-29 06:00:00,5427.0,2922.1156763661656,2018-06-29 05:00:00,2504.8843236338344
base_02,sarimax,2018-06-29 06:00:00,2018-06-29 07:00:00,6051.0,5418.789244755785,2018-06-29 06:00:00,632.2107552442149
base_02,sarimax,2018-06-29 07:00:00,2018-06-29 08:00:00,5204.0,6003.461677388996,2018-06-29 07:00:00,-799.4616773889957
base_02,sarimax,2018-06-29 08:00:00,2018-06-29 09:00:00,4842.0,5028.727281676234,2018-06-29 08:00:00,-186.72728167623427
base_02,sarimax,2018-06-29 09:00:00,2018-06-29 10:00:00,4626.0,4622.586686412727,2018-06-29 09:00:00,3.413313587272569
base_02,sarimax,2018-06-29 10:00:00,2018-06-29 11:00:00,5114.0,4595.497162730163,2018-06-29 10:00:00,518.5028372698371
base_02,sarimax,2018-06-29 11:00:00,2018-06-29 12:00:00,5222.0,5234.0817436209945,2018-06-29 11:00:00,-12.08174362099453
base_02,sarimax,2018-06-29 12:00:00,2018-06-29 13:00:00,5236.0,5291.713552407156,2018-06-29 12:00:00,-55.713552407156385
base_02,sarimax,2018-06-29 13:00:00,2018-06-29 14:00:00,5319.0,5286.0564065245735,2018-06-29 13:00:00,32.943593475426496
base_02,sarimax,2018-06-29 14:00:00,2018-06-29 15:00:00,5903.0,5301.574550414663,2018-06-29 14:00:00,601.4254495853374
base_02,sarimax,2018-06-29 15:00:00,2018-06-29 16:00:00,5902.0,5909.937855633949,2018-06-29 15:00:00,-7.937855633948857
base_02,sarimax,2018-06-29 16:00:00,2018-06-29 17:00:00,5314.0,5920.7235561570005,2018-06-29 16:00:00,-606.7235561570005
base_02,sarimax,2018-06-29 17:00:00,2018-06-29 18:00:00,4798.0,5303.791261941593,2018-06-29 17:00:00,-505.7912619415929
base_02,sarimax,2018-06-29 18:00:00,2018-06-29 19:00:00,3705.0,4736.992956139436,2018-06-29 18:00:00,-1031.9929561394356
base_02,sarimax,2018-06-29 19:00:00,2018-06-29 20:00:00,3340.0,3683.013634183361,2018-06-29 19:00:00,-343.01363418336086
base_02,sarimax,2018-06-29 20:00:00,2018-06-29 21:00:00,3247.0,3374.4384513128352,2018-06-29 20:00:00,-127.43845131283524
base_02,sarimax,2018-06-29 21:00:00,2018-06-29 22:00:00,2781.0,3276.842206712097,2018-06-29 21:00:00,-495.84220671209687
base_02,sarimax,2018-06-29 22:00:00,2018-06-29 23:00:00,2465.0,2871.341754020705,2018-06-29 22:00:00,-406.34175402070514
base_02,sarimax,2018-06-29 23:00:00,2018-06-30 00:00:00,1423.0,2489.464625709952,2018-06-29 23:00:00,-1066.464625709952
base_02,sarimax,2018-06-30 00:00:00,2018-06-30 01:00:00,869.0,1416.217493265664,2018-06-30 00:00:00,-547.217493265664
base_02,sarimax,2018-06-30 01:00:00,2018-06-30 02:00:00,617.0,908.6654853028124,2018-06-30 01:00:00,-291.6654853028124
base_02,sarimax,2018-06-30 02:00:00,2018-06-30 03:00:00,429.0,646.5982360684834,2018-06-30 02:00:00,-217.5982360684834
base_02,sarimax,2018-06-30 03:00:00,2018-06-30 04:00:00,429.0,529.493224047176,2018-06-30 03:00:00,-100.493224047176
base_02,sarimax,2018-06-30 04:00:00,2018-06-30 05:00:00,822.0,464.5276642795879,2018-06-30 04:00:00,357.4723357204121
base_02,sarimax,2018-06-30 05:00:00,2018-06-30 06:00:00,1489.0,831.1593228483952,2018-06-30 05:00:00,657.8406771516048
base_02,sarimax,2018-06-30 06:00:00,2018-06-30 07:00:00,2048.0,1500.2644387012965,2018-06-30 06:00:00,547.7355612987035
base_02,sarimax,2018-06-30 07:00:00,2018-06-30 08:00:00,2840.0,2044.2993084134207,2018-06-30 07:00:00,795.7006915865793
base_02,sarimax,2018-06-30 08:00:00,2018-06-30 09:00:00,3627.0,2791.7636835429694,2018-06-30 08:00:00,835.2363164570306
base_02,sarimax,2018-06-30 09:00:00,2018-06-30 10:00:00,3922.0,3556.8405067590556,2018-06-30 09:00:00,365.15949324094436
base_02,sarimax,2018-06-30 10:00:00,2018-06-30 11:00:00,4253.0,3873.058315014672,2018-06-30 10:00:00,379.9416849853278
base_02,sarimax,2018-06-30 11:00:00,2018-06-30 12:00:00,4776.0,4178.705679159888,2018-06-30 11:00:00,597.294320840112
base_02,sarimax,2018-06-30 12:00:00,2018-06-30 13:00:00,4675.0,4717.015251929108,2018-06-30 12:00:00,-42.01525192910776
base_02,sarimax,2018-06-30 13:00:00,2018-06-30 14:00:00,4533.0,4664.998078957399,2018-06-30 13:00:00,-131.99807895739923
base_02,sarimax,2018-06-30 14:00:00,2018-06-30 15:00:00,4425.0,4506.187576645825,2018-06-30 14:00:00,-81.18757664582517
base_02,sarimax,2018-06-30 15:00:00,2018-06-30 16:00:00,4707.0,4376.143123750129,2018-06-30 15:00:00,330.85687624987077
base_02,sarimax,2018-06-30 16:00:00,2018-06-30 17:00:00,4469.0,4704.149656071704,2018-06-30 16:00:00,-235.14965607170416
base_02,sarimax,2018-06-30 17:00:00,2018-06-30 18:00:00,3871.0,4468.557920220697,2018-06-30 17:00:00,-597.5579202206973
base_02,sarimax,2018-06-30 18:00:00,2018-06-30 19:00:00,3247.0,3870.3927764822533,2018-06-30 18:00:00,-623.3927764822533
base_02,sarimax,2018-06-30 19:00:00,2018-06-30 20:00:00,2936.0,3215.7570054060557,2018-06-30 19:00:00,-279.75700540605567
base_02,sarimax,2018-06-30 20:00:00,2018-06-30 21:00:00,2700.0,2942.919725843327,2018-06-30 20:00:00,-242.9197258433269
base_02,sarimax,2018-06-30 21:00:00,2018-06-30 22:00:00,2760.0,2751.548278976791,2018-06-30 21:00:00,8.451721023208847
base_02,sarimax,2018-06-30 22:00:00,2018-06-30 23:00:00,2017.0,2802.798831700995,2018-06-30 22:00:00,-785.7988317009949
base_02,sarimax,2018-06-30 23:00:00,2018-07-01 00:00:00,1314.0,2031.4963802173359,2018-06-30 23:00:00,-717.4963802173359
base_02,sarimax,2018-07-01 00:00:00,2018-07-01 01:00:00,848.0,1327.2111379596195,2018-07-01 00:00:00,-479.21113795961946
base_02,sarimax,2018-07-01 01:00:00,2018-07-01 02:00:00,703.0,831.1279384873488,2018-07-01 01:00:00,-128.12793848734884
base_02,sarimax,2018-07-01 02:00:00,2018-07-01 03:00:00,419.0,767.1067002836902,2018-07-01 02:00:00,-348.1067002836902
base_02,sarimax,2018-07-01 03:00:00,2018-07-01 04:00:00,372.0,478.69568824315695,2018-07-01 03:00:00,-106.69568824315695
base_02,sarimax,2018-07-01 04:00:00,2018-07-01 05:00:00,529.0,413.5843537778629,2018-07-01 04:00:00,115.41564622213713
base_02,sarimax,2018-07-01 05:00:00,2018-07-01 06:00:00,979.0,527.9485374359215,2018-07-01 05:00:00,451.0514625640785
base_02,sarimax,2018-07-01 06:00:00,2018-07-01 07:00:00,1237.0,1003.6817904232845,2018-07-01 06:00:00,233.3182095767155
base_02,sarimax,2018-07-01 07:00:00,2018-07-01 08:00:00,1682.0,1234.9824120047774,2018-07-01 07:00:00,447.0175879952226
base_02,sarimax,2018-07-01 08:00:00,2018-07-01 09:00:00,2495.0,1666.592014371676,2018-07-01 08:00:00,828.407985628324
base_02,sarimax,2018-07-01 09:00:00,2018-07-01 10:00:00,2924.0,2443.6493773751695,2018-07-01 09:00:00,480.3506226248305
base_02,sarimax,2018-07-01 10:00:00,2018-07-01 11:00:00,3323.0,2894.075835198617,2018-07-01 10:00:00,428.9241648013831
base_02,sarimax,2018-07-01 11:00:00,2018-07-01 12:00:00,3696.0,3263.9759745818305,2018-07-01 11:00:00,432.02402541816946
base_02,sarimax,2018-07-01 12:00:00,2018-07-01 13:00:00,4084.0,3591.897954718808,2018-07-01 12:00:00,492.1020452811922
base_02,sarimax,2018-07-01 13:00:00,2018-07-01 14:00:00,4187.0,4014.3316723755106,2018-07-01 13:00:00,172.6683276244894
base_02,sarimax,2018-07-01 14:00:00,2018-07-01 15:00:00,4365.0,4176.391001916016,2018-07-01 14:00:00,188.60899808398426
base_02,sarimax,2018-07-01 15:00:00,2018-07-01 16:00:00,4380.0,4345.349076816922,2018-07-01 15:00:00,34.65092318307779
base_02,sarimax,2018-07-01 16:00:00,2018-07-01 17:00:00,4049.0,4331.604590268012,2018-07-01 16:00:00,-282.60459026801163
base_02,sarimax,2018-07-01 17:00:00,2018-07-01 18:00:00,3680.0,4032.8882181826075,2018-07-01 17:00:00,-352.8882181826075
base_02,sarimax,2018-07-01 18:00:00,2018-07-01 19:00:00,3404.0,3679.7868388652523,2018-07-01 18:00:00,-275.7868388652523
base_02,sarimax,2018-07-01 19:00:00,2018-07-01 20:00:00,3018.0,3425.1206331528024,2018-07-01 19:00:00,-407.1206331528024
base_02,sarimax,2018-07-01 20:00:00,2018-07-01 21:00:00,2640.0,3056.7524878649137,2018-07-01 20:00:00,-416.75248786491375
base_02,sarimax,2018-07-01 21:00:00,2018-07-01 22:00:00,2152.0,2654.050855295587,2018-07-01 21:00:00,-502.0508552955871
base_02,sarimax,2018-07-01 22:00:00,2018-07-01 23:00:00,3078.0,2138.128382954924,2018-07-01 22:00:00,939.8716170450762
base_02,sarimax,2018-07-01 23:00:00,2018-07-02 00:00:00,1043.0,3096.2107638639936,2018-07-01 23:00:00,-2053.2107638639936
base_02,sarimax,2018-07-02 00:00:00,2018-07-02 01:00:00,523.0,1077.8728744540183,2018-07-02 00:00:00,-554.8728744540183
base_02,sarimax,2018-07-02 01:00:00,2018-07-02 02:00:00,425.0,577.6637694769047,2018-07-02 01:00:00,-152.6637694769047
base_02,sarimax,2018-07-02 02:00:00,2018-07-02 03:00:00,398.0,328.7933345912612,2018-07-02 02:00:00,69.20666540873879
base_02,sarimax,2018-07-02 03:00:00,2018-07-02 04:00:00,896.0,613.4759294166264,2018-07-02 03:00:00,282.5240705833736
base_02,sarimax,2018-07-02 04:00:00,2018-07-02 05:00:00,2931.0,953.5119385840392,2018-07-02 04:00:00,1977.4880614159608
base_02,sarimax,2018-07-02 05:00:00,2018-07-02 06:00:00,5305.0,2938.5860346899744,2018-07-02 05:00:00,2366.4139653100256
base_02,sarimax,2018-07-02 06:00:00,2018-07-02 07:00:00,5936.0,5305.0925678192125,2018-07-02 06:00:00,630.9074321807875
base_02,sarimax,2018-07-02 07:00:00,2018-07-02 08:00:00,4859.0,5908.4399524846585,2018-07-02 07:00:00,-1049.4399524846585
base_02,sarimax,2018-07-02 08:00:00,2018-07-02 09:00:00,4473.0,4688.2676061068905,2018-07-02 08:00:00,-215.26760610689053
base_02,sarimax,2018-07-02 09:00:00,2018-07-02 10:00:00,4172.0,4266.521297571009,2018-07-02 09:00:00,-94.5212975710092
base_02,sarimax,2018-07-02 10:00:00,2018-07-02 11:00:00,4498.0,4128.109689322295,2018-07-02 10:00:00,369.8903106777052
base_02,sarimax,2018-07-02 11:00:00,2018-07-02 12:00:00,4617.0,4650.402333617483,2018-07-02 11:00:00,-33.40233361748324
base_02,sarimax,2018-07-02 12:00:00,2018-07-02 13:00:00,4667.0,4676.173608194013,2018-07-02 12:00:00,-9.173608194012559
base_02,sarimax,2018-07-02 13:00:00,2018-07-02 14:00:00,4728.0,4721.417346106137,2018-07-02 13:00:00,6.582653893862698
base_02,sarimax,2018-07-02 14:00:00,2018-07-02 15:00:00,5115.0,4712.046037236227,2018-07-02 14:00:00,402.95396276377323
base_02,sarimax,2018-07-02 15:00:00,2018-07-02 16:00:00,5853.0,5120.976771382057,2018-07-02 15:00:00,732.0232286179426
base_02,sarimax,2018-07-02 16:00:00,2018-07-02 17:00:00,5241.0,5861.205682338911,2018-07-02 16:00:00,-620.2056823389112
base_02,sarimax,2018-07-02 17:00:00,2018-07-02 18:00:00,3922.0,5241.941136588708,2018-07-02 17:00:00,-1319.941136588708
base_02,sarimax,2018-07-02 18:00:00,2018-07-02 19:00:00,3183.0,3880.178913015506,2018-07-02 18:00:00,-697.1789130155062
base_02,sarimax,2018-07-02 19:00:00,2018-07-02 20:00:00,2792.0,3094.4120765149614,2018-07-02 19:00:00,-302.4120765149614
base_02,sarimax,2018-07-02 20:00:00,2018-07-02 21:00:00,2552.0,2834.6392548488475,2018-07-02 20:00:00,-282.6392548488475
base_02,sarimax,2018-07-02 21:00:00,2018-07-02 22:00:00,2118.0,2653.6555588910364,2018-07-02 21:00:00,-535.6555588910364
base_02,sarimax,2018-07-02 22:00:00,2018-07-02 23:00:00,1461.0,2171.836911272407,2018-07-02 22:00:00,-710.8369112724072
base_02,sarimax,2018-07-02 23:00:00,2018-07-03 00:00:00,722.0,1487.4343264018305,2018-07-02 23:00:00,-765.4343264018305
base_02,sarimax,2018-07-03 00:00:00,2018-07-03 01:00:00,455.0,735.0648392222723,2018-07-03 00:00:00,-280.0648392222723
base_02,sarimax,2018-07-03 01:00:00,2018-07-03 02:00:00,340.0,480.07117479139333,2018-07-03 01:00:00,-140.07117479139333
base_02,sarimax,2018-07-03 02:00:00,2018-07-03 03:00:00,391.0,393.13559945978113,2018-07-03 02:00:00,-2.135599459781133
base_02,sarimax,2018-07-03 03:00:00,2018-07-03 04:00:00,863.0,458.8364157699343,2018-07-03 03:00:00,404.1635842300657
base_02,sarimax,2018-07-03 04:00:00,2018-07-03 05:00:00,2836.0,877.4684702929683,2018-07-03 04:00:00,1958.5315297070317
base_02,sarimax,2018-07-03 05:00:00,2018-07-03 06:00:00,5264.0,2838.808687470508,2018-07-03 05:00:00,2425.191312529492
base_02,sarimax,2018-07-03 06:00:00,2018-07-03 07:00:00,5737.0,5245.4658164755665,2018-07-03 06:00:00,491.5341835244335
base_02,sarimax,2018-07-03 07:00:00,2018-07-03 08:00:00,5017.0,5691.586317710297,2018-07-03 07:00:00,-674.5863177102974
base_02,sarimax,2018-07-03 08:00:00,2018-07-03 09:00:00,4373.0,4809.843742693434,2018-07-03 08:00:00,-436.84374269343425
base_02,sarimax,2018-07-03 09:00:00,2018-07-03 10:00:00,4099.0,4119.070470987736,2018-07-03 09:00:00,-20.07047098773637
base_02,sarimax,2018-07-03 10:00:00,2018-07-03 11:00:00,4415.0,4050.7153430903027,2018-07-03 10:00:00,364.28465690969733
base_02,sarimax,2018-07-03 11:00:00,2018-07-03 12:00:00,4775.0,4501.38166215607,2018-07-03 11:00:00,273.61833784393
base_02,sarimax,2018-07-03 12:00:00,2018-07-03 13:00:00,4799.0,4850.849947222188,2018-07-03 12:00:00,-51.84994722218835
base_02,sarimax,2018-07-03 13:00:00,2018-07-03 14:00:00,4968.0,4846.419463213414,2018-07-03 13:00:00,121.58053678658598
base_02,sarimax,2018-07-03 14:00:00,2018-07-03 15:00:00,5526.0,4955.6141525212815,2018-07-03 14:00:00,570.3858474787185
base_02,sarimax,2018-07-03 15:00:00,2018-07-03 16:00:00,6135.0,5493.372086662141,2018-07-03 15:00:00,641.6279133378594
base_02,sarimax,2018-07-03 16:00:00,2018-07-03 17:00:00,5092.0,6166.122983668221,2018-07-03 16:00:00,-1074.1229836682214
base_02,sarimax,2018-07-03 17:00:00,2018-07-03 18:00:00,4313.0,5119.35383875519,2018-07-03 17:00:00,-806.3538387551898
base_02,sarimax,2018-07-03 18:00:00,2018-07-03 19:00:00,3308.0,4281.682460508448,2018-07-03 18:00:00,-973.6824605084475
base_02,sarimax,2018-07-03 19:00:00,2018-07-03 20:00:00,3055.0,3246.139036642648,2018-07-03 19:00:00,-191.13903664264808
base_02,sarimax,2018-07-03 20:00:00,2018-07-03 21:00:00,2700.0,3154.635466257966,2018-07-03 20:00:00,-454.6354662579661
base_02,sarimax,2018-07-03 21:00:00,2018-07-03 22:00:00,2176.0,2754.9934462774486,2018-07-03 21:00:00,-578.9934462774486
base_02,sarimax,2018-07-03 22:00:00,2018-07-03 23:00:00,1741.0,2248.818849539893,2018-07-03 22:00:00,-507.8188495398931
base_02,sarimax,2018-07-03 23:00:00,2018-07-04 00:00:00,1021.0,1759.7816387893945,2018-07-03 23:00:00,-738.7816387893945
base_02,sarimax,2018-07-04 00:00:00,2018-07-04 01:00:00,605.0,1044.3669893645053,2018-07-04 00:00:00,-439.36698936450534
base_02,sarimax,2018-07-04 01:00:00,2018-07-04 02:00:00,573.0,653.0720522382521,2018-07-04 01:00:00,-80.07205223825213
base_02,sarimax,2018-07-04 02:00:00,2018-07-04 03:00:00,353.0,607.6526859712376,2018-07-04 02:00:00,-254.6526859712376
base_02,sarimax,2018-07-04 03:00:00,2018-07-04 04:00:00,354.0,418.62396376019365,2018-07-04 03:00:00,-64.62396376019365
base_02,sarimax,2018-07-04 04:00:00,2018-07-04 05:00:00,698.0,403.8823131202655,2018-07-04 04:00:00,294.1176868797345
base_02,sarimax,2018-07-04 05:00:00,2018-07-04 06:00:00,1141.0,698.2359819084651,2018-07-04 05:00:00,442.7640180915349
base_02,sarimax,2018-07-04 06:00:00,2018-07-04 07:00:00,1128.0,1162.8471990789378,2018-07-04 06:00:00,-34.84719907893782
base_02,sarimax,2018-07-04 07:00:00,2018-07-04 08:00:00,1275.0,1131.309996227213,2018-07-04 07:00:00,143.6900037727869
base_02,sarimax,2018-07-04 08:00:00,2018-07-04 09:00:00,1687.0,1264.651813861754,2018-07-04 08:00:00,422.3481861382461
base_02,sarimax,2018-07-04 09:00:00,2018-07-04 10:00:00,1920.0,1668.3401746589739,2018-07-04 09:00:00,251.65982534102613
base_02,sarimax,2018-07-04 10:00:00,2018-07-04 11:00:00,2603.0,1897.9351490568038,2018-07-04 10:00:00,705.0648509431962
base_02,sarimax,2018-07-04 11:00:00,2018-07-04 12:00:00,2761.0,2515.6280477879072,2018-07-04 11:00:00,245.37195221209276
base_02,sarimax,2018-07-04 12:00:00,2018-07-04 13:00:00,2929.0,2721.2908437130172,2018-07-04 12:00:00,207.70915628698276
base_02,sarimax,2018-07-04 13:00:00,2018-07-04 14:00:00,3318.0,2946.169515566654,2018-07-04 13:00:00,371.8304844333461
base_02,sarimax,2018-07-04 14:00:00,2018-07-04 15:00:00,3070.0,3287.539185017878,2018-07-04 14:00:00,-217.53918501787803
base_02,sarimax,2018-07-04 15:00:00,2018-07-04 16:00:00,3224.0,3019.4285025861313,2018-07-04 15:00:00,204.57149741386866
base_02,sarimax,2018-07-04 16:00:00,2018-07-04 17:00:00,3045.0,3192.3381814775503,2018-07-04 16:00:00,-147.33818147755028
base_02,sarimax,2018-07-04 17:00:00,2018-07-04 18:00:00,2664.0,3005.1411959466695,2018-07-04 17:00:00,-341.14119594666954
base_02,sarimax,2018-07-04 18:00:00,2018-07-04 19:00:00,2596.0,2736.871694085642,2018-07-04 18:00:00,-140.87169408564205
base_02,sarimax,2018-07-04 19:00:00,2018-07-04 20:00:00,2503.0,2598.490769267952,2018-07-04 19:00:00,-95.49076926795215
base_02,sarimax,2018-07-04 20:00:00,2018-07-04 21:00:00,2582.0,2504.3784456112894,2018-07-04 20:00:00,77.62155438871059
base_02,sarimax,2018-07-04 21:00:00,2018-07-04 22:00:00,2030.0,2603.739266680293,2018-07-04 21:00:00,-573.739266680293
base_02,sarimax,2018-07-04 22:00:00,2018-07-04 23:00:00,1936.0,2008.080685926626,2018-07-04 22:00:00,-72.08068592662607
base_02,sarimax,2018-07-04 23:00:00,2018-07-05 00:00:00,971.0,1934.5849067856611,2018-07-04 23:00:00,-963.5849067856611
base_02,sarimax,2018-07-05 00:00:00,2018-07-05 01:00:00,476.0,958.5581860288585,2018-07-05 00:00:00,-482.5581860288585
base_02,sarimax,2018-07-05 01:00:00,2018-07-05 02:00:00,317.0,528.1864256184213,2018-07-05 01:00:00,-211.18642561842125
base_02,sarimax,2018-07-05 02:00:00,2018-07-05 03:00:00,338.0,321.0303295766708,2018-07-05 02:00:00,16.969670423329205
base_02,sarimax,2018-07-05 03:00:00,2018-07-05 04:00:00,754.0,432.63381294304907,2018-07-05 03:00:00,321.36618705695093
base_02,sarimax,2018-07-05 04:00:00,2018-07-05 05:00:00,2412.0,805.3650948177823,2018-07-05 04:00:00,1606.6349051822176
base_02,sarimax,2018-07-05 05:00:00,2018-07-05 06:00:00,4500.0,2425.4350277372037,2018-07-05 05:00:00,2074.5649722627963
base_02,sarimax,2018-07-05 06:00:00,2018-07-05 07:00:00,4966.0,4500.203915912413,2018-07-05 06:00:00,465.7960840875867
base_02,sarimax,2018-07-05 07:00:00,2018-07-05 08:00:00,4440.0,4916.388215204726,2018-07-05 07:00:00,-476.3882152047263
base_02,sarimax,2018-07-05 08:00:00,2018-07-05 09:00:00,4205.0,4279.473064508425,2018-07-05 08:00:00,-74.47306450842461
base_02,sarimax,2018-07-05 09:00:00,2018-07-05 10:00:00,4154.0,4000.2740556142426,2018-07-05 09:00:00,153.72594438575743
base_02,sarimax,2018-07-05 10:00:00,2018-07-05 11:00:00,4201.0,4116.469099792974,2018-07-05 10:00:00,84.5309002070262
base_02,sarimax,2018-07-05 11:00:00,2018-07-05 12:00:00,4416.0,4265.259481745369,2018-07-05 11:00:00,150.74051825463084
base_02,sarimax,2018-07-05 12:00:00,2018-07-05 13:00:00,4491.0,4460.815772231491,2018-07-05 12:00:00,30.184227768509118
base_02,sarimax,2018-07-05 13:00:00,2018-07-05 14:00:00,4708.0,4515.8096764870115,2018-07-05 13:00:00,192.19032351298847
base_02,sarimax,2018-07-05 14:00:00,2018-07-05 15:00:00,5066.0,4713.917166520666,2018-07-05 14:00:00,352.0828334793341
base_02,sarimax,2018-07-05 15:00:00,2018-07-05 16:00:00,5908.0,5048.09945740462,2018-07-05 15:00:00,859.9005425953801
base_02,sarimax,2018-07-05 16:00:00,2018-07-05 17:00:00,5223.0,5908.299412306286,2018-07-05 16:00:00,-685.2994123062863
base_02,sarimax,2018-07-05 17:00:00,2018-07-05 18:00:00,4115.0,5203.882542137467,2018-07-05 17:00:00,-1088.8825421374668
base_02,sarimax,2018-07-05 18:00:00,2018-07-05 19:00:00,3099.0,4073.5937790069097,2018-07-05 18:00:00,-974.5937790069097
base_02,sarimax,2018-07-05 19:00:00,2018-07-05 20:00:00,2713.0,3011.704517696795,2018-07-05 19:00:00,-298.70451769679494
base_02,sarimax,2018-07-05 20:00:00,2018-07-05 21:00:00,2633.0,2769.8735136404607,2018-07-05 20:00:00,-136.87351364046071
base_02,sarimax,2018-07-05 21:00:00,2018-07-05 22:00:00,2002.0,2716.241702398458,2018-07-05 21:00:00,-714.2417023984581
base_02,sarimax,2018-07-05 22:00:00,2018-07-05 23:00:00,1287.0,2052.6754073862176,2018-07-05 22:00:00,-765.6754073862176
base_02,sarimax,2018-07-05 23:00:00,2018-07-06 00:00:00,743.0,1286.4974731553334,2018-07-05 23:00:00,-543.4974731553334
base_02,sarimax,2018-07-06 00:00:00,2018-07-06 01:00:00,435.0,732.5078471240719,2018-07-06 00:00:00,-297.5078471240719
base_02,sarimax,2018-07-06 01:00:00,2018-07-06 02:00:00,372.0,471.47517829777235,2018-07-06 01:00:00,-99.47517829777235
base_02,sarimax,2018-07-06 02:00:00,2018-07-06 03:00:00,343.0,429.25803748211524,2018-07-06 02:00:00,-86.25803748211524
base_02,sarimax,2018-07-06 03:00:00,2018-07-06 04:00:00,752.0,382.4896667801393,2018-07-06 03:00:00,369.5103332198607
base_02,sarimax,2018-07-06 04:00:00,2018-07-06 05:00:00,2453.0,771.2416217997518,2018-07-06 04:00:00,1681.7583782002482
base_02,sarimax,2018-07-06 05:00:00,2018-07-06 06:00:00,4489.0,2447.5682173578684,2018-07-06 05:00:00,2041.4317826421316
base_02,sarimax,2018-07-06 06:00:00,2018-07-06 07:00:00,5069.0,4471.854197471297,2018-07-06 06:00:00,597.1458025287029
base_02,sarimax,2018-07-06 07:00:00,2018-07-06 08:00:00,4489.0,5047.511369453657,2018-07-06 07:00:00,-558.5113694536567
base_02,sarimax,2018-07-06 08:00:00,2018-07-06 09:00:00,4305.0,4361.187655520679,2018-07-06 08:00:00,-56.18765552067907
base_02,sarimax,2018-07-06 09:00:00,2018-07-06 10:00:00,4215.0,4147.170976713845,2018-07-06 09:00:00,67.82902328615455
base_02,sarimax,2018-07-06 10:00:00,2018-07-06 11:00:00,4547.0,4187.184854418742,2018-07-06 10:00:00,359.81514558125764
base_02,sarimax,2018-07-06 11:00:00,2018-07-06 12:00:00,4684.0,4634.948854311264,2018-07-06 11:00:00,49.05114568873614
base_02,sarimax,2018-07-06 12:00:00,2018-07-06 13:00:00,4594.0,4725.925297969566,2018-07-06 12:00:00,-131.9252979695657
base_02,sarimax,2018-07-06 13:00:00,2018-07-06 14:00:00,4818.0,4623.160438726782,2018-07-06 13:00:00,194.83956127321835
base_02,sarimax,2018-07-06 14:00:00,2018-07-06 15:00:00,5182.0,4797.9551227964985,2018-07-06 14:00:00,384.0448772035015
base_02,sarimax,2018-07-06 15:00:00,2018-07-06 16:00:00,5353.0,5178.6076287570595,2018-07-06 15:00:00,174.3923712429405
base_02,sarimax,2018-07-06 16:00:00,2018-07-06 17:00:00,4822.0,5371.415394481902,2018-07-06 16:00:00,-549.4153944819018
base_02,sarimax,2018-07-06 17:00:00,2018-07-06 18:00:00,4089.0,4807.910862154124,2018-07-06 17:00:00,-718.9108621541236
base_02,sarimax,2018-07-06 18:00:00,2018-07-06 19:00:00,3390.0,4046.869601975778,2018-07-06 18:00:00,-656.8696019757781
base_02,sarimax,2018-07-06 19:00:00,2018-07-06 20:00:00,2966.0,3362.0059940004066,2018-07-06 19:00:00,-396.00599400040664
base_02,sarimax,2018-07-06 20:00:00,2018-07-06 21:00:00,2903.0,3004.2542172575836,2018-07-06 20:00:00,-101.2542172575836
base_02,sarimax,2018-07-06 21:00:00,2018-07-06 22:00:00,2533.0,2955.982610249698,2018-07-06 21:00:00,-422.98261024969815
base_02,sarimax,2018-07-06 22:00:00,2018-07-06 23:00:00,2227.0,2566.0639830646983,2018-07-06 22:00:00,-339.0639830646983
base_02,sarimax,2018-07-06 23:00:00,2018-07-07 00:00:00,1233.0,2243.45893564616,2018-07-06 23:00:00,-1010.4589356461602
base_02,sarimax,2018-07-07 00:00:00,2018-07-07 01:00:00,689.0,1216.498787768057,2018-07-07 00:00:00,-527.4987877680569
base_02,sarimax,2018-07-07 01:00:00,2018-07-07 02:00:00,604.0,718.7774063317378,2018-07-07 01:00:00,-114.77740633173778
base_02,sarimax,2018-07-07 02:00:00,2018-07-07 03:00:00,382.0,625.6847286103922,2018-07-07 02:00:00,-243.6847286103922
base_02,sarimax,2018-07-07 03:00:00,2018-07-07 04:00:00,429.0,471.3601568793311,2018-07-07 03:00:00,-42.3601568793311
base_02,sarimax,2018-07-07 04:00:00,2018-07-07 05:00:00,769.0,475.35528653375997,2018-07-07 04:00:00,293.64471346624003
base_02,sarimax,2018-07-07 05:00:00,2018-07-07 06:00:00,1246.0,772.7459547009801,2018-07-07 05:00:00,473.25404529901994
base_02,sarimax,2018-07-07 06:00:00,2018-07-07 07:00:00,1710.0,1263.9647290820978,2018-07-07 06:00:00,446.03527091790215
base_02,sarimax,2018-07-07 07:00:00,2018-07-07 08:00:00,2428.0,1715.501560136538,2018-07-07 07:00:00,712.498439863462
base_02,sarimax,2018-07-07 08:00:00,2018-07-07 09:00:00,3029.0,2422.228857359487,2018-07-07 08:00:00,606.7711426405131
base_02,sarimax,2018-07-07 09:00:00,2018-07-07 10:00:00,3386.0,3008.110529998626,2018-07-07 09:00:00,377.88947000137387
base_02,sarimax,2018-07-07 10:00:00,2018-07-07 11:00:00,4045.0,3366.2673094704446,2018-07-07 10:00:00,678.7326905295554
base_02,sarimax,2018-07-07 11:00:00,2018-07-07 12:00:00,4160.0,4005.4342125916824,2018-07-07 11:00:00,154.56578740831765
base_02,sarimax,2018-07-07 12:00:00,2018-07-07 13:00:00,4118.0,4115.643075124153,2018-07-07 12:00:00,2.356924875846744
base_02,sarimax,2018-07-07 13:00:00,2018-07-07 14:00:00,3992.0,4105.41125926506,2018-07-07 13:00:00,-113.41125926505993
base_02,sarimax,2018-07-07 14:00:00,2018-07-07 15:00:00,4022.0,3946.1092007436987,2018-07-07 14:00:00,75.8907992563013
base_02,sarimax,2018-07-07 15:00:00,2018-07-07 16:00:00,4289.0,4028.0694555251516,2018-07-07 15:00:00,260.9305444748484
base_02,sarimax,2018-07-07 16:00:00,2018-07-07 17:00:00,4085.0,4306.446723211103,2018-07-07 16:00:00,-221.44672321110284
base_02,sarimax,2018-07-07 17:00:00,2018-07-07 18:00:00,3986.0,4107.981128155788,2018-07-07 17:00:00,-121.9811281557877
base_02,sarimax,2018-07-07 18:00:00,2018-07-07 19:00:00,3416.0,3979.679727665961,2018-07-07 18:00:00,-563.6797276659609
base_02,sarimax,2018-07-07 19:00:00,2018-07-07 20:00:00,3191.0,3383.6158334704055,2018-07-07 19:00:00,-192.6158334704055
base_02,sarimax,2018-07-07 20:00:00,2018-07-07 21:00:00,3616.0,3197.1949246652102,2018-07-07 20:00:00,418.80507533478976
base_02,sarimax,2018-07-07 21:00:00,2018-07-07 22:00:00,3055.0,3599.1612783477162,2018-07-07 21:00:00,-544.1612783477162
base_02,sarimax,2018-07-07 22:00:00,2018-07-07 23:00:00,2246.0,3081.2384857334173,2018-07-07 22:00:00,-835.2384857334173
base_02,sarimax,2018-07-07 23:00:00,2018-07-08 00:00:00,1423.0,2241.94863204308,2018-07-07 23:00:00,-818.9486320430801
base_02,sarimax,2018-07-08 00:00:00,2018-07-08 01:00:00,786.0,1363.8033556765847,2018-07-08 00:00:00,-577.8033556765847
base_02,sarimax,2018-07-08 01:00:00,2018-07-08 02:00:00,693.0,830.4249548246423,2018-07-08 01:00:00,-137.42495482464233
base_02,sarimax,2018-07-08 02:00:00,2018-07-08 03:00:00,357.0,759.8282025224385,2018-07-08 02:00:00,-402.82820252243846
base_02,sarimax,2018-07-08 03:00:00,2018-07-08 04:00:00,327.0,429.9497350135337,2018-07-08 03:00:00,-102.94973501353371
base_02,sarimax,2018-07-08 04:00:00,2018-07-08 05:00:00,476.0,387.93836762459307,2018-07-08 04:00:00,88.06163237540693
base_02,sarimax,2018-07-08 05:00:00,2018-07-08 06:00:00,876.0,481.6978749394102,2018-07-08 05:00:00,394.3021250605898
base_02,sarimax,2018-07-08 06:00:00,2018-07-08 07:00:00,1084.0,901.9236158875459,2018-07-08 06:00:00,182.0763841124541
base_02,sarimax,2018-07-08 07:00:00,2018-07-08 08:00:00,1920.0,1088.975138604168,2018-07-08 07:00:00,831.024861395832
base_02,sarimax,2018-07-08 08:00:00,2018-07-08 09:00:00,2584.0,1937.0347110811445,2018-07-08 08:00:00,646.9652889188555
base_02,sarimax,2018-07-08 09:00:00,2018-07-08 10:00:00,3236.0,2562.655276425415,2018-07-08 09:00:00,673.3447235745848
base_02,sarimax,2018-07-08 10:00:00,2018-07-08 11:00:00,3837.0,3250.931881786088,2018-07-08 10:00:00,586.0681182139119
base_02,sarimax,2018-07-08 11:00:00,2018-07-08 12:00:00,4075.0,3778.9872012955034,2018-07-08 11:00:00,296.0127987044966
base_02,sarimax,2018-07-08 12:00:00,2018-07-08 13:00:00,4211.0,4039.421384301173,2018-07-08 12:00:00,171.57861569882698
base_02,sarimax,2018-07-08 13:00:00,2018-07-08 14:00:00,4470.0,4167.802931480894,2018-07-08 13:00:00,302.1970685191063
base_02,sarimax,2018-07-08 14:00:00,2018-07-08 15:00:00,4397.0,4436.750049739475,2018-07-08 14:00:00,-39.75004973947489
base_02,sarimax,2018-07-08 15:00:00,2018-07-08 16:00:00,4514.0,4395.308064428223,2018-07-08 15:00:00,118.69193557177732
base_02,sarimax,2018-07-08 16:00:00,2018-07-08 17:00:00,4297.0,4512.990169932433,2018-07-08 16:00:00,-215.99016993243276
base_02,sarimax,2018-07-08 17:00:00,2018-07-08 18:00:00,3953.0,4279.857946724924,2018-07-08 17:00:00,-326.85794672492375
base_02,sarimax,2018-07-08 18:00:00,2018-07-08 19:00:00,3969.0,3951.443244433035,2018-07-08 18:00:00,17.556755566964966
base_02,sarimax,2018-07-08 19:00:00,2018-07-08 20:00:00,3571.0,3950.9216192749454,2018-07-08 19:00:00,-379.92161927494544
base_02,sarimax,2018-07-08 20:00:00,2018-07-08 21:00:00,2948.0,3570.371133928344,2018-07-08 20:00:00,-622.3711339283441
base_02,sarimax,2018-07-08 21:00:00,2018-07-08 22:00:00,2039.0,2948.1511565942283,2018-07-08 21:00:00,-909.1511565942283
base_02,sarimax,2018-07-08 22:00:00,2018-07-08 23:00:00,1339.0,2002.999602057457,2018-07-08 22:00:00,-663.999602057457
base_02,sarimax,2018-07-08 23:00:00,2018-07-09 00:00:00,676.0,1362.9662539182189,2018-07-08 23:00:00,-686.9662539182189
base_02,sarimax,2018-07-09 00:00:00,2018-07-09 01:00:00,423.0,724.1456474993704,2018-07-09 00:00:00,-301.1456474993704
base_02,sarimax,2018-07-09 01:00:00,2018-07-09 02:00:00,320.0,497.57486703205564,2018-07-09 01:00:00,-177.57486703205564
base_02,sarimax,2018-07-09 02:00:00,2018-07-09 03:00:00,348.0,378.4354245200678,2018-07-09 02:00:00,-30.435424520067784
base_02,sarimax,2018-07-09 03:00:00,2018-07-09 04:00:00,903.0,398.8545354587966,2018-07-09 03:00:00,504.1454645412034
base_02,sarimax,2018-07-09 04:00:00,2018-07-09 05:00:00,2977.0,922.7579644507701,2018-07-09 04:00:00,2054.24203554923
base_02,sarimax,2018-07-09 05:00:00,2018-07-09 06:00:00,5679.0,2984.6381875256266,2018-07-09 05:00:00,2694.3618124743734
base_02,sarimax,2018-07-09 06:00:00,2018-07-09 07:00:00,6178.0,5670.966868527671,2018-07-09 06:00:00,507.03313147232893
base_02,sarimax,2018-07-09 07:00:00,2018-07-09 08:00:00,5656.0,6118.083527377721,2018-07-09 07:00:00,-462.0835273777211
base_02,sarimax,2018-07-09 08:00:00,2018-07-09 09:00:00,4586.0,5458.881799166341,2018-07-09 08:00:00,-872.8817991663409
base_02,sarimax,2018-07-09 09:00:00,2018-07-09 10:00:00,4266.0,4336.562491386194,2018-07-09 09:00:00,-70.56249138619387
base_02,sarimax,2018-07-09 10:00:00,2018-07-09 11:00:00,4448.0,4240.731099673059,2018-07-09 10:00:00,207.26890032694064
base_02,sarimax,2018-07-09 11:00:00,2018-07-09 12:00:00,4689.0,4512.784015473597,2018-07-09 11:00:00,176.2159845264032
base_02,sarimax,2018-07-09 12:00:00,2018-07-09 13:00:00,4621.0,4827.515758433964,2018-07-09 12:00:00,-206.51575843396404
base_02,sarimax,2018-07-09 13:00:00,2018-07-09 14:00:00,4836.0,4671.634949139293,2018-07-09 13:00:00,164.36505086070702
base_02,sarimax,2018-07-09 14:00:00,2018-07-09 15:00:00,5429.0,4834.961639266615,2018-07-09 14:00:00,594.0383607333852
base_02,sarimax,2018-07-09 15:00:00,2018-07-09 16:00:00,6311.0,5423.798743668163,2018-07-09 15:00:00,887.2012563318367
base_02,sarimax,2018-07-09 16:00:00,2018-07-09 17:00:00,5805.0,6336.465873778927,2018-07-09 16:00:00,-531.4658737789268
base_02,sarimax,2018-07-09 17:00:00,2018-07-09 18:00:00,4290.0,5787.3271705964435,2018-07-09 17:00:00,-1497.3271705964435
base_02,sarimax,2018-07-09 18:00:00,2018-07-09 19:00:00,3240.0,4232.230089477499,2018-07-09 18:00:00,-992.230089477499
base_02,sarimax,2018-07-09 19:00:00,2018-07-09 20:00:00,2861.0,3146.029173535162,2018-07-09 19:00:00,-285.02917353516204
base_02,sarimax,2018-07-09 20:00:00,2018-07-09 21:00:00,2633.0,2890.953440447027,2018-07-09 20:00:00,-257.9534404470269
base_02,sarimax,2018-07-09 21:00:00,2018-07-09 22:00:00,2071.0,2751.1966262548667,2018-07-09 21:00:00,-680.1966262548667
base_02,sarimax,2018-07-09 22:00:00,2018-07-09 23:00:00,1189.0,2128.498080040838,2018-07-09 22:00:00,-939.498080040838
base_02,sarimax,2018-07-09 23:00:00,2018-07-10 00:00:00,688.0,1184.4534510552362,2018-07-09 23:00:00,-496.4534510552362
base_02,sarimax,2018-07-10 00:00:00,2018-07-10 01:00:00,389.0,672.1336858283614,2018-07-10 00:00:00,-283.1336858283614
base_02,sarimax,2018-07-10 01:00:00,2018-07-10 02:00:00,295.0,414.8415755332718,2018-07-10 01:00:00,-119.8415755332718
base_02,sarimax,2018-07-10 02:00:00,2018-07-10 03:00:00,364.0,354.04049063525713,2018-07-10 02:00:00,9.959509364742871
base_02,sarimax,2018-07-10 03:00:00,2018-07-10 04:00:00,898.0,407.4928318631979,2018-07-10 03:00:00,490.5071681368021
base_02,sarimax,2018-07-10 04:00:00,2018-07-10 05:00:00,3137.0,917.06733124166,2018-07-10 04:00:00,2219.93266875834
base_02,sarimax,2018-07-10 05:00:00,2018-07-10 06:00:00,5886.0,3126.4700378616153,2018-07-10 05:00:00,2759.5299621383847
base_02,sarimax,2018-07-10 06:00:00,2018-07-10 07:00:00,6134.0,5868.921331765156,2018-07-10 06:00:00,265.0786682348444
base_02,sarimax,2018-07-10 07:00:00,2018-07-10 08:00:00,5786.0,6090.545064127687,2018-07-10 07:00:00,-304.5450641276866
base_02,sarimax,2018-07-10 08:00:00,2018-07-10 09:00:00,4843.0,5607.1875745500765,2018-07-10 08:00:00,-764.1875745500765
base_02,sarimax,2018-07-10 09:00:00,2018-07-10 10:00:00,4442.0,4591.78930746911,2018-07-10 09:00:00,-149.7893074691101
base_02,sarimax,2018-07-10 10:00:00,2018-07-10 11:00:00,4586.0,4427.774884577796,2018-07-10 10:00:00,158.225115422204
base_02,sarimax,2018-07-10 11:00:00,2018-07-10 12:00:00,4865.0,4627.975375555677,2018-07-10 11:00:00,237.0246244443233
base_02,sarimax,2018-07-10 12:00:00,2018-07-10 13:00:00,4719.0,4976.713740491899,2018-07-10 12:00:00,-257.71374049189944
base_02,sarimax,2018-07-10 13:00:00,2018-07-10 14:00:00,4789.0,4778.626283538183,2018-07-10 13:00:00,10.373716461816912
base_02,sarimax,2018-07-10 14:00:00,2018-07-10 15:00:00,5681.0,4814.415457762417,2018-07-10 14:00:00,866.5845422375833
base_02,sarimax,2018-07-10 15:00:00,2018-07-10 16:00:00,6566.0,5684.362123766812,2018-07-10 15:00:00,881.6378762331879
base_02,sarimax,2018-07-10 16:00:00,2018-07-10 17:00:00,6081.0,6603.031858409449,2018-07-10 16:00:00,-522.0318584094493
base_02,sarimax,2018-07-10 17:00:00,2018-07-10 18:00:00,4404.0,6084.145231460596,2018-07-10 17:00:00,-1680.1452314605958
base_02,sarimax,2018-07-10 18:00:00,2018-07-10 19:00:00,3219.0,4318.261467980339,2018-07-10 18:00:00,-1099.2614679803391
base_02,sarimax,2018-07-10 19:00:00,2018-07-10 20:00:00,3053.0,3126.4233331226274,2018-07-10 19:00:00,-73.42333312262735
base_02,sarimax,2018-07-10 20:00:00,2018-07-10 21:00:00,3060.0,3081.7716937535733,2018-07-10 20:00:00,-21.771693753573345
base_02,sarimax,2018-07-10 21:00:00,2018-07-10 22:00:00,2203.0,3200.433495653234,2018-07-10 21:00:00,-997.4334956532339
base_02,sarimax,2018-07-10 22:00:00,2018-07-10 23:00:00,1311.0,2287.281196517214,2018-07-10 22:00:00,-976.2811965172141
base_02,sarimax,2018-07-10 23:00:00,2018-07-11 00:00:00,661.0,1304.791824290219,2018-07-10 23:00:00,-643.791824290219
base_02,sarimax,2018-07-11 00:00:00,2018-07-11 01:00:00,401.0,640.8250440179494,2018-07-11 00:00:00,-239.82504401794938
base_02,sarimax,2018-07-11 01:00:00,2018-07-11 02:00:00,321.0,469.48016829642563,2018-07-11 01:00:00,-148.48016829642563
base_02,sarimax,2018-07-11 02:00:00,2018-07-11 03:00:00,384.0,395.3327827482527,2018-07-11 02:00:00,-11.332782748252725
base_02,sarimax,2018-07-11 03:00:00,2018-07-11 04:00:00,948.0,441.4214804077464,2018-07-11 03:00:00,506.5785195922536
base_02,sarimax,2018-07-11 04:00:00,2018-07-11 05:00:00,3193.0,974.0463062728203,2018-07-11 04:00:00,2218.9536937271796
base_02,sarimax,2018-07-11 05:00:00,2018-07-11 06:00:00,5179.0,3193.19650130965,2018-07-11 05:00:00,1985.80349869035
base_02,sarimax,2018-07-11 06:00:00,2018-07-11 07:00:00,6295.0,5172.402620319526,2018-07-11 06:00:00,1122.5973796804738
base_02,sarimax,2018-07-11 07:00:00,2018-07-11 08:00:00,5930.0,6257.067966046274,2018-07-11 07:00:00,-327.0679660462738
base_02,sarimax,2018-07-11 08:00:00,2018-07-11 09:00:00,5025.0,5728.9904867680125,2018-07-11 08:00:00,-703.9904867680125
base_02,sarimax,2018-07-11 09:00:00,2018-07-11 10:00:00,4829.0,4853.595858081474,2018-07-11 09:00:00,-24.595858081474034
base_02,sarimax,2018-07-11 10:00:00,2018-07-11 11:00:00,5052.0,4734.925408502039,2018-07-11 10:00:00,317.0745914979607
base_02,sarimax,2018-07-11 11:00:00,2018-07-11 12:00:00,4974.0,5107.365588890422,2018-07-11 11:00:00,-133.36558889042226
base_02,sarimax,2018-07-11 12:00:00,2018-07-11 13:00:00,4779.0,5103.96812880682,2018-07-11 12:00:00,-324.96812880681955
base_02,sarimax,2018-07-11 13:00:00,2018-07-11 14:00:00,4974.0,4834.398224642411,2018-07-11 13:00:00,139.60177535758885
base_02,sarimax,2018-07-11 14:00:00,2018-07-11 15:00:00,5817.0,4977.075933767119,2018-07-11 14:00:00,839.9240662328812
base_02,sarimax,2018-07-11 15:00:00,2018-07-11 16:00:00,6522.0,5841.123272248076,2018-07-11 15:00:00,680.8767277519237
base_02,sarimax,2018-07-11 16:00:00,2018-07-11 17:00:00,5935.0,6562.77764958004,2018-07-11 16:00:00,-627.7776495800399
base_02,sarimax,2018-07-11 17:00:00,2018-07-11 18:00:00,4568.0,5915.134533468471,2018-07-11 17:00:00,-1347.134533468471
base_02,sarimax,2018-07-11 18:00:00,2018-07-11 19:00:00,3412.0,4471.420784728224,2018-07-11 18:00:00,-1059.4207847282241
base_02,sarimax,2018-07-11 19:00:00,2018-07-11 20:00:00,3033.0,3332.74576651906,2018-07-11 19:00:00,-299.74576651906
base_02,sarimax,2018-07-11 20:00:00,2018-07-11 21:00:00,2687.0,3083.5514751071937,2018-07-11 20:00:00,-396.5514751071937
base_02,sarimax,2018-07-11 21:00:00,2018-07-11 22:00:00,1960.0,2802.3976738487845,2018-07-11 21:00:00,-842.3976738487845
base_02,sarimax,2018-07-11 22:00:00,2018-07-11 23:00:00,1294.0,2068.677597453762,2018-07-11 22:00:00,-774.6775974537618
base_02,sarimax,2018-07-11 23:00:00,2018-07-12 00:00:00,699.0,1318.1891955442593,2018-07-11 23:00:00,-619.1891955442593
base_02,sarimax,2018-07-12 00:00:00,2018-07-12 01:00:00,408.0,725.6888043119991,2018-07-12 00:00:00,-317.6888043119991
base_02,sarimax,2018-07-12 01:00:00,2018-07-12 02:00:00,296.0,467.5778559279345,2018-07-12 01:00:00,-171.57785592793448
base_02,sarimax,2018-07-12 02:00:00,2018-07-12 03:00:00,364.0,357.12632233230977,2018-07-12 02:00:00,6.873677667690231
base_02,sarimax,2018-07-12 03:00:00,2018-07-12 04:00:00,940.0,413.73255742787046,2018-07-12 03:00:00,526.2674425721295
base_02,sarimax,2018-07-12 04:00:00,2018-07-12 05:00:00,3070.0,961.0505658303955,2018-07-12 04:00:00,2108.9494341696045
base_02,sarimax,2018-07-12 05:00:00,2018-07-12 06:00:00,5702.0,3066.282976508015,2018-07-12 05:00:00,2635.717023491985
base_02,sarimax,2018-07-12 06:00:00,2018-07-12 07:00:00,6456.0,5690.433545194461,2018-07-12 06:00:00,765.5664548055393
base_02,sarimax,2018-07-12 07:00:00,2018-07-12 08:00:00,5583.0,6390.481700092073,2018-07-12 07:00:00,-807.481700092073
base_02,sarimax,2018-07-12 08:00:00,2018-07-12 09:00:00,4958.0,5367.7181381225555,2018-07-12 08:00:00,-409.7181381225555
base_02,sarimax,2018-07-12 09:00:00,2018-07-12 10:00:00,4610.0,4696.2108196260915,2018-07-12 09:00:00,-86.2108196260915
base_02,sarimax,2018-07-12 10:00:00,2018-07-12 11:00:00,4848.0,4549.673554371593,2018-07-12 10:00:00,298.3264456284069
base_02,sarimax,2018-07-12 11:00:00,2018-07-12 12:00:00,4891.0,4969.223182812799,2018-07-12 11:00:00,-78.22318281279877
base_02,sarimax,2018-07-12 12:00:00,2018-07-12 13:00:00,5188.0,4970.867696625576,2018-07-12 12:00:00,217.13230337442383
base_02,sarimax,2018-07-12 13:00:00,2018-07-12 14:00:00,5139.0,5244.449721673538,2018-07-12 13:00:00,-105.44972167353808
base_02,sarimax,2018-07-12 14:00:00,2018-07-12 15:00:00,5743.0,5147.609021848202,2018-07-12 14:00:00,595.3909781517978
base_02,sarimax,2018-07-12 15:00:00,2018-07-12 16:00:00,6612.0,5760.404577587524,2018-07-12 15:00:00,851.5954224124762
base_02,sarimax,2018-07-12 16:00:00,2018-07-12 17:00:00,5795.0,6600.077668287418,2018-07-12 16:00:00,-805.0776682874184
base_02,sarimax,2018-07-12 17:00:00,2018-07-12 18:00:00,3890.0,5792.31172815029,2018-07-12 17:00:00,-1902.31172815029
base_02,sarimax,2018-07-12 18:00:00,2018-07-12 19:00:00,3237.0,3743.8580375774327,2018-07-12 18:00:00,-506.8580375774327
base_02,sarimax,2018-07-12 19:00:00,2018-07-12 20:00:00,2727.0,3065.5594446012874,2018-07-12 19:00:00,-338.5594446012874
base_02,sarimax,2018-07-12 20:00:00,2018-07-12 21:00:00,2497.0,2808.2312556402057,2018-07-12 20:00:00,-311.23125564020575
base_02,sarimax,2018-07-12 21:00:00,2018-07-12 22:00:00,1870.0,2686.7193542465543,2018-07-12 21:00:00,-816.7193542465543
base_02,sarimax,2018-07-12 22:00:00,2018-07-12 23:00:00,1320.0,1923.7026643816348,2018-07-12 22:00:00,-603.7026643816348
base_02,sarimax,2018-07-12 23:00:00,2018-07-13 00:00:00,705.0,1362.17157068203,2018-07-12 23:00:00,-657.17157068203
base_02,sarimax,2018-07-13 00:00:00,2018-07-13 01:00:00,439.0,725.1266274346128,2018-07-13 00:00:00,-286.12662743461283
base_02,sarimax,2018-07-13 01:00:00,2018-07-13 02:00:00,350.0,509.48567114438396,2018-07-13 01:00:00,-159.48567114438396
base_02,sarimax,2018-07-13 02:00:00,2018-07-13 03:00:00,373.0,399.0930643538458,2018-07-13 02:00:00,-26.09306435384582
base_02,sarimax,2018-07-13 03:00:00,2018-07-13 04:00:00,888.0,433.0095530061392,2018-07-13 03:00:00,454.9904469938608
base_02,sarimax,2018-07-13 04:00:00,2018-07-13 05:00:00,2917.0,907.7554448086169,2018-07-13 04:00:00,2009.2445551913831
base_02,sarimax,2018-07-13 05:00:00,2018-07-13 06:00:00,5268.0,2925.410031035563,2018-07-13 05:00:00,2342.589968964437
base_02,sarimax,2018-07-13 06:00:00,2018-07-13 07:00:00,5994.0,5267.937324585864,2018-07-13 06:00:00,726.0626754141358
base_02,sarimax,2018-07-13 07:00:00,2018-07-13 08:00:00,5288.0,5938.01032341187,2018-07-13 07:00:00,-650.0103234118696
base_02,sarimax,2018-07-13 08:00:00,2018-07-13 09:00:00,4543.0,5082.124033237692,2018-07-13 08:00:00,-539.124033237692
base_02,sarimax,2018-07-13 09:00:00,2018-07-13 10:00:00,4392.0,4304.865555682893,2018-07-13 09:00:00,87.13444431710741
base_02,sarimax,2018-07-13 10:00:00,2018-07-13 11:00:00,4740.0,4313.978075073178,2018-07-13 10:00:00,426.02192492682207
base_02,sarimax,2018-07-13 11:00:00,2018-07-13 12:00:00,5123.0,4811.987716416089,2018-07-13 11:00:00,311.0122835839111
base_02,sarimax,2018-07-13 12:00:00,2018-07-13 13:00:00,5059.0,5208.1119155680035,2018-07-13 12:00:00,-149.1119155680035
base_02,sarimax,2018-07-13 13:00:00,2018-07-13 14:00:00,5363.0,5092.653712290962,2018-07-13 13:00:00,270.3462877090378
base_02,sarimax,2018-07-13 14:00:00,2018-07-13 15:00:00,5914.0,5340.286552691559,2018-07-13 14:00:00,573.7134473084407
base_02,sarimax,2018-07-13 15:00:00,2018-07-13 16:00:00,6153.0,5888.112992283688,2018-07-13 15:00:00,264.8870077163119
base_02,sarimax,2018-07-13 16:00:00,2018-07-13 17:00:00,5257.0,6155.454888242499,2018-07-13 16:00:00,-898.4548882424988
base_02,sarimax,2018-07-13 17:00:00,2018-07-13 18:00:00,4664.0,5245.8139661794785,2018-07-13 17:00:00,-581.8139661794785
base_02,sarimax,2018-07-13 18:00:00,2018-07-13 19:00:00,3664.0,4636.600612841481,2018-07-13 18:00:00,-972.600612841481
base_02,sarimax,2018-07-13 19:00:00,2018-07-13 20:00:00,3260.0,3641.087289074741,2018-07-13 19:00:00,-381.08728907474097
base_02,sarimax,2018-07-13 20:00:00,2018-07-13 21:00:00,3064.0,3350.0611216155407,2018-07-13 20:00:00,-286.06112161554074
base_02,sarimax,2018-07-13 21:00:00,2018-07-13 22:00:00,2835.0,3086.9954533320965,2018-07-13 21:00:00,-251.99545333209653
base_02,sarimax,2018-07-13 22:00:00,2018-07-13 23:00:00,1971.0,2910.990745161757,2018-07-13 22:00:00,-939.9907451617569
base_02,sarimax,2018-07-13 23:00:00,2018-07-14 00:00:00,1233.0,1984.1249646856868,2018-07-13 23:00:00,-751.1249646856868
base_02,sarimax,2018-07-14 00:00:00,2018-07-14 01:00:00,696.0,1238.8119260220565,2018-07-14 00:00:00,-542.8119260220565
base_02,sarimax,2018-07-14 01:00:00,2018-07-14 02:00:00,646.0,695.6843445063843,2018-07-14 01:00:00,-49.684344506384264
base_02,sarimax,2018-07-14 02:00:00,2018-07-14 03:00:00,437.0,725.4748020197329,2018-07-14 02:00:00,-288.4748020197329
base_02,sarimax,2018-07-14 03:00:00,2018-07-14 04:00:00,444.0,505.2658524246626,2018-07-14 03:00:00,-61.265852424662626
base_02,sarimax,2018-07-14 04:00:00,2018-07-14 05:00:00,858.0,478.6100988877505,2018-07-14 04:00:00,379.3899011122495
base_02,sarimax,2018-07-14 05:00:00,2018-07-14 06:00:00,1422.0,856.5241795666956,2018-07-14 05:00:00,565.4758204333044
base_02,sarimax,2018-07-14 06:00:00,2018-07-14 07:00:00,1991.0,1430.2447563976184,2018-07-14 06:00:00,560.7552436023816
base_02,sarimax,2018-07-14 07:00:00,2018-07-14 08:00:00,2714.0,2010.1322974821,2018-07-14 07:00:00,703.8677025178999
base_02,sarimax,2018-07-14 08:00:00,2018-07-14 09:00:00,3471.0,2703.3198268862166,2018-07-14 08:00:00,767.6801731137834
base_02,sarimax,2018-07-14 09:00:00,2018-07-14 10:00:00,3718.0,3461.7706711792853,2018-07-14 09:00:00,256.2293288207147
base_02,sarimax,2018-07-14 10:00:00,2018-07-14 11:00:00,4213.0,3696.7005317254907,2018-07-14 10:00:00,516.2994682745093
base_02,sarimax,2018-07-14 11:00:00,2018-07-14 12:00:00,4524.0,4168.760335067112,2018-07-14 11:00:00,355.23966493288845
base_02,sarimax,2018-07-14 12:00:00,2018-07-14 13:00:00,4218.0,4476.856855624738,2018-07-14 12:00:00,-258.8568556247383
base_02,sarimax,2018-07-14 13:00:00,2018-07-14 14:00:00,4242.0,4217.245456767786,2018-07-14 13:00:00,24.75454323221402
base_02,sarimax,2018-07-14 14:00:00,2018-07-14 15:00:00,4306.0,4209.589266077804,2018-07-14 14:00:00,96.41073392219641
base_02,sarimax,2018-07-14 15:00:00,2018-07-14 16:00:00,4317.0,4286.960010073032,2018-07-14 15:00:00,30.03998992696779
base_02,sarimax,2018-07-14 16:00:00,2018-07-14 17:00:00,4354.0,4353.8525437453945,2018-07-14 16:00:00,0.14745625460545853
base_02,sarimax,2018-07-14 17:00:00,2018-07-14 18:00:00,4109.0,4354.934240003363,2018-07-14 17:00:00,-245.9342400033629
base_02,sarimax,2018-07-14 18:00:00,2018-07-14 19:00:00,3446.0,4102.523805825932,2018-07-14 18:00:00,-656.523805825932
base_02,sarimax,2018-07-14 19:00:00,2018-07-14 20:00:00,3192.0,3437.3320716104477,2018-07-14 19:00:00,-245.33207161044766
base_02,sarimax,2018-07-14 20:00:00,2018-07-14 21:00:00,3272.0,3169.982944865026,2018-07-14 20:00:00,102.01705513497382
base_02,sarimax,2018-07-14 21:00:00,2018-07-14 22:00:00,3074.0,3267.351329366606,2018-07-14 21:00:00,-193.35132936660602
base_02,sarimax,2018-07-14 22:00:00,2018-07-14 23:00:00,2275.0,3088.5461881435294,2018-07-14 22:00:00,-813.5461881435294
base_02,sarimax,2018-07-14 23:00:00,2018-07-15 00:00:00,1350.0,2270.8364136578034,2018-07-14 23:00:00,-920.8364136578034
base_02,sarimax,2018-07-15 00:00:00,2018-07-15 01:00:00,826.0,1324.5808912431687,2018-07-15 00:00:00,-498.5808912431687
base_02,sarimax,2018-07-15 01:00:00,2018-07-15 02:00:00,699.0,829.4554595715608,2018-07-15 01:00:00,-130.45545957156082
base_02,sarimax,2018-07-15 02:00:00,2018-07-15 03:00:00,435.0,760.1675096239173,2018-07-15 02:00:00,-325.16750962391734
base_02,sarimax,2018-07-15 03:00:00,2018-07-15 04:00:00,366.0,521.0605990493714,2018-07-15 03:00:00,-155.06059904937138
base_02,sarimax,2018-07-15 04:00:00,2018-07-15 05:00:00,508.0,416.0455533613464,2018-07-15 04:00:00,91.95444663865362
base_02,sarimax,2018-07-15 05:00:00,2018-07-15 06:00:00,933.0,508.82845552653384,2018-07-15 05:00:00,424.17154447346616
base_02,sarimax,2018-07-15 06:00:00,2018-07-15 07:00:00,1195.0,955.0733050077995,2018-07-15 06:00:00,239.9266949922005
base_02,sarimax,2018-07-15 07:00:00,2018-07-15 08:00:00,1814.0,1213.242181985341,2018-07-15 07:00:00,600.757818014659
base_02,sarimax,2018-07-15 08:00:00,2018-07-15 09:00:00,2911.0,1844.8905285389417,2018-07-15 08:00:00,1066.1094714610583
base_02,sarimax,2018-07-15 09:00:00,2018-07-15 10:00:00,3310.0,2916.04367895697,2018-07-15 09:00:00,393.95632104303013
base_02,sarimax,2018-07-15 10:00:00,2018-07-15 11:00:00,3655.0,3312.9481607722782,2018-07-15 10:00:00,342.05183922772176
base_02,sarimax,2018-07-15 11:00:00,2018-07-15 12:00:00,4245.0,3613.810090813689,2018-07-15 11:00:00,631.1899091863111
base_02,sarimax,2018-07-15 12:00:00,2018-07-15 13:00:00,4233.0,4154.205451844462,2018-07-15 12:00:00,78.794548155538
base_02,sarimax,2018-07-15 13:00:00,2018-07-15 14:00:00,4129.0,4203.445512859018,2018-07-15 13:00:00,-74.44551285901798
base_02,sarimax,2018-07-15 14:00:00,2018-07-15 15:00:00,4063.0,4111.343243810719,2018-07-15 14:00:00,-48.34324381071929
base_02,sarimax,2018-07-15 15:00:00,2018-07-15 16:00:00,4438.0,4013.364008577474,2018-07-15 15:00:00,424.6359914225259
base_02,sarimax,2018-07-15 16:00:00,2018-07-15 17:00:00,4321.0,4443.731169987785,2018-07-15 16:00:00,-122.7311699877846
base_02,sarimax,2018-07-15 17:00:00,2018-07-15 18:00:00,3836.0,4332.269148471171,2018-07-15 17:00:00,-496.2691484711713
base_02,sarimax,2018-07-15 18:00:00,2018-07-15 19:00:00,3535.0,3833.6727791746634,2018-07-15 18:00:00,-298.67277917466345
base_02,sarimax,2018-07-15 19:00:00,2018-07-15 20:00:00,3015.0,3472.6025009284094,2018-07-15 19:00:00,-457.6025009284094
base_02,sarimax,2018-07-15 20:00:00,2018-07-15 21:00:00,2671.0,2995.7501899180484,2018-07-15 20:00:00,-324.75018991804836
base_02,sarimax,2018-07-15 21:00:00,2018-07-15 22:00:00,2009.0,2685.114039549533,2018-07-15 21:00:00,-676.1140395495331
base_02,sarimax,2018-07-15 22:00:00,2018-07-15 23:00:00,1244.0,2006.7939778117666,2018-07-15 22:00:00,-762.7939778117666
base_02,sarimax,2018-07-15 23:00:00,2018-07-16 00:00:00,721.0,1281.8628744046046,2018-07-15 23:00:00,-560.8628744046046
base_02,sarimax,2018-07-16 00:00:00,2018-07-16 01:00:00,458.0,733.0061084808218,2018-07-16 00:00:00,-275.0061084808218
base_02,sarimax,2018-07-16 01:00:00,2018-07-16 02:00:00,297.0,493.7354083212276,2018-07-16 01:00:00,-196.73540832122762
base_02,sarimax,2018-07-16 02:00:00,2018-07-16 03:00:00,368.0,358.59308786475066,2018-07-16 02:00:00,9.406912135249343
base_02,sarimax,2018-07-16 03:00:00,2018-07-16 04:00:00,935.0,400.2234278409618,2018-07-16 03:00:00,534.7765721590382
base_02,sarimax,2018-07-16 04:00:00,2018-07-16 05:00:00,3048.0,946.4900625844293,2018-07-16 04:00:00,2101.5099374155707
base_02,sarimax,2018-07-16 05:00:00,2018-07-16 06:00:00,5593.0,3053.7923225608056,2018-07-16 05:00:00,2539.2076774391944
base_02,sarimax,2018-07-16 06:00:00,2018-07-16 07:00:00,5793.0,5560.842442264505,2018-07-16 06:00:00,232.15755773549517
base_02,sarimax,2018-07-16 07:00:00,2018-07-16 08:00:00,5647.0,5741.33983517327,2018-07-16 07:00:00,-94.33983517327033
base_02,sarimax,2018-07-16 08:00:00,2018-07-16 09:00:00,4603.0,5470.57744558134,2018-07-16 08:00:00,-867.5774455813398
base_02,sarimax,2018-07-16 09:00:00,2018-07-16 10:00:00,4346.0,4386.191396967693,2018-07-16 09:00:00,-40.191396967693436
base_02,sarimax,2018-07-16 10:00:00,2018-07-16 11:00:00,4504.0,4361.58859721493,2018-07-16 10:00:00,142.4114027850701
base_02,sarimax,2018-07-16 11:00:00,2018-07-16 12:00:00,4588.0,4558.264739536902,2018-07-16 11:00:00,29.735260463097802
base_02,sarimax,2018-07-16 12:00:00,2018-07-16 13:00:00,4558.0,4727.550404207471,2018-07-16 12:00:00,-169.55040420747082
base_02,sarimax,2018-07-16 13:00:00,2018-07-16 14:00:00,4794.0,4601.604906138568,2018-07-16 13:00:00,192.39509386143163
base_02,sarimax,2018-07-16 14:00:00,2018-07-16 15:00:00,5558.0,4801.697832331433,2018-07-16 14:00:00,756.3021676685667
base_02,sarimax,2018-07-16 15:00:00,2018-07-16 16:00:00,6269.0,5560.516606653882,2018-07-16 15:00:00,708.4833933461177
base_02,sarimax,2018-07-16 16:00:00,2018-07-16 17:00:00,5708.0,6274.389290122586,2018-07-16 16:00:00,-566.3892901225863
base_02,sarimax,2018-07-16 17:00:00,2018-07-16 18:00:00,4203.0,5689.938373832849,2018-07-16 17:00:00,-1486.9383738328488
base_02,sarimax,2018-07-16 18:00:00,2018-07-16 19:00:00,3277.0,4121.266085442667,2018-07-16 18:00:00,-844.2660854426667
base_02,sarimax,2018-07-16 19:00:00,2018-07-16 20:00:00,2900.0,3196.3803838669846,2018-07-16 19:00:00,-296.38038386698463
base_02,sarimax,2018-07-16 20:00:00,2018-07-16 21:00:00,2424.0,2941.6222640235774,2018-07-16 20:00:00,-517.6222640235774
base_02,sarimax,2018-07-16 21:00:00,2018-07-16 22:00:00,1965.0,2544.459061393682,2018-07-16 21:00:00,-579.4590613936821
base_02,sarimax,2018-07-16 22:00:00,2018-07-16 23:00:00,1096.0,2024.9006472682665,2018-07-16 22:00:00,-928.9006472682665
base_02,sarimax,2018-07-16 23:00:00,2018-07-17 00:00:00,595.0,1104.977766370892,2018-07-16 23:00:00,-509.9777663708919
base_02,sarimax,2018-07-17 00:00:00,2018-07-17 01:00:00,407.0,626.728992250614,2018-07-17 00:00:00,-219.72899225061406
base_02,sarimax,2018-07-17 01:00:00,2018-07-17 02:00:00,274.0,438.9003631797105,2018-07-17 01:00:00,-164.9003631797105
base_02,sarimax,2018-07-17 02:00:00,2018-07-17 03:00:00,356.0,327.07987945100416,2018-07-17 02:00:00,28.92012054899584
base_02,sarimax,2018-07-17 03:00:00,2018-07-17 04:00:00,930.0,399.72795906577954,2018-07-17 03:00:00,530.2720409342205
base_02,sarimax,2018-07-17 04:00:00,2018-07-17 05:00:00,3171.0,934.1013498596819,2018-07-17 04:00:00,2236.898650140318
base_02,sarimax,2018-07-17 05:00:00,2018-07-17 06:00:00,5870.0,3154.314400316301,2018-07-17 05:00:00,2715.685599683699
base_02,sarimax,2018-07-17 06:00:00,2018-07-17 07:00:00,6417.0,5842.563770657496,2018-07-17 06:00:00,574.4362293425038
base_02,sarimax,2018-07-17 07:00:00,2018-07-17 08:00:00,5455.0,6368.556347954171,2018-07-17 07:00:00,-913.5563479541706
base_02,sarimax,2018-07-17 08:00:00,2018-07-17 09:00:00,5030.0,5261.126138023991,2018-07-17 08:00:00,-231.1261380239912
base_02,sarimax,2018-07-17 09:00:00,2018-07-17 10:00:00,4346.0,4784.229492797457,2018-07-17 09:00:00,-438.22949279745717
base_02,sarimax,2018-07-17 10:00:00,2018-07-17 11:00:00,4540.0,4316.263992332317,2018-07-17 10:00:00,223.73600766768323
base_02,sarimax,2018-07-17 11:00:00,2018-07-17 12:00:00,4952.0,4660.713532375058,2018-07-17 11:00:00,291.2864676249419
base_02,sarimax,2018-07-17 12:00:00,2018-07-17 13:00:00,4576.0,5015.826278427976,2018-07-17 12:00:00,-439.8262784279759
base_02,sarimax,2018-07-17 13:00:00,2018-07-17 14:00:00,5011.0,4660.816283513942,2018-07-17 13:00:00,350.1837164860581
base_02,sarimax,2018-07-17 14:00:00,2018-07-17 15:00:00,5573.0,5011.319594443076,2018-07-17 14:00:00,561.6804055569237
base_02,sarimax,2018-07-17 15:00:00,2018-07-17 16:00:00,6358.0,5540.942468944437,2018-07-17 15:00:00,817.0575310555632
base_02,sarimax,2018-07-17 16:00:00,2018-07-17 17:00:00,5698.0,6414.12822627774,2018-07-17 16:00:00,-716.1282262777404
base_02,sarimax,2018-07-17 17:00:00,2018-07-17 18:00:00,4360.0,5653.233252286087,2018-07-17 17:00:00,-1293.233252286087
base_02,sarimax,2018-07-17 18:00:00,2018-07-17 19:00:00,3337.0,4304.22787422173,2018-07-17 18:00:00,-967.2278742217304
base_02,sarimax,2018-07-17 19:00:00,2018-07-17 20:00:00,3113.0,3256.2266377593633,2018-07-17 19:00:00,-143.22663775936326
base_02,sarimax,2018-07-17 20:00:00,2018-07-17 21:00:00,2754.0,3169.2788637718195,2018-07-17 20:00:00,-415.2788637718195
base_02,sarimax,2018-07-17 21:00:00,2018-07-17 22:00:00,2209.0,2846.6543687162607,2018-07-17 21:00:00,-637.6543687162607
base_02,sarimax,2018-07-17 22:00:00,2018-07-17 23:00:00,1242.0,2264.722691348558,2018-07-17 22:00:00,-1022.7226913485579
base_02,sarimax,2018-07-17 23:00:00,2018-07-18 00:00:00,657.0,1231.5189056911145,2018-07-17 23:00:00,-574.5189056911145
base_02,sarimax,2018-07-18 00:00:00,2018-07-18 01:00:00,410.0,680.456143927094,2018-07-18 00:00:00,-270.456143927094
base_02,sarimax,2018-07-18 01:00:00,2018-07-18 02:00:00,313.0,438.722560080707,2018-07-18 01:00:00,-125.72256008070701
base_02,sarimax,2018-07-18 02:00:00,2018-07-18 03:00:00,377.0,385.6163304274483,2018-07-18 02:00:00,-8.616330427448304
base_02,sarimax,2018-07-18 03:00:00,2018-07-18 04:00:00,894.0,438.6462402289159,2018-07-18 03:00:00,455.3537597710841
base_02,sarimax,2018-07-18 04:00:00,2018-07-18 05:00:00,3189.0,904.8992983045566,2018-07-18 04:00:00,2284.1007016954436
base_02,sarimax,2018-07-18 05:00:00,2018-07-18 06:00:00,5769.0,3188.652000716647,2018-07-18 05:00:00,2580.347999283353
base_02,sarimax,2018-07-18 06:00:00,2018-07-18 07:00:00,6200.0,5756.280063567938,2018-07-18 06:00:00,443.71993643206224
base_02,sarimax,2018-07-18 07:00:00,2018-07-18 08:00:00,5696.0,6154.180938221891,2018-07-18 07:00:00,-458.18093822189076
base_02,sarimax,2018-07-18 08:00:00,2018-07-18 09:00:00,5129.0,5515.889928849353,2018-07-18 08:00:00,-386.88992884935305
base_02,sarimax,2018-07-18 09:00:00,2018-07-18 10:00:00,4560.0,4913.784033535615,2018-07-18 09:00:00,-353.784033535615
base_02,sarimax,2018-07-18 10:00:00,2018-07-18 11:00:00,4752.0,4555.475456477157,2018-07-18 10:00:00,196.52454352284258
base_02,sarimax,2018-07-18 11:00:00,2018-07-18 12:00:00,4916.0,4836.164855212404,2018-07-18 11:00:00,79.83514478759571
base_02,sarimax,2018-07-18 12:00:00,2018-07-18 13:00:00,4714.0,4999.749219898186,2018-07-18 12:00:00,-285.7492198981863
base_02,sarimax,2018-07-18 13:00:00,2018-07-18 14:00:00,5138.0,4795.105877401179,2018-07-18 13:00:00,342.894122598821
base_02,sarimax,2018-07-18 14:00:00,2018-07-18 15:00:00,5677.0,5128.608634852676,2018-07-18 14:00:00,548.391365147324
base_02,sarimax,2018-07-18 15:00:00,2018-07-18 16:00:00,6606.0,5670.0391642448685,2018-07-18 15:00:00,935.9608357551315
base_02,sarimax,2018-07-18 16:00:00,2018-07-18 17:00:00,6084.0,6626.140718402421,2018-07-18 16:00:00,-542.140718402421
base_02,sarimax,2018-07-18 17:00:00,2018-07-18 18:00:00,4941.0,6044.978477065535,2018-07-18 17:00:00,-1103.9784770655351
base_02,sarimax,2018-07-18 18:00:00,2018-07-18 19:00:00,3461.0,4883.63082806247,2018-07-18 18:00:00,-1422.6308280624698
base_02,sarimax,2018-07-18 19:00:00,2018-07-18 20:00:00,3177.0,3353.54002610172,2018-07-18 19:00:00,-176.54002610171983
base_02,sarimax,2018-07-18 20:00:00,2018-07-18 21:00:00,2949.0,3218.070109402446,2018-07-18 20:00:00,-269.0701094024462
base_02,sarimax,2018-07-18 21:00:00,2018-07-18 22:00:00,2200.0,3030.7200016646975,2018-07-18 21:00:00,-830.7200016646975
base_02,sarimax,2018-07-18 22:00:00,2018-07-18 23:00:00,1271.0,2319.2349185488356,2018-07-18 22:00:00,-1048.2349185488356
base_02,sarimax,2018-07-18 23:00:00,2018-07-19 00:00:00,697.0,1291.9749454247033,2018-07-18 23:00:00,-594.9749454247033
base_02,sarimax,2018-07-19 00:00:00,2018-07-19 01:00:00,423.0,697.9722096014839,2018-07-19 00:00:00,-274.9722096014839
base_02,sarimax,2018-07-19 01:00:00,2018-07-19 02:00:00,303.0,488.2556643680853,2018-07-19 01:00:00,-185.25566436808532
base_02,sarimax,2018-07-19 02:00:00,2018-07-19 03:00:00,369.0,386.84787743549634,2018-07-19 02:00:00,-17.847877435496343
base_02,sarimax,2018-07-19 03:00:00,2018-07-19 04:00:00,896.0,417.7010684436921,2018-07-19 03:00:00,478.2989315563079
base_02,sarimax,2018-07-19 04:00:00,2018-07-19 05:00:00,3110.0,924.0819699706835,2018-07-19 04:00:00,2185.9180300293165
base_02,sarimax,2018-07-19 05:00:00,2018-07-19 06:00:00,5752.0,3118.7016697907,2018-07-19 05:00:00,2633.2983302093
base_02,sarimax,2018-07-19 06:00:00,2018-07-19 07:00:00,6246.0,5745.819737425055,2018-07-19 06:00:00,500.1802625749451
base_02,sarimax,2018-07-19 07:00:00,2018-07-19 08:00:00,5702.0,6202.432081642423,2018-07-19 07:00:00,-500.4320816424233
base_02,sarimax,2018-07-19 08:00:00,2018-07-19 09:00:00,4855.0,5495.206201035827,2018-07-19 08:00:00,-640.2062010358268
base_02,sarimax,2018-07-19 09:00:00,2018-07-19 10:00:00,4492.0,4599.757891496889,2018-07-19 09:00:00,-107.75789149688899
base_02,sarimax,2018-07-19 10:00:00,2018-07-19 11:00:00,4677.0,4446.903420556852,2018-07-19 10:00:00,230.09657944314768
base_02,sarimax,2018-07-19 11:00:00,2018-07-19 12:00:00,4861.0,4733.904513147985,2018-07-19 11:00:00,127.0954868520148
base_02,sarimax,2018-07-19 12:00:00,2018-07-19 13:00:00,4734.0,4930.084664775819,2018-07-19 12:00:00,-196.08466477581896
base_02,sarimax,2018-07-19 13:00:00,2018-07-19 14:00:00,5135.0,4775.197519380408,2018-07-19 13:00:00,359.80248061959173
base_02,sarimax,2018-07-19 14:00:00,2018-07-19 15:00:00,5704.0,5121.3772488548275,2018-07-19 14:00:00,582.6227511451725
base_02,sarimax,2018-07-19 15:00:00,2018-07-19 16:00:00,6459.0,5685.1468480844005,2018-07-19 15:00:00,773.8531519155995
base_02,sarimax,2018-07-19 16:00:00,2018-07-19 17:00:00,5872.0,6458.633073462177,2018-07-19 16:00:00,-586.633073462177
base_02,sarimax,2018-07-19 17:00:00,2018-07-19 18:00:00,4497.0,5828.370101294269,2018-07-19 17:00:00,-1331.3701012942693
base_02,sarimax,2018-07-19 18:00:00,2018-07-19 19:00:00,3419.0,4424.834630782347,2018-07-19 18:00:00,-1005.8346307823467
base_02,sarimax,2018-07-19 19:00:00,2018-07-19 20:00:00,2991.0,3326.072876338599,2018-07-19 19:00:00,-335.07287633859914
base_02,sarimax,2018-07-19 20:00:00,2018-07-19 21:00:00,2613.0,3045.618446874593,2018-07-19 20:00:00,-432.6184468745928
base_02,sarimax,2018-07-19 21:00:00,2018-07-19 22:00:00,2282.0,2740.2873971566974,2018-07-19 21:00:00,-458.28739715669735
base_02,sarimax,2018-07-19 22:00:00,2018-07-19 23:00:00,1454.0,2388.404101984974,2018-07-19 22:00:00,-934.4041019849742
base_02,sarimax,2018-07-19 23:00:00,2018-07-20 00:00:00,693.0,1496.2523324735116,2018-07-19 23:00:00,-803.2523324735116
base_02,sarimax,2018-07-20 00:00:00,2018-07-20 01:00:00,460.0,733.0637168580124,2018-07-20 00:00:00,-273.0637168580124
base_02,sarimax,2018-07-20 01:00:00,2018-07-20 02:00:00,360.0,489.34657779410554,2018-07-20 01:00:00,-129.34657779410554
base_02,sarimax,2018-07-20 02:00:00,2018-07-20 03:00:00,376.0,447.73301204459426,2018-07-20 02:00:00,-71.73301204459426
base_02,sarimax,2018-07-20 03:00:00,2018-07-20 04:00:00,873.0,446.76958216808794,2018-07-20 03:00:00,426.23041783191206
base_02,sarimax,2018-07-20 04:00:00,2018-07-20 05:00:00,2822.0,897.0510733487888,2018-07-20 04:00:00,1924.9489266512112
base_02,sarimax,2018-07-20 05:00:00,2018-07-20 06:00:00,5266.0,2835.9045570989383,2018-07-20 05:00:00,2430.0954429010617
base_02,sarimax,2018-07-20 06:00:00,2018-07-20 07:00:00,5821.0,5264.6874568574485,2018-07-20 06:00:00,556.3125431425515
base_02,sarimax,2018-07-20 07:00:00,2018-07-20 08:00:00,5339.0,5773.330404659914,2018-07-20 07:00:00,-434.33040465991417
base_02,sarimax,2018-07-20 08:00:00,2018-07-20 09:00:00,4816.0,5143.284975690712,2018-07-20 08:00:00,-327.2849756907117
base_02,sarimax,2018-07-20 09:00:00,2018-07-20 10:00:00,4592.0,4566.735664232829,2018-07-20 09:00:00,25.26433576717136
base_02,sarimax,2018-07-20 10:00:00,2018-07-20 11:00:00,4823.0,4543.69366881479,2018-07-20 10:00:00,279.3063311852102
base_02,sarimax,2018-07-20 11:00:00,2018-07-20 12:00:00,5253.0,4898.316601255459,2018-07-20 11:00:00,354.6833987445407
base_02,sarimax,2018-07-20 12:00:00,2018-07-20 13:00:00,5169.0,5337.1082861475425,2018-07-20 12:00:00,-168.10828614754246
base_02,sarimax,2018-07-20 13:00:00,2018-07-20 14:00:00,5413.0,5218.94813180551,2018-07-20 13:00:00,194.05186819449045
base_02,sarimax,2018-07-20 14:00:00,2018-07-20 15:00:00,5602.0,5411.136896951304,2018-07-20 14:00:00,190.86310304869585
base_02,sarimax,2018-07-20 15:00:00,2018-07-20 16:00:00,6086.0,5580.6832867029825,2018-07-20 15:00:00,505.3167132970175
base_02,sarimax,2018-07-20 16:00:00,2018-07-20 17:00:00,4987.0,6109.654939916169,2018-07-20 16:00:00,-1122.6549399161686
base_02,sarimax,2018-07-20 17:00:00,2018-07-20 18:00:00,4465.0,4956.581780975544,2018-07-20 17:00:00,-491.58178097554355
base_02,sarimax,2018-07-20 18:00:00,2018-07-20 19:00:00,3574.0,4428.041415733394,2018-07-20 18:00:00,-854.0414157333944
base_02,sarimax,2018-07-20 19:00:00,2018-07-20 20:00:00,3124.0,3485.391470811843,2018-07-20 19:00:00,-361.3914708118432
base_02,sarimax,2018-07-20 20:00:00,2018-07-20 21:00:00,3121.0,3205.5527705999384,2018-07-20 20:00:00,-84.55277059993841
base_02,sarimax,2018-07-20 21:00:00,2018-07-20 22:00:00,3032.0,3160.4967537754387,2018-07-20 21:00:00,-128.49675377543872
base_02,sarimax,2018-07-20 22:00:00,2018-07-20 23:00:00,2030.0,3110.1193843344427,2018-07-20 22:00:00,-1080.1193843344427
base_02,sarimax,2018-07-20 23:00:00,2018-07-21 00:00:00,1235.0,2061.922608524732,2018-07-20 23:00:00,-826.9226085247319
base_02,sarimax,2018-07-21 00:00:00,2018-07-21 01:00:00,781.0,1221.228047900447,2018-07-21 00:00:00,-440.2280479004471
base_02,sarimax,2018-07-21 01:00:00,2018-07-21 02:00:00,648.0,785.3782117814849,2018-07-21 01:00:00,-137.37821178148488
base_02,sarimax,2018-07-21 02:00:00,2018-07-21 03:00:00,418.0,740.9248972506166,2018-07-21 02:00:00,-322.9248972506166
base_02,sarimax,2018-07-21 03:00:00,2018-07-21 04:00:00,478.0,494.0227286351643,2018-07-21 03:00:00,-16.0227286351643
base_02,sarimax,2018-07-21 04:00:00,2018-07-21 05:00:00,903.0,520.6077034818321,2018-07-21 04:00:00,382.3922965181679
base_02,sarimax,2018-07-21 05:00:00,2018-07-21 06:00:00,1500.0,906.3043030321016,2018-07-21 05:00:00,593.6956969678984
base_02,sarimax,2018-07-21 06:00:00,2018-07-21 07:00:00,2236.0,1519.8900012393965,2018-07-21 06:00:00,716.1099987606035
base_02,sarimax,2018-07-21 07:00:00,2018-07-21 08:00:00,3031.0,2229.403999855734,2018-07-21 07:00:00,801.5960001442659
base_02,sarimax,2018-07-21 08:00:00,2018-07-21 09:00:00,3883.0,3011.108648942197,2018-07-21 08:00:00,871.8913510578031
base_02,sarimax,2018-07-21 09:00:00,2018-07-21 10:00:00,4045.0,3855.335054681549,2018-07-21 09:00:00,189.66494531845092
base_02,sarimax,2018-07-21 10:00:00,2018-07-21 11:00:00,4418.0,3997.6529782405205,2018-07-21 10:00:00,420.3470217594795
base_02,sarimax,2018-07-21 11:00:00,2018-07-21 12:00:00,4505.0,4365.104936315092,2018-07-21 11:00:00,139.89506368490765
base_02,sarimax,2018-07-21 12:00:00,2018-07-21 13:00:00,4644.0,4444.532859331952,2018-07-21 12:00:00,199.46714066804816
base_02,sarimax,2018-07-21 13:00:00,2018-07-21 14:00:00,4796.0,4650.893356581275,2018-07-21 13:00:00,145.10664341872507
base_02,sarimax,2018-07-21 14:00:00,2018-07-21 15:00:00,4674.0,4776.662587064158,2018-07-21 14:00:00,-102.66258706415829
base_02,sarimax,2018-07-21 15:00:00,2018-07-21 16:00:00,4788.0,4678.784482698688,2018-07-21 15:00:00,109.21551730131159
base_02,sarimax,2018-07-21 16:00:00,2018-07-21 17:00:00,4562.0,4780.247523216893,2018-07-21 16:00:00,-218.24752321689266
base_02,sarimax,2018-07-21 17:00:00,2018-07-21 18:00:00,4253.0,4554.860522466789,2018-07-21 17:00:00,-301.860522466789
base_02,sarimax,2018-07-21 18:00:00,2018-07-21 19:00:00,3815.0,4268.724406964727,2018-07-21 18:00:00,-453.72440696472677
base_02,sarimax,2018-07-21 19:00:00,2018-07-21 20:00:00,3434.0,3797.047521435477,2018-07-21 19:00:00,-363.04752143547694
base_02,sarimax,2018-07-21 20:00:00,2018-07-21 21:00:00,3435.0,3443.5887513237067,2018-07-21 20:00:00,-8.588751323706674
base_02,sarimax,2018-07-21 21:00:00,2018-07-21 22:00:00,3131.0,3439.3694600829576,2018-07-21 21:00:00,-308.36946008295763
base_02,sarimax,2018-07-21 22:00:00,2018-07-21 23:00:00,2292.0,3142.9000505391023,2018-07-21 22:00:00,-850.9000505391023
base_02,sarimax,2018-07-21 23:00:00,2018-07-22 00:00:00,1408.0,2308.90570352093,2018-07-21 23:00:00,-900.9057035209298
base_02,sarimax,2018-07-22 00:00:00,2018-07-22 01:00:00,969.0,1389.104333001951,2018-07-22 00:00:00,-420.1043330019511
base_02,sarimax,2018-07-22 01:00:00,2018-07-22 02:00:00,749.0,982.6951210855267,2018-07-22 01:00:00,-233.6951210855267
base_02,sarimax,2018-07-22 02:00:00,2018-07-22 03:00:00,344.0,817.3382247110696,2018-07-22 02:00:00,-473.33822471106964
base_02,sarimax,2018-07-22 03:00:00,2018-07-22 04:00:00,355.0,420.93472457600456,2018-07-22 03:00:00,-65.93472457600456
base_02,sarimax,2018-07-22 04:00:00,2018-07-22 05:00:00,525.0,385.18964919133987,2018-07-22 04:00:00,139.81035080866013
base_02,sarimax,2018-07-22 05:00:00,2018-07-22 06:00:00,902.0,533.855305529462,2018-07-22 05:00:00,368.14469447053796
base_02,sarimax,2018-07-22 06:00:00,2018-07-22 07:00:00,1297.0,932.8304188551715,2018-07-22 06:00:00,364.1695811448285
base_02,sarimax,2018-07-22 07:00:00,2018-07-22 08:00:00,2009.0,1297.303687200899,2018-07-22 07:00:00,711.696312799101
base_02,sarimax,2018-07-22 08:00:00,2018-07-22 09:00:00,2927.0,1997.6519126576181,2018-07-22 08:00:00,929.3480873423819
base_02,sarimax,2018-07-22 09:00:00,2018-07-22 10:00:00,3711.0,2895.740930789394,2018-07-22 09:00:00,815.259069210606
base_02,sarimax,2018-07-22 10:00:00,2018-07-22 11:00:00,4021.0,3690.983705997026,2018-07-22 10:00:00,330.01629400297406
base_02,sarimax,2018-07-22 11:00:00,2018-07-22 12:00:00,4250.0,3985.3133030013705,2018-07-22 11:00:00,264.6866969986295
base_02,sarimax,2018-07-22 12:00:00,2018-07-22 13:00:00,4491.0,4172.564281522064,2018-07-22 12:00:00,318.43571847793555
base_02,sarimax,2018-07-22 13:00:00,2018-07-22 14:00:00,4463.0,4447.372957098916,2018-07-22 13:00:00,15.627042901083769
base_02,sarimax,2018-07-22 14:00:00,2018-07-22 15:00:00,4657.0,4454.020506629576,2018-07-22 14:00:00,202.97949337042428
base_02,sarimax,2018-07-22 15:00:00,2018-07-22 16:00:00,4875.0,4656.707325408019,2018-07-22 15:00:00,218.29267459198127
base_02,sarimax,2018-07-22 16:00:00,2018-07-22 17:00:00,4657.0,4865.924137724986,2018-07-22 16:00:00,-208.9241377249864
base_02,sarimax,2018-07-22 17:00:00,2018-07-22 18:00:00,4098.0,4672.90561093905,2018-07-22 17:00:00,-574.9056109390503
base_02,sarimax,2018-07-22 18:00:00,2018-07-22 19:00:00,3661.0,4081.4475513916614,2018-07-22 18:00:00,-420.44755139166136
base_02,sarimax,2018-07-22 19:00:00,2018-07-22 20:00:00,3135.0,3632.685557681374,2018-07-22 19:00:00,-497.6855576813741
base_02,sarimax,2018-07-22 20:00:00,2018-07-22 21:00:00,2803.0,3141.5739511012075,2018-07-22 20:00:00,-338.5739511012075
base_02,sarimax,2018-07-22 21:00:00,2018-07-22 22:00:00,2224.0,2825.236819536567,2018-07-22 21:00:00,-601.236819536567
base_02,sarimax,2018-07-22 22:00:00,2018-07-22 23:00:00,1397.0,2228.909750487637,2018-07-22 22:00:00,-831.9097504876372
base_02,sarimax,2018-07-22 23:00:00,2018-07-23 00:00:00,714.0,1424.6420111596922,2018-07-22 23:00:00,-710.6420111596922
base_02,sarimax,2018-07-23 00:00:00,2018-07-23 01:00:00,402.0,731.6298769449846,2018-07-23 00:00:00,-329.62987694498463
base_02,sarimax,2018-07-23 01:00:00,2018-07-23 02:00:00,354.0,434.98842762406537,2018-07-23 01:00:00,-80.98842762406537
base_02,sarimax,2018-07-23 02:00:00,2018-07-23 03:00:00,355.0,423.936955667349,2018-07-23 02:00:00,-68.93695566734903
base_02,sarimax,2018-07-23 03:00:00,2018-07-23 04:00:00,957.0,403.5051882477527,2018-07-23 03:00:00,553.4948117522473
base_02,sarimax,2018-07-23 04:00:00,2018-07-23 05:00:00,3008.0,976.8461769150773,2018-07-23 04:00:00,2031.1538230849228
base_02,sarimax,2018-07-23 05:00:00,2018-07-23 06:00:00,5617.0,3013.198957925746,2018-07-23 05:00:00,2603.801042074254
base_02,sarimax,2018-07-23 06:00:00,2018-07-23 07:00:00,6306.0,5611.82024072583,2018-07-23 06:00:00,694.1797592741696
base_02,sarimax,2018-07-23 07:00:00,2018-07-23 08:00:00,5522.0,6249.0602946987765,2018-07-23 07:00:00,-727.0602946987765
base_02,sarimax,2018-07-23 08:00:00,2018-07-23 09:00:00,4735.0,5336.349643501326,2018-07-23 08:00:00,-601.3496435013258
base_02,sarimax,2018-07-23 09:00:00,2018-07-23 10:00:00,4209.0,4509.254815242471,2018-07-23 09:00:00,-300.2548152424706
base_02,sarimax,2018-07-23 10:00:00,2018-07-23 11:00:00,4485.0,4172.362624515228,2018-07-23 10:00:00,312.63737548477184
base_02,sarimax,2018-07-23 11:00:00,2018-07-23 12:00:00,4800.0,4610.084828019326,2018-07-23 11:00:00,189.91517198067413
base_02,sarimax,2018-07-23 12:00:00,2018-07-23 13:00:00,4475.0,4912.547622477203,2018-07-23 12:00:00,-437.5476224772028
base_02,sarimax,2018-07-23 13:00:00,2018-07-23 14:00:00,4677.0,4545.054320274028,2018-07-23 13:00:00,131.9456797259718
base_02,sarimax,2018-07-23 14:00:00,2018-07-23 15:00:00,5413.0,4664.2314602586275,2018-07-23 14:00:00,748.7685397413725
base_02,sarimax,2018-07-23 15:00:00,2018-07-23 16:00:00,6317.0,5386.460272813277,2018-07-23 15:00:00,930.5397271867232
base_02,sarimax,2018-07-23 16:00:00,2018-07-23 17:00:00,5701.0,6366.660262449646,2018-07-23 16:00:00,-665.6602624496463
base_02,sarimax,2018-07-23 17:00:00,2018-07-23 18:00:00,4293.0,5680.346861415758,2018-07-23 17:00:00,-1387.3468614157582
base_02,sarimax,2018-07-23 18:00:00,2018-07-23 19:00:00,3143.0,4229.247219693808,2018-07-23 18:00:00,-1086.247219693808
base_02,sarimax,2018-07-23 19:00:00,2018-07-23 20:00:00,2833.0,3045.5465075171637,2018-07-23 19:00:00,-212.54650751716372
base_02,sarimax,2018-07-23 20:00:00,2018-07-23 21:00:00,2492.0,2881.491938210048,2018-07-23 20:00:00,-389.4919382100479
base_02,sarimax,2018-07-23 21:00:00,2018-07-23 22:00:00,1690.0,2598.745518290521,2018-07-23 21:00:00,-908.745518290521
base_02,sarimax,2018-07-23 22:00:00,2018-07-23 23:00:00,1182.0,1766.2628675341339,2018-07-23 22:00:00,-584.2628675341339
base_02,sarimax,2018-07-23 23:00:00,2018-07-24 00:00:00,638.0,1191.8494976193874,2018-07-23 23:00:00,-553.8494976193874
base_02,sarimax,2018-07-24 00:00:00,2018-07-24 01:00:00,391.0,649.894660382,2018-07-24 00:00:00,-258.894660382
base_02,sarimax,2018-07-24 01:00:00,2018-07-24 02:00:00,297.0,456.0779771866466,2018-07-24 01:00:00,-159.0779771866466
base_02,sarimax,2018-07-24 02:00:00,2018-07-24 03:00:00,390.0,326.0607765882289,2018-07-24 02:00:00,63.93922341177108
base_02,sarimax,2018-07-24 03:00:00,2018-07-24 04:00:00,891.0,426.1113887024544,2018-07-24 03:00:00,464.8886112975456
base_02,sarimax,2018-07-24 04:00:00,2018-07-24 05:00:00,3184.0,899.5137646845167,2018-07-24 04:00:00,2284.486235315483
base_02,sarimax,2018-07-24 05:00:00,2018-07-24 06:00:00,5782.0,3174.9016936655394,2018-07-24 05:00:00,2607.0983063344606
base_02,sarimax,2018-07-24 06:00:00,2018-07-24 07:00:00,6409.0,5767.185630532221,2018-07-24 06:00:00,641.8143694677792
base_02,sarimax,2018-07-24 07:00:00,2018-07-24 08:00:00,5658.0,6361.7231884784,2018-07-24 07:00:00,-703.7231884783996
base_02,sarimax,2018-07-24 08:00:00,2018-07-24 09:00:00,4984.0,5460.468565197491,2018-07-24 08:00:00,-476.46856519749144
base_02,sarimax,2018-07-24 09:00:00,2018-07-24 10:00:00,4386.0,4764.040120125704,2018-07-24 09:00:00,-378.04012012570365
base_02,sarimax,2018-07-24 10:00:00,2018-07-24 11:00:00,4634.0,4361.3207878328985,2018-07-24 10:00:00,272.67921216710147
base_02,sarimax,2018-07-24 11:00:00,2018-07-24 12:00:00,4805.0,4734.469883345874,2018-07-24 11:00:00,70.53011665412578
base_02,sarimax,2018-07-24 12:00:00,2018-07-24 13:00:00,4664.0,4897.764020725538,2018-07-24 12:00:00,-233.7640207255381
base_02,sarimax,2018-07-24 13:00:00,2018-07-24 14:00:00,4944.0,4753.3064038806615,2018-07-24 13:00:00,190.6935961193385
base_02,sarimax,2018-07-24 14:00:00,2018-07-24 15:00:00,5699.0,4935.4525384687195,2018-07-24 14:00:00,763.5474615312805
base_02,sarimax,2018-07-24 15:00:00,2018-07-24 16:00:00,6558.0,5688.224043083089,2018-07-24 15:00:00,869.7759569169111
base_02,sarimax,2018-07-24 16:00:00,2018-07-24 17:00:00,5636.0,6588.634496688316,2018-07-24 16:00:00,-952.6344966883162
base_02,sarimax,2018-07-24 17:00:00,2018-07-24 18:00:00,4430.0,5615.278030855285,2018-07-24 17:00:00,-1185.2780308552847
base_02,sarimax,2018-07-24 18:00:00,2018-07-24 19:00:00,3371.0,4348.382339572689,2018-07-24 18:00:00,-977.3823395726886
base_02,sarimax,2018-07-24 19:00:00,2018-07-24 20:00:00,3266.0,3272.662864312122,2018-07-24 19:00:00,-6.66286431212211
base_02,sarimax,2018-07-24 20:00:00,2018-07-24 21:00:00,2727.0,3342.1656865094246,2018-07-24 20:00:00,-615.1656865094246
base_02,sarimax,2018-07-24 21:00:00,2018-07-24 22:00:00,2178.0,2815.198976740286,2018-07-24 21:00:00,-637.1989767402861
base_02,sarimax,2018-07-24 22:00:00,2018-07-24 23:00:00,1269.0,2241.982419300726,2018-07-24 22:00:00,-972.9824193007262
base_02,sarimax,2018-07-24 23:00:00,2018-07-25 00:00:00,664.0,1246.7059120267927,2018-07-24 23:00:00,-582.7059120267927
base_02,sarimax,2018-07-25 00:00:00,2018-07-25 01:00:00,388.0,699.792184442945,2018-07-25 00:00:00,-311.792184442945
base_02,sarimax,2018-07-25 01:00:00,2018-07-25 02:00:00,290.0,425.9522957807694,2018-07-25 01:00:00,-135.95229578076942
base_02,sarimax,2018-07-25 02:00:00,2018-07-25 03:00:00,372.0,354.80523361906563,2018-07-25 02:00:00,17.194766380934368
base_02,sarimax,2018-07-25 03:00:00,2018-07-25 04:00:00,955.0,421.8839353995946,2018-07-25 03:00:00,533.1160646004055
base_02,sarimax,2018-07-25 04:00:00,2018-07-25 05:00:00,3121.0,972.8957032274415,2018-07-25 04:00:00,2148.1042967725584
base_02,sarimax,2018-07-25 05:00:00,2018-07-25 06:00:00,5926.0,3132.138603197715,2018-07-25 05:00:00,2793.861396802285
base_02,sarimax,2018-07-25 06:00:00,2018-07-25 07:00:00,6595.0,5914.570116382105,2018-07-25 06:00:00,680.429883617895
base_02,sarimax,2018-07-25 07:00:00,2018-07-25 08:00:00,5651.0,6538.187700902423,2018-07-25 07:00:00,-887.1877009024229
base_02,sarimax,2018-07-25 08:00:00,2018-07-25 09:00:00,4974.0,5458.2070610406,2018-07-25 08:00:00,-484.2070610405999
base_02,sarimax,2018-07-25 09:00:00,2018-07-25 10:00:00,4545.0,4709.420209225757,2018-07-25 09:00:00,-164.4202092257574
base_02,sarimax,2018-07-25 10:00:00,2018-07-25 11:00:00,4879.0,4489.755610488583,2018-07-25 10:00:00,389.24438951141656
base_02,sarimax,2018-07-25 11:00:00,2018-07-25 12:00:00,4799.0,4989.4891982766785,2018-07-25 11:00:00,-190.4891982766785
base_02,sarimax,2018-07-25 12:00:00,2018-07-25 13:00:00,4860.0,4895.184289065085,2018-07-25 12:00:00,-35.18428906508507
base_02,sarimax,2018-07-25 13:00:00,2018-07-25 14:00:00,5032.0,4938.200527691817,2018-07-25 13:00:00,93.79947230818289
base_02,sarimax,2018-07-25 14:00:00,2018-07-25 15:00:00,5826.0,5031.083795189957,2018-07-25 14:00:00,794.9162048100434
base_02,sarimax,2018-07-25 15:00:00,2018-07-25 16:00:00,6668.0,5840.9568613978445,2018-07-25 15:00:00,827.0431386021555
base_02,sarimax,2018-07-25 16:00:00,2018-07-25 17:00:00,6108.0,6650.408948824272,2018-07-25 16:00:00,-542.4089488242716
base_02,sarimax,2018-07-25 17:00:00,2018-07-25 18:00:00,4459.0,6086.263044862084,2018-07-25 17:00:00,-1627.263044862084
base_02,sarimax,2018-07-25 18:00:00,2018-07-25 19:00:00,3473.0,4366.739141899356,2018-07-25 18:00:00,-893.7391418993557
base_02,sarimax,2018-07-25 19:00:00,2018-07-25 20:00:00,3053.0,3378.6711497053525,2018-07-25 19:00:00,-325.6711497053525
base_02,sarimax,2018-07-25 20:00:00,2018-07-25 21:00:00,3072.0,3091.811594192122,2018-07-25 20:00:00,-19.811594192121902
base_02,sarimax,2018-07-25 21:00:00,2018-07-25 22:00:00,2422.0,3212.300998982734,2018-07-25 21:00:00,-790.3009989827342
base_02,sarimax,2018-07-25 22:00:00,2018-07-25 23:00:00,1922.0,2493.60724530134,2018-07-25 22:00:00,-571.6072453013398
base_02,sarimax,2018-07-25 23:00:00,2018-07-26 00:00:00,750.0,1942.7718395209233,2018-07-25 23:00:00,-1192.7718395209233
base_02,sarimax,2018-07-26 00:00:00,2018-07-26 01:00:00,411.0,724.9174125349998,2018-07-26 00:00:00,-313.9174125349998
base_02,sarimax,2018-07-26 01:00:00,2018-07-26 02:00:00,306.0,463.3233024835217,2018-07-26 01:00:00,-157.32330248352167
base_02,sarimax,2018-07-26 02:00:00,2018-07-26 03:00:00,409.0,346.1546709257988,2018-07-26 02:00:00,62.845329074201175
base_02,sarimax,2018-07-26 03:00:00,2018-07-26 04:00:00,911.0,513.8637842639005,2018-07-26 03:00:00,397.13621573609953
base_02,sarimax,2018-07-26 04:00:00,2018-07-26 05:00:00,3147.0,940.7394922017584,2018-07-26 04:00:00,2206.2605077982416
base_02,sarimax,2018-07-26 05:00:00,2018-07-26 06:00:00,5813.0,3141.408722064885,2018-07-26 05:00:00,2671.591277935115
base_02,sarimax,2018-07-26 06:00:00,2018-07-26 07:00:00,6299.0,5796.214901442266,2018-07-26 06:00:00,502.7850985577343
base_02,sarimax,2018-07-26 07:00:00,2018-07-26 08:00:00,5866.0,6248.230447190376,2018-07-26 07:00:00,-382.23044719037625
base_02,sarimax,2018-07-26 08:00:00,2018-07-26 09:00:00,4925.0,5650.770970243384,2018-07-26 08:00:00,-725.770970243384
base_02,sarimax,2018-07-26 09:00:00,2018-07-26 10:00:00,4390.0,4655.317504726826,2018-07-26 09:00:00,-265.317504726826
base_02,sarimax,2018-07-26 10:00:00,2018-07-26 11:00:00,4654.0,4351.59238965,2018-07-26 10:00:00,302.40761035000014
base_02,sarimax,2018-07-26 11:00:00,2018-07-26 12:00:00,4806.0,4708.587864324566,2018-07-26 11:00:00,97.412135675434
base_02,sarimax,2018-07-26 12:00:00,2018-07-26 13:00:00,5029.0,4916.723138030517,2018-07-26 12:00:00,112.27686196948343
base_02,sarimax,2018-07-26 13:00:00,2018-07-26 14:00:00,5264.0,5098.770510645616,2018-07-26 13:00:00,165.229489354384
base_02,sarimax,2018-07-26 14:00:00,2018-07-26 15:00:00,5752.0,5242.350241191254,2018-07-26 14:00:00,509.6497588087459
base_02,sarimax,2018-07-26 15:00:00,2018-07-26 16:00:00,6566.0,5750.218284015329,2018-07-26 15:00:00,815.7817159846709
base_02,sarimax,2018-07-26 16:00:00,2018-07-26 17:00:00,5905.0,6560.222013075589,2018-07-26 16:00:00,-655.2220130755886
base_02,sarimax,2018-07-26 17:00:00,2018-07-26 18:00:00,4555.0,5873.789890610682,2018-07-26 17:00:00,-1318.789890610682
base_02,sarimax,2018-07-26 18:00:00,2018-07-26 19:00:00,3707.0,4495.998037600043,2018-07-26 18:00:00,-788.9980376000431
base_02,sarimax,2018-07-26 19:00:00,2018-07-26 20:00:00,3154.0,3624.8235757520733,2018-07-26 19:00:00,-470.82357575207334
base_02,sarimax,2018-07-26 20:00:00,2018-07-26 21:00:00,3206.0,3212.8358693263062,2018-07-26 20:00:00,-6.835869326306238
base_02,sarimax,2018-07-26 21:00:00,2018-07-26 22:00:00,2959.0,3330.8143319004566,2018-07-26 21:00:00,-371.81433190045664
base_02,sarimax,2018-07-26 22:00:00,2018-07-26 23:00:00,1412.0,3031.0273650956533,2018-07-26 22:00:00,-1619.0273650956533
base_02,sarimax,2018-07-26 23:00:00,2018-07-27 00:00:00,774.0,1459.9032169186664,2018-07-26 23:00:00,-685.9032169186664
base_02,sarimax,2018-07-27 00:00:00,2018-07-27 01:00:00,456.0,761.7908640491025,2018-07-27 00:00:00,-305.79086404910254
base_02,sarimax,2018-07-27 01:00:00,2018-07-27 02:00:00,344.0,473.4161675356853,2018-07-27 01:00:00,-129.4161675356853
base_02,sarimax,2018-07-27 02:00:00,2018-07-27 03:00:00,390.0,482.56525381224446,2018-07-27 02:00:00,-92.56525381224446
base_02,sarimax,2018-07-27 03:00:00,2018-07-27 04:00:00,836.0,437.11499291295524,2018-07-27 03:00:00,398.88500708704476
base_02,sarimax,2018-07-27 04:00:00,2018-07-27 05:00:00,2945.0,863.6094871188291,2018-07-27 04:00:00,2081.390512881171
base_02,sarimax,2018-07-27 05:00:00,2018-07-27 06:00:00,5353.0,2945.8200661360684,2018-07-27 05:00:00,2407.1799338639316
base_02,sarimax,2018-07-27 06:00:00,2018-07-27 07:00:00,5950.0,5329.20367690659,2018-07-27 06:00:00,620.7963230934101
base_02,sarimax,2018-07-27 07:00:00,2018-07-27 08:00:00,5232.0,5903.885839634752,2018-07-27 07:00:00,-671.8858396347523
base_02,sarimax,2018-07-27 08:00:00,2018-07-27 09:00:00,4674.0,5043.638982121279,2018-07-27 08:00:00,-369.6389821212788
base_02,sarimax,2018-07-27 09:00:00,2018-07-27 10:00:00,4571.0,4467.32193413186,2018-07-27 09:00:00,103.67806586814004
base_02,sarimax,2018-07-27 10:00:00,2018-07-27 11:00:00,4813.0,4543.749312831985,2018-07-27 10:00:00,269.25068716801525
base_02,sarimax,2018-07-27 11:00:00,2018-07-27 12:00:00,5121.0,4929.907110954324,2018-07-27 11:00:00,191.0928890456762
base_02,sarimax,2018-07-27 12:00:00,2018-07-27 13:00:00,5228.0,5209.292937670097,2018-07-27 12:00:00,18.707062329903238
base_02,sarimax,2018-07-27 13:00:00,2018-07-27 14:00:00,5400.0,5261.174857895266,2018-07-27 13:00:00,138.82514210473437
base_02,sarimax,2018-07-27 14:00:00,2018-07-27 15:00:00,5795.0,5390.428545166803,2018-07-27 14:00:00,404.5714548331971
base_02,sarimax,2018-07-27 15:00:00,2018-07-27 16:00:00,6254.0,5776.223224157077,2018-07-27 15:00:00,477.7767758429227
base_02,sarimax,2018-07-27 16:00:00,2018-07-27 17:00:00,5160.0,6249.908580816082,2018-07-27 16:00:00,-1089.9085808160817
base_02,sarimax,2018-07-27 17:00:00,2018-07-27 18:00:00,4303.0,5151.03413737276,2018-07-27 17:00:00,-848.0341373727597
base_02,sarimax,2018-07-27 18:00:00,2018-07-27 19:00:00,3506.0,4256.886426758651,2018-07-27 18:00:00,-750.8864267586514
base_02,sarimax,2018-07-27 19:00:00,2018-07-27 20:00:00,3184.0,3450.394225109412,2018-07-27 19:00:00,-266.3942251094122
base_02,sarimax,2018-07-27 20:00:00,2018-07-27 21:00:00,3191.0,3275.2583046554646,2018-07-27 20:00:00,-84.2583046554646
base_02,sarimax,2018-07-27 21:00:00,2018-07-27 22:00:00,3112.0,3242.655417207978,2018-07-27 21:00:00,-130.6554172079782
base_02,sarimax,2018-07-27 22:00:00,2018-07-27 23:00:00,2048.0,3138.331060178385,2018-07-27 22:00:00,-1090.331060178385
base_02,sarimax,2018-07-27 23:00:00,2018-07-28 00:00:00,1225.0,2053.4839481410945,2018-07-27 23:00:00,-828.4839481410945
base_02,sarimax,2018-07-28 00:00:00,2018-07-28 01:00:00,871.0,1187.5202982353433,2018-07-28 00:00:00,-316.52029823534326
base_02,sarimax,2018-07-28 01:00:00,2018-07-28 02:00:00,581.0,855.5253146950929,2018-07-28 01:00:00,-274.5253146950929
base_02,sarimax,2018-07-28 02:00:00,2018-07-28 03:00:00,384.0,673.093571056731,2018-07-28 02:00:00,-289.093571056731
base_02,sarimax,2018-07-28 03:00:00,2018-07-28 04:00:00,451.0,456.86204288724247,2018-07-28 03:00:00,-5.862042887242467
base_02,sarimax,2018-07-28 04:00:00,2018-07-28 05:00:00,902.0,463.7649597368392,2018-07-28 04:00:00,438.2350402631608
base_02,sarimax,2018-07-28 05:00:00,2018-07-28 06:00:00,1530.0,932.7033891640335,2018-07-28 05:00:00,597.2966108359665
base_02,sarimax,2018-07-28 06:00:00,2018-07-28 07:00:00,1974.0,1536.0422549976631,2018-07-28 06:00:00,437.9577450023369
base_02,sarimax,2018-07-28 07:00:00,2018-07-28 08:00:00,2713.0,1967.6270788898792,2018-07-28 07:00:00,745.3729211101208
base_02,sarimax,2018-07-28 08:00:00,2018-07-28 09:00:00,3457.0,2722.2581462261123,2018-07-28 08:00:00,734.7418537738877
base_02,sarimax,2018-07-28 09:00:00,2018-07-28 10:00:00,3639.0,3459.483796952612,2018-07-28 09:00:00,179.516203047388
base_02,sarimax,2018-07-28 10:00:00,2018-07-28 11:00:00,4009.0,3645.521079832384,2018-07-28 10:00:00,363.4789201676158
base_02,sarimax,2018-07-28 11:00:00,2018-07-28 12:00:00,4158.0,3970.1676888389356,2018-07-28 11:00:00,187.83231116106435
base_02,sarimax,2018-07-28 12:00:00,2018-07-28 13:00:00,4229.0,4113.622387509448,2018-07-28 12:00:00,115.37761249055166
base_02,sarimax,2018-07-28 13:00:00,2018-07-28 14:00:00,4175.0,4226.564883700883,2018-07-28 13:00:00,-51.564883700883
base_02,sarimax,2018-07-28 14:00:00,2018-07-28 15:00:00,3948.0,4160.13673148127,2018-07-28 14:00:00,-212.13673148126963
base_02,sarimax,2018-07-28 15:00:00,2018-07-28 16:00:00,3974.0,3945.493269700676,2018-07-28 15:00:00,28.506730299323863
base_02,sarimax,2018-07-28 16:00:00,2018-07-28 17:00:00,4007.0,3972.184894462906,2018-07-28 16:00:00,34.81510553709404
base_02,sarimax,2018-07-28 17:00:00,2018-07-28 18:00:00,3657.0,4014.6988023475405,2018-07-28 17:00:00,-357.69880234754055
base_02,sarimax,2018-07-28 18:00:00,2018-07-28 19:00:00,3247.0,3681.8747793611255,2018-07-28 18:00:00,-434.87477936112555
base_02,sarimax,2018-07-28 19:00:00,2018-07-28 20:00:00,2937.0,3209.669195778042,2018-07-28 19:00:00,-272.6691957780422
base_02,sarimax,2018-07-28 20:00:00,2018-07-28 21:00:00,3001.0,2897.9136948748805,2018-07-28 20:00:00,103.08630512511945
base_02,sarimax,2018-07-28 21:00:00,2018-07-28 22:00:00,3005.0,2998.41382869006,2018-07-28 21:00:00,6.5861713099398
base_02,sarimax,2018-07-28 22:00:00,2018-07-28 23:00:00,1968.0,3014.2198085846676,2018-07-28 22:00:00,-1046.2198085846676
base_02,sarimax,2018-07-28 23:00:00,2018-07-29 00:00:00,1487.0,1974.7275721354636,2018-07-28 23:00:00,-487.72757213546356
base_02,sarimax,2018-07-29 00:00:00,2018-07-29 01:00:00,924.0,1452.5497714162339,2018-07-29 00:00:00,-528.5497714162339
base_02,sarimax,2018-07-29 01:00:00,2018-07-29 02:00:00,869.0,907.2315835409048,2018-07-29 01:00:00,-38.23158354090481
base_02,sarimax,2018-07-29 02:00:00,2018-07-29 03:00:00,546.0,957.1274311804367,2018-07-29 02:00:00,-411.1274311804367
base_02,sarimax,2018-07-29 03:00:00,2018-07-29 04:00:00,378.0,577.4999192416981,2018-07-29 03:00:00,-199.49991924169808
base_02,sarimax,2018-07-29 04:00:00,2018-07-29 05:00:00,657.0,430.2171944340482,2018-07-29 04:00:00,226.78280556595178
base_02,sarimax,2018-07-29 05:00:00,2018-07-29 06:00:00,1210.0,644.162818295753,2018-07-29 05:00:00,565.837181704247
base_02,sarimax,2018-07-29 06:00:00,2018-07-29 07:00:00,1286.0,1238.7863068511726,2018-07-29 06:00:00,47.21369314882736
base_02,sarimax,2018-07-29 07:00:00,2018-07-29 08:00:00,1866.0,1309.6197954835238,2018-07-29 07:00:00,556.3802045164762
base_02,sarimax,2018-07-29 08:00:00,2018-07-29 09:00:00,2855.0,1888.9041385035262,2018-07-29 08:00:00,966.0958614964738
base_02,sarimax,2018-07-29 09:00:00,2018-07-29 10:00:00,3500.0,2850.9896076587484,2018-07-29 09:00:00,649.0103923412516
base_02,sarimax,2018-07-29 10:00:00,2018-07-29 11:00:00,3824.0,3551.969632702284,2018-07-29 10:00:00,272.0303672977161
base_02,sarimax,2018-07-29 11:00:00,2018-07-29 12:00:00,4016.0,3800.4157051092134,2018-07-29 11:00:00,215.58429489078662
base_02,sarimax,2018-07-29 12:00:00,2018-07-29 13:00:00,4489.0,3950.797198671458,2018-07-29 12:00:00,538.2028013285421
base_02,sarimax,2018-07-29 13:00:00,2018-07-29 14:00:00,4435.0,4447.114272620533,2018-07-29 13:00:00,-12.114272620532574
base_02,sarimax,2018-07-29 14:00:00,2018-07-29 15:00:00,4412.0,4422.172128946658,2018-07-29 14:00:00,-10.172128946657722
base_02,sarimax,2018-07-29 15:00:00,2018-07-29 16:00:00,4485.0,4396.5186268997,2018-07-29 15:00:00,88.4813731002996
base_02,sarimax,2018-07-29 16:00:00,2018-07-29 17:00:00,4146.0,4433.49118372021,2018-07-29 16:00:00,-287.49118372020985
base_02,sarimax,2018-07-29 17:00:00,2018-07-29 18:00:00,3947.0,4129.215883795837,2018-07-29 17:00:00,-182.21588379583682
base_02,sarimax,2018-07-29 18:00:00,2018-07-29 19:00:00,3604.0,3934.5960094650354,2018-07-29 18:00:00,-330.5960094650354
base_02,sarimax,2018-07-29 19:00:00,2018-07-29 20:00:00,3344.0,3603.189222607913,2018-07-29 19:00:00,-259.18922260791305
base_02,sarimax,2018-07-29 20:00:00,2018-07-29 21:00:00,2794.0,3363.4821570861704,2018-07-29 20:00:00,-569.4821570861704
base_02,sarimax,2018-07-29 21:00:00,2018-07-29 22:00:00,2084.0,2769.0574971248034,2018-07-29 21:00:00,-685.0574971248034
base_02,sarimax,2018-07-29 22:00:00,2018-07-29 23:00:00,1224.0,2082.8320043874173,2018-07-29 22:00:00,-858.8320043874173
base_02,sarimax,2018-07-29 23:00:00,2018-07-30 00:00:00,640.0,1225.8726328364467,2018-07-29 23:00:00,-585.8726328364467
base_02,sarimax,2018-07-30 00:00:00,2018-07-30 01:00:00,384.0,658.7830908985416,2018-07-30 00:00:00,-274.78309089854156
base_02,sarimax,2018-07-30 01:00:00,2018-07-30 02:00:00,317.0,433.70482105444756,2018-07-30 01:00:00,-116.70482105444756
base_02,sarimax,2018-07-30 02:00:00,2018-07-30 03:00:00,333.0,385.91467807396646,2018-07-30 02:00:00,-52.914678073966456
base_02,sarimax,2018-07-30 03:00:00,2018-07-30 04:00:00,915.0,387.20850617733464,2018-07-30 03:00:00,527.7914938226654
base_02,sarimax,2018-07-30 04:00:00,2018-07-30 05:00:00,3051.0,924.1073522096763,2018-07-30 04:00:00,2126.8926477903237
base_02,sarimax,2018-07-30 05:00:00,2018-07-30 06:00:00,5560.0,3046.5416816240404,2018-07-30 05:00:00,2513.4583183759596
base_02,sarimax,2018-07-30 06:00:00,2018-07-30 07:00:00,6313.0,5556.760230981945,2018-07-30 06:00:00,756.2397690180551
base_02,sarimax,2018-07-30 07:00:00,2018-07-30 08:00:00,5427.0,6253.062686578731,2018-07-30 07:00:00,-826.0626865787308
base_02,sarimax,2018-07-30 08:00:00,2018-07-30 09:00:00,4638.0,5252.006176689736,2018-07-30 08:00:00,-614.0061766897361
base_02,sarimax,2018-07-30 09:00:00,2018-07-30 10:00:00,4233.0,4448.706181005285,2018-07-30 09:00:00,-215.70618100528463
base_02,sarimax,2018-07-30 10:00:00,2018-07-30 11:00:00,4491.0,4208.43886987971,2018-07-30 10:00:00,282.5611301202898
base_02,sarimax,2018-07-30 11:00:00,2018-07-30 12:00:00,4522.0,4635.0799208799,2018-07-30 11:00:00,-113.07992087989987
base_02,sarimax,2018-07-30 12:00:00,2018-07-30 13:00:00,4625.0,4636.148900443032,2018-07-30 12:00:00,-11.14890044303229
base_02,sarimax,2018-07-30 13:00:00,2018-07-30 14:00:00,4808.0,4685.189168484154,2018-07-30 13:00:00,122.81083151584608
base_02,sarimax,2018-07-30 14:00:00,2018-07-30 15:00:00,5483.0,4795.35492181549,2018-07-30 14:00:00,687.6450781845097
base_02,sarimax,2018-07-30 15:00:00,2018-07-30 16:00:00,5632.0,5490.08547641748,2018-07-30 15:00:00,141.9145235825199
base_02,sarimax,2018-07-30 16:00:00,2018-07-30 17:00:00,5590.0,5632.583396214739,2018-07-30 16:00:00,-42.58339621473897
base_02,sarimax,2018-07-30 17:00:00,2018-07-30 18:00:00,4288.0,5565.22321643403,2018-07-30 17:00:00,-1277.2232164340303
base_02,sarimax,2018-07-30 18:00:00,2018-07-30 19:00:00,3190.0,4222.462154068936,2018-07-30 18:00:00,-1032.462154068936
base_02,sarimax,2018-07-30 19:00:00,2018-07-30 20:00:00,2911.0,3162.8013457488623,2018-07-30 19:00:00,-251.80134574886233
base_02,sarimax,2018-07-30 20:00:00,2018-07-30 21:00:00,2431.0,2888.720803855702,2018-07-30 20:00:00,-457.7208038557019
base_02,sarimax,2018-07-30 21:00:00,2018-07-30 22:00:00,1742.0,2520.7270007727825,2018-07-30 21:00:00,-778.7270007727825
base_02,sarimax,2018-07-30 22:00:00,2018-07-30 23:00:00,1116.0,1776.1445817807569,2018-07-30 22:00:00,-660.1445817807569
base_02,sarimax,2018-07-30 23:00:00,2018-07-31 00:00:00,625.0,1128.6986114696904,2018-07-30 23:00:00,-503.6986114696904
base_02,sarimax,2018-07-31 00:00:00,2018-07-31 01:00:00,368.0,644.3360571924047,2018-07-31 00:00:00,-276.3360571924047
base_02,sarimax,2018-07-31 01:00:00,2018-07-31 02:00:00,299.0,414.16330416053194,2018-07-31 01:00:00,-115.16330416053194
base_02,sarimax,2018-07-31 02:00:00,2018-07-31 03:00:00,352.0,343.665442807943,2018-07-31 02:00:00,8.334557192056991
base_02,sarimax,2018-07-31 03:00:00,2018-07-31 04:00:00,819.0,394.00884313970755,2018-07-31 03:00:00,424.99115686029245
base_02,sarimax,2018-07-31 04:00:00,2018-07-31 05:00:00,2764.0,838.5610512030079,2018-07-31 04:00:00,1925.438948796992
base_02,sarimax,2018-07-31 05:00:00,2018-07-31 06:00:00,4240.0,2753.9941837501424,2018-07-31 05:00:00,1486.0058162498576
base_02,sarimax,2018-07-31 06:00:00,2018-07-31 07:00:00,5655.0,4226.3864106221245,2018-07-31 06:00:00,1428.6135893778755
base_02,sarimax,2018-07-31 07:00:00,2018-07-31 08:00:00,5960.0,5628.464975346785,2018-07-31 07:00:00,331.53502465321526
base_02,sarimax,2018-07-31 08:00:00,2018-07-31 09:00:00,4925.0,5832.338409255066,2018-07-31 08:00:00,-907.3384092550659
base_02,sarimax,2018-07-31 09:00:00,2018-07-31 10:00:00,4455.0,4834.751686251078,2018-07-31 09:00:00,-379.75168625107835
base_02,sarimax,2018-07-31 10:00:00,2018-07-31 11:00:00,4727.0,4363.984555621037,2018-07-31 10:00:00,363.01544437896337
base_02,sarimax,2018-07-31 11:00:00,2018-07-31 12:00:00,4998.0,4725.999469746668,2018-07-31 11:00:00,272.0005302533318
base_02,sarimax,2018-07-31 12:00:00,2018-07-31 13:00:00,4875.0,5127.537802595424,2018-07-31 12:00:00,-252.53780259542418
base_02,sarimax,2018-07-31 13:00:00,2018-07-31 14:00:00,4922.0,4938.623441984815,2018-07-31 13:00:00,-16.623441984815145
base_02,sarimax,2018-07-31 14:00:00,2018-07-31 15:00:00,5722.0,4908.339066710346,2018-07-31 14:00:00,813.6609332896542
base_02,sarimax,2018-07-31 15:00:00,2018-07-31 16:00:00,6357.0,5699.888870161814,2018-07-31 15:00:00,657.1111298381857
base_02,sarimax,2018-07-31 16:00:00,2018-07-31 17:00:00,5912.0,6382.661868602668,2018-07-31 16:00:00,-470.6618686026677
base_02,sarimax,2018-07-31 17:00:00,2018-07-31 18:00:00,4740.0,5913.909118604247,2018-07-31 17:00:00,-1173.909118604247
base_02,sarimax,2018-07-31 18:00:00,2018-07-31 19:00:00,3288.0,4651.655550660372,2018-07-31 18:00:00,-1363.6555506603718
base_02,sarimax,2018-07-31 19:00:00,2018-07-31 20:00:00,3076.0,3206.1474187086587,2018-07-31 19:00:00,-130.14741870865873
base_02,sarimax,2018-07-31 20:00:00,2018-07-31 21:00:00,2686.0,3096.1896837854874,2018-07-31 20:00:00,-410.18968378548743
base_02,sarimax,2018-07-31 21:00:00,2018-07-31 22:00:00,2152.0,2761.354087961054,2018-07-31 21:00:00,-609.3540879610541
base_02,sarimax,2018-07-31 22:00:00,2018-07-31 23:00:00,1263.0,2247.6897015452323,2018-07-31 22:00:00,-984.6897015452323
base_02,sarimax,2018-07-31 23:00:00,2018-08-01 00:00:00,662.0,1260.5528006943116,2018-07-31 23:00:00,-598.5528006943116
base_02,sarimax,2018-08-01 00:00:00,2018-08-01 01:00:00,398.0,691.229375482874,2018-08-01 00:00:00,-293.22937548287405
base_02,sarimax,2018-08-01 01:00:00,2018-08-01 02:00:00,352.0,442.66055549174837,2018-08-01 01:00:00,-90.66055549174837
base_02,sarimax,2018-08-01 02:00:00,2018-08-01 03:00:00,409.0,427.11632772602445,2018-08-01 02:00:00,-18.11632772602445
base_02,sarimax,2018-08-01 03:00:00,2018-08-01 04:00:00,908.0,466.89299516091415,2018-08-01 03:00:00,441.10700483908585
base_02,sarimax,2018-08-01 04:00:00,2018-08-01 05:00:00,3063.0,930.2313076679352,2018-08-01 04:00:00,2132.768692332065
base_02,sarimax,2018-08-01 05:00:00,2018-08-01 06:00:00,5431.0,3063.3557119186667,2018-08-01 05:00:00,2367.6442880813333
base_02,sarimax,2018-08-01 06:00:00,2018-08-01 07:00:00,5853.0,5426.672139672803,2018-08-01 06:00:00,426.3278603271974
base_02,sarimax,2018-08-01 07:00:00,2018-08-01 08:00:00,5873.0,5797.696907342781,2018-08-01 07:00:00,75.30309265721917
base_02,sarimax,2018-08-01 08:00:00,2018-08-01 09:00:00,5068.0,5654.480695646489,2018-08-01 08:00:00,-586.480695646489
base_02,sarimax,2018-08-01 09:00:00,2018-08-01 10:00:00,4665.0,4834.781731969276,2018-08-01 09:00:00,-169.78173196927582
base_02,sarimax,2018-08-01 10:00:00,2018-08-01 11:00:00,4986.0,4659.234266712204,2018-08-01 10:00:00,326.76573328779614
base_02,sarimax,2018-08-01 11:00:00,2018-08-01 12:00:00,5141.0,4993.752295191116,2018-08-01 11:00:00,147.247704808884
base_02,sarimax,2018-08-01 12:00:00,2018-08-01 13:00:00,4874.0,5255.092456547689,2018-08-01 12:00:00,-381.0924565476889
base_02,sarimax,2018-08-01 13:00:00,2018-08-01 14:00:00,5044.0,4918.557416677101,2018-08-01 13:00:00,125.44258332289883
base_02,sarimax,2018-08-01 14:00:00,2018-08-01 15:00:00,5655.0,5016.9037133174015,2018-08-01 14:00:00,638.0962866825985
base_02,sarimax,2018-08-01 15:00:00,2018-08-01 16:00:00,6455.0,5636.547899911905,2018-08-01 15:00:00,818.452100088095
base_02,sarimax,2018-08-01 16:00:00,2018-08-01 17:00:00,5773.0,6464.354027661189,2018-08-01 16:00:00,-691.3540276611893
base_02,sarimax,2018-08-01 17:00:00,2018-08-01 18:00:00,4500.0,5733.562784402153,2018-08-01 17:00:00,-1233.5627844021528
base_02,sarimax,2018-08-01 18:00:00,2018-08-01 19:00:00,3389.0,4409.10414696255,2018-08-01 18:00:00,-1020.1041469625497
base_02,sarimax,2018-08-01 19:00:00,2018-08-01 20:00:00,2992.0,3291.95062047207,2018-08-01 19:00:00,-299.9506204720701
base_02,sarimax,2018-08-01 20:00:00,2018-08-01 21:00:00,2559.0,3042.7429811831557,2018-08-01 20:00:00,-483.74298118315573
base_02,sarimax,2018-08-01 21:00:00,2018-08-01 22:00:00,2344.0,2666.840690008306,2018-08-01 21:00:00,-322.84069000830596
base_02,sarimax,2018-08-01 22:00:00,2018-08-01 23:00:00,1320.0,2438.181339154554,2018-08-01 22:00:00,-1118.1813391545538
base_02,sarimax,2018-08-01 23:00:00,2018-08-02 00:00:00,709.0,1349.1763463256812,2018-08-01 23:00:00,-640.1763463256812
base_02,sarimax,2018-08-02 00:00:00,2018-08-02 01:00:00,413.0,743.6210141682186,2018-08-02 00:00:00,-330.6210141682186
base_02,sarimax,2018-08-02 01:00:00,2018-08-02 02:00:00,324.0,423.7218370862261,2018-08-02 01:00:00,-99.72183708622612
base_02,sarimax,2018-08-02 02:00:00,2018-08-02 03:00:00,403.0,417.81426995034644,2018-08-02 02:00:00,-14.814269950346443
base_02,sarimax,2018-08-02 03:00:00,2018-08-02 04:00:00,887.0,461.9947305706281,2018-08-02 03:00:00,425.0052694293719
base_02,sarimax,2018-08-02 04:00:00,2018-08-02 05:00:00,3091.0,908.5030121838677,2018-08-02 04:00:00,2182.4969878161323
base_02,sarimax,2018-08-02 05:00:00,2018-08-02 06:00:00,5589.0,3100.582623622947,2018-08-02 05:00:00,2488.417376377053
base_02,sarimax,2018-08-02 06:00:00,2018-08-02 07:00:00,6435.0,5570.514352589572,2018-08-02 06:00:00,864.4856474104281
base_02,sarimax,2018-08-02 07:00:00,2018-08-02 08:00:00,5736.0,6382.302211185343,2018-08-02 07:00:00,-646.3022111853434
base_02,sarimax,2018-08-02 08:00:00,2018-08-02 09:00:00,4976.0,5509.378170700256,2018-08-02 08:00:00,-533.3781707002563
base_02,sarimax,2018-08-02 09:00:00,2018-08-02 10:00:00,4388.0,4738.541987454334,2018-08-02 09:00:00,-350.54198745433405
base_02,sarimax,2018-08-02 10:00:00,2018-08-02 11:00:00,4652.0,4323.675550721513,2018-08-02 10:00:00,328.324449278487
base_02,sarimax,2018-08-02 11:00:00,2018-08-02 12:00:00,4977.0,4737.254664098954,2018-08-02 11:00:00,239.74533590104602
base_02,sarimax,2018-08-02 12:00:00,2018-08-02 13:00:00,4931.0,5068.425230211975,2018-08-02 12:00:00,-137.42523021197485
base_02,sarimax,2018-08-02 13:00:00,2018-08-02 14:00:00,5104.0,5007.468930062747,2018-08-02 13:00:00,96.53106993725305
base_02,sarimax,2018-08-02 14:00:00,2018-08-02 15:00:00,5707.0,5100.762950710364,2018-08-02 14:00:00,606.2370492896362
base_02,sarimax,2018-08-02 15:00:00,2018-08-02 16:00:00,6303.0,5692.913069767381,2018-08-02 15:00:00,610.0869302326191
base_02,sarimax,2018-08-02 16:00:00,2018-08-02 17:00:00,5783.0,6326.335097782796,2018-08-02 16:00:00,-543.3350977827959
base_02,sarimax,2018-08-02 17:00:00,2018-08-02 18:00:00,4569.0,5780.140673058301,2018-08-02 17:00:00,-1211.1406730583012
base_02,sarimax,2018-08-02 18:00:00,2018-08-02 19:00:00,3570.0,4515.948603928311,2018-08-02 18:00:00,-945.9486039283111
base_02,sarimax,2018-08-02 19:00:00,2018-08-02 20:00:00,3103.0,3501.4553047589648,2018-08-02 19:00:00,-398.45530475896476
base_02,sarimax,2018-08-02 20:00:00,2018-08-02 21:00:00,3023.0,3144.703781456068,2018-08-02 20:00:00,-121.7037814560681
base_02,sarimax,2018-08-02 21:00:00,2018-08-02 22:00:00,2303.0,3099.4559479312743,2018-08-02 21:00:00,-796.4559479312743
base_02,sarimax,2018-08-02 22:00:00,2018-08-02 23:00:00,1379.0,2376.897989913183,2018-08-02 22:00:00,-997.8979899131832
base_02,sarimax,2018-08-02 23:00:00,2018-08-03 00:00:00,778.0,1409.909175032171,2018-08-02 23:00:00,-631.9091750321711
base_02,sarimax,2018-08-03 00:00:00,2018-08-03 01:00:00,435.0,778.2095509203997,2018-08-03 00:00:00,-343.2095509203997
base_02,sarimax,2018-08-03 01:00:00,2018-08-03 02:00:00,371.0,488.9182637395071,2018-08-03 01:00:00,-117.9182637395071
base_02,sarimax,2018-08-03 02:00:00,2018-08-03 03:00:00,398.0,468.1642720379119,2018-08-03 02:00:00,-70.16427203791193
base_02,sarimax,2018-08-03 03:00:00,2018-08-03 04:00:00,853.0,461.9942681079955,2018-08-03 03:00:00,391.0057318920045
base_02,sarimax,2018-08-03 04:00:00,2018-08-03 05:00:00,2900.0,898.524796160525,2018-08-03 04:00:00,2001.475203839475
base_02,sarimax,2018-08-03 05:00:00,2018-08-03 06:00:00,5265.0,2911.259459454058,2018-08-03 05:00:00,2353.740540545942
base_02,sarimax,2018-08-03 06:00:00,2018-08-03 07:00:00,5783.0,5266.997898542352,2018-08-03 06:00:00,516.0021014576478
base_02,sarimax,2018-08-03 07:00:00,2018-08-03 08:00:00,5213.0,5744.761719186599,2018-08-03 07:00:00,-531.7617191865993
base_02,sarimax,2018-08-03 08:00:00,2018-08-03 09:00:00,4577.0,5017.378000656381,2018-08-03 08:00:00,-440.3780006563811
base_02,sarimax,2018-08-03 09:00:00,2018-08-03 10:00:00,4384.0,4365.242902989437,2018-08-03 09:00:00,18.757097010562575
base_02,sarimax,2018-08-03 10:00:00,2018-08-03 11:00:00,4820.0,4331.480242653344,2018-08-03 10:00:00,488.51975734665575
base_02,sarimax,2018-08-03 11:00:00,2018-08-03 12:00:00,5073.0,4906.17967745962,2018-08-03 11:00:00,166.8203225403804
base_02,sarimax,2018-08-03 12:00:00,2018-08-03 13:00:00,5067.0,5175.715370869582,2018-08-03 12:00:00,-108.71537086958233
base_02,sarimax,2018-08-03 13:00:00,2018-08-03 14:00:00,5456.0,5119.992413279959,2018-08-03 13:00:00,336.0075867200412
base_02,sarimax,2018-08-03 14:00:00,2018-08-03 15:00:00,5646.0,5432.544146550422,2018-08-03 14:00:00,213.45585344957817
base_02,sarimax,2018-08-03 15:00:00,2018-08-03 16:00:00,5888.0,5662.512292208654,2018-08-03 15:00:00,225.4877077913461
base_02,sarimax,2018-08-03 16:00:00,2018-08-03 17:00:00,5135.0,5906.962859222032,2018-08-03 16:00:00,-771.9628592220324
base_02,sarimax,2018-08-03 17:00:00,2018-08-03 18:00:00,4753.0,5115.624291079131,2018-08-03 17:00:00,-362.62429107913067
base_02,sarimax,2018-08-03 18:00:00,2018-08-03 19:00:00,3767.0,4720.845066079947,2018-08-03 18:00:00,-953.8450660799472
base_02,sarimax,2018-08-03 19:00:00,2018-08-03 20:00:00,3461.0,3727.5894485078693,2018-08-03 19:00:00,-266.5894485078693
base_02,sarimax,2018-08-03 20:00:00,2018-08-03 21:00:00,2632.0,3517.103542527208,2018-08-03 20:00:00,-885.103542527208
base_02,sarimax,2018-08-03 21:00:00,2018-08-03 22:00:00,2594.0,2624.8330786908355,2018-08-03 21:00:00,-30.833078690835464
base_02,sarimax,2018-08-03 22:00:00,2018-08-03 23:00:00,1833.0,2650.5003123623874,2018-08-03 22:00:00,-817.5003123623874
base_02,sarimax,2018-08-03 23:00:00,2018-08-04 00:00:00,1078.0,1865.4817431770687,2018-08-03 23:00:00,-787.4817431770687
base_02,sarimax,2018-08-04 00:00:00,2018-08-04 01:00:00,668.0,1163.306184062849,2018-08-04 00:00:00,-495.30618406284907
base_02,sarimax,2018-08-04 01:00:00,2018-08-04 02:00:00,519.0,668.3629425921356,2018-08-04 01:00:00,-149.3629425921356
base_02,sarimax,2018-08-04 02:00:00,2018-08-04 03:00:00,362.0,599.8390042028625,2018-08-04 02:00:00,-237.8390042028625
base_02,sarimax,2018-08-04 03:00:00,2018-08-04 04:00:00,423.0,443.94243789464804,2018-08-04 03:00:00,-20.942437894648037
base_02,sarimax,2018-08-04 04:00:00,2018-08-04 05:00:00,850.0,481.161729699489,2018-08-04 04:00:00,368.838270300511
base_02,sarimax,2018-08-04 05:00:00,2018-08-04 06:00:00,1427.0,864.8216550427084,2018-08-04 05:00:00,562.1783449572916
base_02,sarimax,2018-08-04 06:00:00,2018-08-04 07:00:00,1817.0,1445.245872445799,2018-08-04 06:00:00,371.754127554201
base_02,sarimax,2018-08-04 07:00:00,2018-08-04 08:00:00,2559.0,1804.5544996625624,2018-08-04 07:00:00,754.4455003374376
base_02,sarimax,2018-08-04 08:00:00,2018-08-04 09:00:00,3477.0,2508.208185259221,2018-08-04 08:00:00,968.791814740779
base_02,sarimax,2018-08-04 09:00:00,2018-08-04 10:00:00,3962.0,3418.1752387634983,2018-08-04 09:00:00,543.8247612365017
base_02,sarimax,2018-08-04 10:00:00,2018-08-04 11:00:00,4236.0,3928.9800582135376,2018-08-04 10:00:00,307.01994178646237
base_02,sarimax,2018-08-04 11:00:00,2018-08-04 12:00:00,4263.0,4169.280546996227,2018-08-04 11:00:00,93.7194530037732
base_02,sarimax,2018-08-04 12:00:00,2018-08-04 13:00:00,4552.0,4170.80923143125,2018-08-04 12:00:00,381.1907685687502
base_02,sarimax,2018-08-04 13:00:00,2018-08-04 14:00:00,4379.0,4492.290754796706,2018-08-04 13:00:00,-113.2907547967061
base_02,sarimax,2018-08-04 14:00:00,2018-08-04 15:00:00,4493.0,4340.173626219255,2018-08-04 14:00:00,152.8263737807447
base_02,sarimax,2018-08-04 15:00:00,2018-08-04 16:00:00,4300.0,4508.516597328197,2018-08-04 15:00:00,-208.51659732819735
base_02,sarimax,2018-08-04 16:00:00,2018-08-04 17:00:00,4602.0,4282.098918652201,2018-08-04 16:00:00,319.90108134779894
base_02,sarimax,2018-08-04 17:00:00,2018-08-04 18:00:00,4087.0,4625.728348299255,2018-08-04 17:00:00,-538.7283482992552
base_02,sarimax,2018-08-04 18:00:00,2018-08-04 19:00:00,3237.0,4087.183904369761,2018-08-04 18:00:00,-850.183904369761
base_02,sarimax,2018-08-04 19:00:00,2018-08-04 20:00:00,2962.0,3270.5904941155977,2018-08-04 19:00:00,-308.5904941155977
base_02,sarimax,2018-08-04 20:00:00,2018-08-04 21:00:00,2938.0,2930.810903340529,2018-08-04 20:00:00,7.1890966594710335
base_02,sarimax,2018-08-04 21:00:00,2018-08-04 22:00:00,2573.0,2977.868262028234,2018-08-04 21:00:00,-404.86826202823386
base_02,sarimax,2018-08-04 22:00:00,2018-08-04 23:00:00,2015.0,2643.003756645016,2018-08-04 22:00:00,-628.003756645016
base_02,sarimax,2018-08-04 23:00:00,2018-08-05 00:00:00,1323.0,2027.1612546846309,2018-08-04 23:00:00,-704.1612546846309
base_02,sarimax,2018-08-05 00:00:00,2018-08-05 01:00:00,812.0,1319.897630272476,2018-08-05 00:00:00,-507.8976302724759
base_02,sarimax,2018-08-05 01:00:00,2018-08-05 02:00:00,689.0,856.2332268213563,2018-08-05 01:00:00,-167.2332268213563
base_02,sarimax,2018-08-05 02:00:00,2018-08-05 03:00:00,396.0,738.6708608197473,2018-08-05 02:00:00,-342.6708608197473
base_02,sarimax,2018-08-05 03:00:00,2018-08-05 04:00:00,356.0,457.9166508919303,2018-08-05 03:00:00,-101.91665089193032
base_02,sarimax,2018-08-05 04:00:00,2018-08-05 05:00:00,504.0,406.4010785764672,2018-08-05 04:00:00,97.59892142353277
base_02,sarimax,2018-08-05 05:00:00,2018-08-05 06:00:00,962.0,512.8313975581113,2018-08-05 05:00:00,449.16860244188865
base_02,sarimax,2018-08-05 06:00:00,2018-08-05 07:00:00,1210.0,994.0568552565844,2018-08-05 06:00:00,215.9431447434156
base_02,sarimax,2018-08-05 07:00:00,2018-08-05 08:00:00,1903.0,1214.5626465343034,2018-08-05 07:00:00,688.4373534656966
base_02,sarimax,2018-08-05 08:00:00,2018-08-05 09:00:00,3030.0,1891.3019660483405,2018-08-05 08:00:00,1138.6980339516595
base_02,sarimax,2018-08-05 09:00:00,2018-08-05 10:00:00,3735.0,3019.92165087024,2018-08-05 09:00:00,715.0783491297602
base_02,sarimax,2018-08-05 10:00:00,2018-08-05 11:00:00,4072.0,3748.3939452047207,2018-08-05 10:00:00,323.6060547952793
base_02,sarimax,2018-08-05 11:00:00,2018-08-05 12:00:00,4454.0,4028.4196257597678,2018-08-05 11:00:00,425.58037424023223
base_02,sarimax,2018-08-05 12:00:00,2018-08-05 13:00:00,4507.0,4360.591124060302,2018-08-05 12:00:00,146.4088759396982
base_02,sarimax,2018-08-05 13:00:00,2018-08-05 14:00:00,4396.0,4448.639792042486,2018-08-05 13:00:00,-52.63979204248608
base_02,sarimax,2018-08-05 14:00:00,2018-08-05 15:00:00,4595.0,4363.818796615187,2018-08-05 14:00:00,231.18120338481276
base_02,sarimax,2018-08-05 15:00:00,2018-08-05 16:00:00,4875.0,4554.649036846737,2018-08-05 15:00:00,320.35096315326336
base_02,sarimax,2018-08-05 16:00:00,2018-08-05 17:00:00,4555.0,4863.159794254925,2018-08-05 16:00:00,-308.15979425492515
base_02,sarimax,2018-08-05 17:00:00,2018-08-05 18:00:00,4229.0,4555.75575568998,2018-08-05 17:00:00,-326.7557556899801
base_02,sarimax,2018-08-05 18:00:00,2018-08-05 19:00:00,3684.0,4202.829359713483,2018-08-05 18:00:00,-518.8293597134834
base_02,sarimax,2018-08-05 19:00:00,2018-08-05 20:00:00,3316.0,3643.0606279117537,2018-08-05 19:00:00,-327.0606279117537
base_02,sarimax,2018-08-05 20:00:00,2018-08-05 21:00:00,2735.0,3333.2422748471386,2018-08-05 20:00:00,-598.2422748471386
base_02,sarimax,2018-08-05 21:00:00,2018-08-05 22:00:00,2109.0,2754.7542263826986,2018-08-05 21:00:00,-645.7542263826986
base_02,sarimax,2018-08-05 22:00:00,2018-08-05 23:00:00,1560.0,2144.573074559897,2018-08-05 22:00:00,-584.5730745598971
base_02,sarimax,2018-08-05 23:00:00,2018-08-06 00:00:00,703.0,1574.5910572525402,2018-08-05 23:00:00,-871.5910572525402
base_02,sarimax,2018-08-06 00:00:00,2018-08-06 01:00:00,421.0,753.9723565841159,2018-08-06 00:00:00,-332.9723565841159
base_02,sarimax,2018-08-06 01:00:00,2018-08-06 02:00:00,327.0,473.7910734680115,2018-08-06 01:00:00,-146.79107346801152
base_02,sarimax,2018-08-06 02:00:00,2018-08-06 03:00:00,375.0,361.1219788946823,2018-08-06 02:00:00,13.878021105317714
base_02,sarimax,2018-08-06 03:00:00,2018-08-06 04:00:00,890.0,441.84294760234707,2018-08-06 03:00:00,448.15705239765293
base_02,sarimax,2018-08-06 04:00:00,2018-08-06 05:00:00,3047.0,899.4859589301151,2018-08-06 04:00:00,2147.514041069885
base_02,sarimax,2018-08-06 05:00:00,2018-08-06 06:00:00,5580.0,3041.3470689230785,2018-08-06 05:00:00,2538.6529310769215
base_02,sarimax,2018-08-06 06:00:00,2018-08-06 07:00:00,6280.0,5564.3969504149645,2018-08-06 06:00:00,715.6030495850355
base_02,sarimax,2018-08-06 07:00:00,2018-08-06 08:00:00,5582.0,6222.322555591724,2018-08-06 07:00:00,-640.3225555917243
base_02,sarimax,2018-08-06 08:00:00,2018-08-06 09:00:00,4694.0,5384.9965841530575,2018-08-06 08:00:00,-690.9965841530575
base_02,sarimax,2018-08-06 09:00:00,2018-08-06 10:00:00,4357.0,4446.16518270233,2018-08-06 09:00:00,-89.16518270232973
base_02,sarimax,2018-08-06 10:00:00,2018-08-06 11:00:00,4432.0,4311.25179291768,2018-08-06 10:00:00,120.74820708231982
base_02,sarimax,2018-08-06 11:00:00,2018-08-06 12:00:00,4606.0,4511.261529049366,2018-08-06 11:00:00,94.73847095063411
base_02,sarimax,2018-08-06 12:00:00,2018-08-06 13:00:00,4669.0,4725.959306823494,2018-08-06 12:00:00,-56.959306823494444
base_02,sarimax,2018-08-06 13:00:00,2018-08-06 14:00:00,4814.0,4729.178812768316,2018-08-06 13:00:00,84.82118723168423
base_02,sarimax,2018-08-06 14:00:00,2018-08-06 15:00:00,5395.0,4836.358181053451,2018-08-06 14:00:00,558.6418189465494
base_02,sarimax,2018-08-06 15:00:00,2018-08-06 16:00:00,6651.0,5401.668295951504,2018-08-06 15:00:00,1249.3317040484962
base_02,sarimax,2018-08-06 16:00:00,2018-08-06 17:00:00,5590.0,6656.672106776862,2018-08-06 16:00:00,-1066.6721067768622
base_02,sarimax,2018-08-06 17:00:00,2018-08-06 18:00:00,4308.0,5587.662923853263,2018-08-06 17:00:00,-1279.6629238532632
base_02,sarimax,2018-08-06 18:00:00,2018-08-06 19:00:00,3314.0,4249.840394525741,2018-08-06 18:00:00,-935.8403945257414
base_02,sarimax,2018-08-06 19:00:00,2018-08-06 20:00:00,2795.0,3169.0029733289184,2018-08-06 19:00:00,-374.0029733289184
base_02,sarimax,2018-08-06 20:00:00,2018-08-06 21:00:00,2330.0,2868.0230881547755,2018-08-06 20:00:00,-538.0230881547755
base_02,sarimax,2018-08-06 21:00:00,2018-08-06 22:00:00,1723.0,2438.3635885845006,2018-08-06 21:00:00,-715.3635885845006
base_02,sarimax,2018-08-06 22:00:00,2018-08-06 23:00:00,1148.0,1785.1779567856552,2018-08-06 22:00:00,-637.1779567856552
base_02,sarimax,2018-08-06 23:00:00,2018-08-07 00:00:00,606.0,1176.3771342134391,2018-08-06 23:00:00,-570.3771342134391
base_02,sarimax,2018-08-07 00:00:00,2018-08-07 01:00:00,376.0,631.2031739699205,2018-08-07 00:00:00,-255.2031739699205
base_02,sarimax,2018-08-07 01:00:00,2018-08-07 02:00:00,288.0,419.85717789673174,2018-08-07 01:00:00,-131.85717789673174
base_02,sarimax,2018-08-07 02:00:00,2018-08-07 03:00:00,362.0,326.99299676017654,2018-08-07 02:00:00,35.00700323982346
base_02,sarimax,2018-08-07 03:00:00,2018-08-07 04:00:00,912.0,416.9913811808,2018-08-07 03:00:00,495.0086188192
base_02,sarimax,2018-08-07 04:00:00,2018-08-07 05:00:00,3153.0,922.0054948647269,2018-08-07 04:00:00,2230.9945051352734
base_02,sarimax,2018-08-07 05:00:00,2018-08-07 06:00:00,5814.0,3158.786259681284,2018-08-07 05:00:00,2655.213740318716
base_02,sarimax,2018-08-07 06:00:00,2018-08-07 11:00:00,4515.0,5956.388258727944,2018-08-07 06:00:00,-1441.388258727944
base_02,sarimax,2018-08-07 11:00:00,2018-08-07 12:00:00,4940.0,4390.056754069339,2018-08-07 11:00:00,549.9432459306609
base_02,sarimax,2018-08-07 12:00:00,2018-08-07 13:00:00,4726.0,4722.613524231869,2018-08-07 12:00:00,3.3864757681312767
base_02,sarimax,2018-08-07 13:00:00,2018-08-07 14:00:00,5040.0,4469.010543763952,2018-08-07 13:00:00,570.9894562360478
base_02,sarimax,2018-08-07 14:00:00,2018-08-07 15:00:00,5555.0,5195.747853855405,2018-08-07 14:00:00,359.2521461445949
base_02,sarimax,2018-08-07 15:00:00,2018-08-07 16:00:00,6471.0,5513.040419073743,2018-08-07 15:00:00,957.9595809262573
base_02,sarimax,2018-08-07 16:00:00,2018-08-07 17:00:00,5656.0,6501.106015421394,2018-08-07 16:00:00,-845.1060154213937
base_02,sarimax,2018-08-07 17:00:00,2018-08-07 18:00:00,4121.0,5629.872580053046,2018-08-07 17:00:00,-1508.8725800530456
base_02,sarimax,2018-08-07 18:00:00,2018-08-07 19:00:00,3272.0,4081.8140197009516,2018-08-07 18:00:00,-809.8140197009516
base_02,sarimax,2018-08-07 19:00:00,2018-08-07 20:00:00,2888.0,3183.457578435927,2018-08-07 19:00:00,-295.4575784359272
base_02,sarimax,2018-08-07 20:00:00,2018-08-07 21:00:00,2532.0,2948.1483764736363,2018-08-07 20:00:00,-416.1483764736363
base_02,sarimax,2018-08-07 21:00:00,2018-08-07 22:00:00,1771.0,2650.8183779703304,2018-08-07 21:00:00,-879.8183779703304
base_02,sarimax,2018-08-07 22:00:00,2018-08-07 23:00:00,1168.0,1833.9941367701683,2018-08-07 22:00:00,-665.9941367701683
base_02,sarimax,2018-08-07 23:00:00,2018-08-08 00:00:00,643.0,1181.5071535381535,2018-08-07 23:00:00,-538.5071535381535
base_02,sarimax,2018-08-08 00:00:00,2018-08-08 01:00:00,393.0,665.555632862937,2018-08-08 00:00:00,-272.55563286293705
base_02,sarimax,2018-08-08 01:00:00,2018-08-08 02:00:00,295.0,452.48821625354395,2018-08-08 01:00:00,-157.48821625354395
base_02,sarimax,2018-08-08 02:00:00,2018-08-08 03:00:00,374.0,352.73725496493,2018-08-08 02:00:00,21.262745035069997
base_02,sarimax,2018-08-08 03:00:00,2018-08-08 04:00:00,912.0,402.2009813431375,2018-08-08 03:00:00,509.7990186568625
base_02,sarimax,2018-08-08 04:00:00,2018-08-08 05:00:00,3119.0,931.2120478961913,2018-08-08 04:00:00,2187.7879521038085
base_02,sarimax,2018-08-08 05:00:00,2018-08-08 06:00:00,5730.0,3123.548062296694,2018-08-08 05:00:00,2606.451937703306
base_02,sarimax,2018-08-08 06:00:00,2018-08-08 07:00:00,6430.0,5725.174101953287,2018-08-08 06:00:00,704.8258980467126
base_02,sarimax,2018-08-08 07:00:00,2018-08-08 08:00:00,5864.0,6378.385023607695,2018-08-08 07:00:00,-514.3850236076951
base_02,sarimax,2018-08-08 08:00:00,2018-08-08 09:00:00,4902.0,5657.505659487231,2018-08-08 08:00:00,-755.5056594872312
base_02,sarimax,2018-08-08 09:00:00,2018-08-08 10:00:00,4610.0,4673.958000007446,2018-08-08 09:00:00,-63.95800000744566
base_02,sarimax,2018-08-08 10:00:00,2018-08-08 11:00:00,4838.0,4595.930195572763,2018-08-08 10:00:00,242.0698044272367
base_02,sarimax,2018-08-08 11:00:00,2018-08-08 12:00:00,5004.0,4940.866102348617,2018-08-08 11:00:00,63.13389765138345
base_02,sarimax,2018-08-08 12:00:00,2018-08-08 13:00:00,4741.0,5139.4806044035395,2018-08-08 12:00:00,-398.4806044035395
base_02,sarimax,2018-08-08 13:00:00,2018-08-08 14:00:00,5128.0,4806.054115452451,2018-08-08 13:00:00,321.9458845475492
base_02,sarimax,2018-08-08 14:00:00,2018-08-08 15:00:00,5798.0,5134.959866293905,2018-08-08 14:00:00,663.0401337060948
base_02,sarimax,2018-08-08 15:00:00,2018-08-08 16:00:00,6652.0,5810.18142074115,2018-08-08 15:00:00,841.8185792588501
base_02,sarimax,2018-08-08 16:00:00,2018-08-08 17:00:00,6043.0,6691.935150835177,2018-08-08 16:00:00,-648.9351508351774
base_02,sarimax,2018-08-08 17:00:00,2018-08-08 18:00:00,4806.0,6005.337549261162,2018-08-08 17:00:00,-1199.3375492611622
base_02,sarimax,2018-08-08 18:00:00,2018-08-08 19:00:00,3655.0,4738.461985590443,2018-08-08 18:00:00,-1083.461985590443
base_02,sarimax,2018-08-08 19:00:00,2018-08-08 20:00:00,3130.0,3559.3939965625245,2018-08-08 19:00:00,-429.39399656252453
base_02,sarimax,2018-08-08 20:00:00,2018-08-08 21:00:00,3267.0,3169.3237151936237,2018-08-08 20:00:00,97.67628480637632
base_02,sarimax,2018-08-08 21:00:00,2018-08-08 22:00:00,2711.0,3350.9557163499526,2018-08-08 21:00:00,-639.9557163499526
base_02,sarimax,2018-08-08 22:00:00,2018-08-08 23:00:00,1478.0,2795.308648004656,2018-08-08 22:00:00,-1317.3086480046559
base_02,sarimax,2018-08-08 23:00:00,2018-08-09 00:00:00,801.0,1499.5966187902995,2018-08-08 23:00:00,-698.5966187902995
base_02,sarimax,2018-08-09 00:00:00,2018-08-09 01:00:00,482.0,771.6703463735462,2018-08-09 00:00:00,-289.6703463735462
base_02,sarimax,2018-08-09 01:00:00,2018-08-09 02:00:00,336.0,526.3391088638192,2018-08-09 01:00:00,-190.3391088638192
base_02,sarimax,2018-08-09 02:00:00,2018-08-09 03:00:00,379.0,431.3537824538371,2018-08-09 02:00:00,-52.353782453837084
base_02,sarimax,2018-08-09 03:00:00,2018-08-09 04:00:00,936.0,440.5283251284908,2018-08-09 03:00:00,495.4716748715092
base_02,sarimax,2018-08-09 04:00:00,2018-08-09 05:00:00,3022.0,953.9166003264015,2018-08-09 04:00:00,2068.0833996735983
base_02,sarimax,2018-08-09 05:00:00,2018-08-09 06:00:00,5423.0,3008.2404655430073,2018-08-09 05:00:00,2414.7595344569927
base_02,sarimax,2018-08-09 06:00:00,2018-08-09 07:00:00,6313.0,5414.179398754307,2018-08-09 06:00:00,898.8206012456931
base_02,sarimax,2018-08-09 07:00:00,2018-08-09 08:00:00,5908.0,6250.061180111621,2018-08-09 07:00:00,-342.06118011162107
base_02,sarimax,2018-08-09 08:00:00,2018-08-09 09:00:00,4788.0,5719.590430015808,2018-08-09 08:00:00,-931.5904300158081
base_02,sarimax,2018-08-09 09:00:00,2018-08-09 10:00:00,4517.0,4579.117389382901,2018-08-09 09:00:00,-62.11738938290091
base_02,sarimax,2018-08-09 10:00:00,2018-08-09 11:00:00,4675.0,4464.4751709420925,2018-08-09 10:00:00,210.52482905790748
base_02,sarimax,2018-08-09 11:00:00,2018-08-09 12:00:00,4927.0,4765.245032726021,2018-08-09 11:00:00,161.75496727397876
base_02,sarimax,2018-08-09 12:00:00,2018-08-09 13:00:00,4990.0,5078.395141905576,2018-08-09 12:00:00,-88.39514190557566
base_02,sarimax,2018-08-09 13:00:00,2018-08-09 14:00:00,5155.0,5036.311269212387,2018-08-09 13:00:00,118.68873078761317
base_02,sarimax,2018-08-09 14:00:00,2018-08-09 15:00:00,5654.0,5156.21489831751,2018-08-09 14:00:00,497.78510168248977
base_02,sarimax,2018-08-09 15:00:00,2018-08-09 16:00:00,6532.0,5636.0287457931345,2018-08-09 15:00:00,895.9712542068655
base_02,sarimax,2018-08-09 16:00:00,2018-08-09 17:00:00,5871.0,6540.837058202285,2018-08-09 16:00:00,-669.8370582022853
base_02,sarimax,2018-08-09 17:00:00,2018-08-09 18:00:00,4426.0,5851.960709844011,2018-08-09 17:00:00,-1425.960709844011
base_02,sarimax,2018-08-09 18:00:00,2018-08-09 19:00:00,3530.0,4362.602961556578,2018-08-09 18:00:00,-832.6029615565776
base_02,sarimax,2018-08-09 19:00:00,2018-08-09 20:00:00,3290.0,3418.0371414764913,2018-08-09 19:00:00,-128.03714147649134
base_02,sarimax,2018-08-09 20:00:00,2018-08-09 21:00:00,3176.0,3337.130150051702,2018-08-09 20:00:00,-161.130150051702
base_02,sarimax,2018-08-09 21:00:00,2018-08-09 22:00:00,2420.0,3275.6609843751608,2018-08-09 21:00:00,-855.6609843751608
base_02,sarimax,2018-08-09 22:00:00,2018-08-09 23:00:00,1406.0,2474.136396559562,2018-08-09 22:00:00,-1068.136396559562
base_02,sarimax,2018-08-09 23:00:00,2018-08-10 00:00:00,731.0,1407.051833275648,2018-08-09 23:00:00,-676.051833275648
base_02,sarimax,2018-08-10 00:00:00,2018-08-10 01:00:00,471.0,718.9811459241273,2018-08-10 00:00:00,-247.9811459241273
base_02,sarimax,2018-08-10 01:00:00,2018-08-10 02:00:00,374.0,528.8758831778114,2018-08-10 01:00:00,-154.87588317781137
base_02,sarimax,2018-08-10 02:00:00,2018-08-10 03:00:00,404.0,459.31429678099477,2018-08-10 02:00:00,-55.314296780994766
base_02,sarimax,2018-08-10 03:00:00,2018-08-10 04:00:00,818.0,459.13534811561465,2018-08-10 03:00:00,358.86465188438535
base_02,sarimax,2018-08-10 04:00:00,2018-08-10 05:00:00,2854.0,827.5971743859609,2018-08-10 04:00:00,2026.402825614039
base_02,sarimax,2018-08-10 05:00:00,2018-08-10 06:00:00,5227.0,2851.8125273699184,2018-08-10 05:00:00,2375.1874726300816
base_02,sarimax,2018-08-10 06:00:00,2018-08-10 07:00:00,5950.0,5210.378636830031,2018-08-10 06:00:00,739.6213631699693
base_02,sarimax,2018-08-10 07:00:00,2018-08-10 08:00:00,5211.0,5910.177325271158,2018-08-10 07:00:00,-699.1773252711582
base_02,sarimax,2018-08-10 08:00:00,2018-08-10 09:00:00,4584.0,5032.718220064636,2018-08-10 08:00:00,-448.7182200646357
base_02,sarimax,2018-08-10 09:00:00,2018-08-10 10:00:00,4512.0,4398.199650324243,2018-08-10 09:00:00,113.80034967575739
base_02,sarimax,2018-08-10 10:00:00,2018-08-10 11:00:00,4796.0,4470.53411543886,2018-08-10 10:00:00,325.46588456114023
base_02,sarimax,2018-08-10 11:00:00,2018-08-10 12:00:00,4941.0,4918.420147858625,2018-08-10 11:00:00,22.57985214137534
base_02,sarimax,2018-08-10 12:00:00,2018-08-10 13:00:00,5053.0,5043.195455076553,2018-08-10 12:00:00,9.804544923446883
base_02,sarimax,2018-08-10 13:00:00,2018-08-10 14:00:00,5367.0,5088.422875139995,2018-08-10 13:00:00,278.5771248600049
base_02,sarimax,2018-08-10 14:00:00,2018-08-10 15:00:00,5684.0,5354.59392503009,2018-08-10 14:00:00,329.40607496991015
base_02,sarimax,2018-08-10 15:00:00,2018-08-10 16:00:00,5868.0,5684.708569714707,2018-08-10 15:00:00,183.29143028529325
base_02,sarimax,2018-08-10 16:00:00,2018-08-10 17:00:00,5309.0,5860.4764923464,2018-08-10 16:00:00,-551.4764923463999
base_02,sarimax,2018-08-10 17:00:00,2018-08-10 18:00:00,4616.0,5288.099304902376,2018-08-10 17:00:00,-672.0993049023764
base_02,sarimax,2018-08-10 18:00:00,2018-08-10 19:00:00,3713.0,4576.8491969092,2018-08-10 18:00:00,-863.8491969092001
base_02,sarimax,2018-08-10 19:00:00,2018-08-10 20:00:00,3344.0,3669.19236276782,2018-08-10 19:00:00,-325.1923627678202
base_02,sarimax,2018-08-10 20:00:00,2018-08-10 21:00:00,3374.0,3378.086382809499,2018-08-10 20:00:00,-4.0863828094989
base_02,sarimax,2018-08-10 21:00:00,2018-08-10 22:00:00,3117.0,3389.8309223431775,2018-08-10 21:00:00,-272.83092234317746
base_02,sarimax,2018-08-10 22:00:00,2018-08-10 23:00:00,2271.0,3160.819082111658,2018-08-10 22:00:00,-889.8190821116582
base_02,sarimax,2018-08-10 23:00:00,2018-08-11 00:00:00,1412.0,2277.4653578726743,2018-08-10 23:00:00,-865.4653578726743
base_02,sarimax,2018-08-11 00:00:00,2018-08-11 01:00:00,831.0,1393.5055157300967,2018-08-11 00:00:00,-562.5055157300967
base_02,sarimax,2018-08-11 01:00:00,2018-08-11 02:00:00,665.0,838.742115901834,2018-08-11 01:00:00,-173.74211590183404
base_02,sarimax,2018-08-11 02:00:00,2018-08-11 03:00:00,423.0,732.5315985435959,2018-08-11 02:00:00,-309.5315985435959
base_02,sarimax,2018-08-11 03:00:00,2018-08-11 04:00:00,459.0,499.2456779229657,2018-08-11 03:00:00,-40.24567792296568
base_02,sarimax,2018-08-11 04:00:00,2018-08-11 05:00:00,876.0,504.35350651800775,2018-08-11 04:00:00,371.64649348199225
base_02,sarimax,2018-08-11 05:00:00,2018-08-11 06:00:00,1560.0,886.0772911929274,2018-08-11 05:00:00,673.9227088070726
base_02,sarimax,2018-08-11 06:00:00,2018-08-11 07:00:00,2004.0,1577.5208683634178,2018-08-11 06:00:00,426.4791316365822
base_02,sarimax,2018-08-11 07:00:00,2018-08-11 08:00:00,2806.0,1998.0029405413434,2018-08-11 07:00:00,807.9970594586566
base_02,sarimax,2018-08-11 08:00:00,2018-08-11 09:00:00,3514.0,2780.6085194902234,2018-08-11 08:00:00,733.3914805097766
base_02,sarimax,2018-08-11 09:00:00,2018-08-11 10:00:00,3971.0,3503.518577684762,2018-08-11 09:00:00,467.481422315238
base_02,sarimax,2018-08-11 10:00:00,2018-08-11 11:00:00,4198.0,3967.84941984649,2018-08-11 10:00:00,230.15058015350996
base_02,sarimax,2018-08-11 11:00:00,2018-08-11 12:00:00,4310.0,4172.874796931918,2018-08-11 11:00:00,137.12520306808165
base_02,sarimax,2018-08-11 12:00:00,2018-08-11 13:00:00,4262.0,4266.267681406523,2018-08-11 12:00:00,-4.26768140652257
base_02,sarimax,2018-08-11 13:00:00,2018-08-11 14:00:00,4280.0,4249.037281333548,2018-08-11 13:00:00,30.96271866645202
base_02,sarimax,2018-08-11 14:00:00,2018-08-11 15:00:00,4188.0,4271.175729548081,2018-08-11 14:00:00,-83.17572954808111
base_02,sarimax,2018-08-11 15:00:00,2018-08-11 16:00:00,4305.0,4198.2339595649655,2018-08-11 15:00:00,106.76604043503448
base_02,sarimax,2018-08-11 16:00:00,2018-08-11 17:00:00,4134.0,4315.480233336263,2018-08-11 16:00:00,-181.48023333626315
base_02,sarimax,2018-08-11 17:00:00,2018-08-11 18:00:00,3920.0,4134.791752437184,2018-08-11 17:00:00,-214.7917524371842
base_02,sarimax,2018-08-11 18:00:00,2018-08-11 19:00:00,3567.0,3922.426967603406,2018-08-11 18:00:00,-355.42696760340596
base_02,sarimax,2018-08-11 19:00:00,2018-08-11 20:00:00,3362.0,3540.7878425971953,2018-08-11 19:00:00,-178.78784259719532
base_02,sarimax,2018-08-11 20:00:00,2018-08-11 21:00:00,3378.0,3348.103830610044,2018-08-11 20:00:00,29.896169389955958
base_02,sarimax,2018-08-11 21:00:00,2018-08-11 22:00:00,3167.0,3361.9810606401484,2018-08-11 21:00:00,-194.98106064014837
base_02,sarimax,2018-08-11 22:00:00,2018-08-11 23:00:00,2511.0,3157.193152342926,2018-08-11 22:00:00,-646.1931523429262
base_02,sarimax,2018-08-11 23:00:00,2018-08-12 00:00:00,1406.0,2494.451262095843,2018-08-11 23:00:00,-1088.451262095843
base_02,sarimax,2018-08-12 00:00:00,2018-08-12 01:00:00,868.0,1385.2529405433504,2018-08-12 00:00:00,-517.2529405433504
base_02,sarimax,2018-08-12 01:00:00,2018-08-12 02:00:00,678.0,868.6614624721708,2018-08-12 01:00:00,-190.6614624721708
base_02,sarimax,2018-08-12 02:00:00,2018-08-12 03:00:00,392.0,730.3280167532222,2018-08-12 02:00:00,-338.3280167532222
base_02,sarimax,2018-08-12 03:00:00,2018-08-12 04:00:00,365.0,488.848794738082,2018-08-12 03:00:00,-123.848794738082
base_02,sarimax,2018-08-12 04:00:00,2018-08-12 05:00:00,529.0,414.06033345846515,2018-08-12 04:00:00,114.93966654153485
base_02,sarimax,2018-08-12 05:00:00,2018-08-12 06:00:00,984.0,539.4844706944153,2018-08-12 05:00:00,444.51552930558466
base_02,sarimax,2018-08-12 06:00:00,2018-08-12 07:00:00,1196.0,1011.0398864664726,2018-08-12 06:00:00,184.96011353352742
base_02,sarimax,2018-08-12 07:00:00,2018-08-12 08:00:00,1850.0,1185.624842054436,2018-08-12 07:00:00,664.3751579455641
base_02,sarimax,2018-08-12 08:00:00,2018-08-12 09:00:00,2713.0,1864.4688782819778,2018-08-12 08:00:00,848.5311217180222
base_02,sarimax,2018-08-12 09:00:00,2018-08-12 10:00:00,3534.0,2721.478172636453,2018-08-12 09:00:00,812.5218273635469
base_02,sarimax,2018-08-12 10:00:00,2018-08-12 11:00:00,3856.0,3567.4012878545736,2018-08-12 10:00:00,288.59871214542636
base_02,sarimax,2018-08-12 11:00:00,2018-08-12 12:00:00,4037.0,3823.164525570402,2018-08-12 11:00:00,213.83547442959798
base_02,sarimax,2018-08-12 12:00:00,2018-08-12 13:00:00,4522.0,3980.801427661208,2018-08-12 12:00:00,541.198572338792
base_02,sarimax,2018-08-12 13:00:00,2018-08-12 14:00:00,4468.0,4463.34316744421,2018-08-12 13:00:00,4.656832555790061
base_02,sarimax,2018-08-12 14:00:00,2018-08-12 15:00:00,4351.0,4458.567286692262,2018-08-12 14:00:00,-107.56728669226231
base_02,sarimax,2018-08-12 15:00:00,2018-08-12 16:00:00,4466.0,4344.123374578949,2018-08-12 15:00:00,121.87662542105136
base_02,sarimax,2018-08-12 16:00:00,2018-08-12 17:00:00,4313.0,4433.967516203428,2018-08-12 16:00:00,-120.9675162034282
base_02,sarimax,2018-08-12 17:00:00,2018-08-12 18:00:00,4012.0,4320.545306135751,2018-08-12 17:00:00,-308.54530613575116
base_02,sarimax,2018-08-12 18:00:00,2018-08-12 19:00:00,3658.0,4024.6055472840058,2018-08-12 18:00:00,-366.60554728400575
base_02,sarimax,2018-08-12 19:00:00,2018-08-12 20:00:00,3151.0,3622.135910619089,2018-08-12 19:00:00,-471.1359106190889
base_02,sarimax,2018-08-12 20:00:00,2018-08-12 21:00:00,2708.0,3144.861573391019,2018-08-12 20:00:00,-436.8615733910192
base_02,sarimax,2018-08-12 21:00:00,2018-08-12 22:00:00,1930.0,2697.4277768977818,2018-08-12 21:00:00,-767.4277768977818
base_02,sarimax,2018-08-12 22:00:00,2018-08-12 23:00:00,1282.0,1923.1116447180043,2018-08-12 22:00:00,-641.1116447180043
base_02,sarimax,2018-08-12 23:00:00,2018-08-13 00:00:00,651.0,1313.8664754286046,2018-08-12 23:00:00,-662.8664754286046
base_02,sarimax,2018-08-13 00:00:00,2018-08-13 01:00:00,434.0,681.9011116910697,2018-08-13 00:00:00,-247.90111169106967
base_02,sarimax,2018-08-13 01:00:00,2018-08-13 02:00:00,355.0,505.78448165795874,2018-08-13 01:00:00,-150.78448165795874
base_02,sarimax,2018-08-13 02:00:00,2018-08-13 03:00:00,348.0,412.50564879287566,2018-08-13 02:00:00,-64.50564879287566
base_02,sarimax,2018-08-13 03:00:00,2018-08-13 04:00:00,924.0,409.59496103273426,2018-08-13 03:00:00,514.4050389672657
base_02,sarimax,2018-08-13 04:00:00,2018-08-13 05:00:00,3025.0,932.9178179003532,2018-08-13 04:00:00,2092.082182099647
base_02,sarimax,2018-08-13 05:00:00,2018-08-13 06:00:00,5546.0,3020.2559779747585,2018-08-13 05:00:00,2525.7440220252415
base_02,sarimax,2018-08-13 06:00:00,2018-08-13 07:00:00,6383.0,5543.450723500319,2018-08-13 06:00:00,839.5492764996807
base_02,sarimax,2018-08-13 07:00:00,2018-08-13 08:00:00,5642.0,6325.306274523329,2018-08-13 07:00:00,-683.3062745233292
base_02,sarimax,2018-08-13 08:00:00,2018-08-13 09:00:00,4714.0,5438.075871533458,2018-08-13 08:00:00,-724.0758715334578
base_02,sarimax,2018-08-13 09:00:00,2018-08-13 10:00:00,4216.0,4489.408786236367,2018-08-13 09:00:00,-273.4087862363667
base_02,sarimax,2018-08-13 10:00:00,2018-08-13 11:00:00,4440.0,4171.53026063871,2018-08-13 10:00:00,268.4697393612896
base_02,sarimax,2018-08-13 11:00:00,2018-08-13 12:00:00,4673.0,4562.681995297485,2018-08-13 11:00:00,110.31800470251528
base_02,sarimax,2018-08-13 12:00:00,2018-08-13 13:00:00,4494.0,4797.495755818848,2018-08-13 12:00:00,-303.495755818848
base_02,sarimax,2018-08-13 13:00:00,2018-08-13 14:00:00,4811.0,4584.771165294858,2018-08-13 13:00:00,226.2288347051417
base_02,sarimax,2018-08-13 14:00:00,2018-08-13 15:00:00,5245.0,4805.571775139713,2018-08-13 14:00:00,439.4282248602867
base_02,sarimax,2018-08-13 15:00:00,2018-08-13 16:00:00,6163.0,5234.141958915683,2018-08-13 15:00:00,928.8580410843169
base_02,sarimax,2018-08-13 16:00:00,2018-08-13 17:00:00,5603.0,6183.819929942655,2018-08-13 16:00:00,-580.8199299426551
base_02,sarimax,2018-08-13 17:00:00,2018-08-13 18:00:00,4077.0,5575.836435719828,2018-08-13 17:00:00,-1498.836435719828
base_02,sarimax,2018-08-13 18:00:00,2018-08-13 19:00:00,3247.0,4028.664791990672,2018-08-13 18:00:00,-781.6647919906718
base_02,sarimax,2018-08-13 19:00:00,2018-08-13 20:00:00,2835.0,3134.8826573277606,2018-08-13 19:00:00,-299.8826573277606
base_02,sarimax,2018-08-13 20:00:00,2018-08-13 21:00:00,2615.0,2863.0083379530624,2018-08-13 20:00:00,-248.00833795306244
base_02,sarimax,2018-08-13 21:00:00,2018-08-13 22:00:00,1823.0,2718.892706907362,2018-08-13 21:00:00,-895.892706907362
base_02,sarimax,2018-08-13 22:00:00,2018-08-13 23:00:00,1117.0,1872.9103668662233,2018-08-13 22:00:00,-755.9103668662233
base_02,sarimax,2018-08-13 23:00:00,2018-08-14 00:00:00,571.0,1145.8001922200383,2018-08-13 23:00:00,-574.8001922200383
base_02,sarimax,2018-08-14 00:00:00,2018-08-14 01:00:00,394.0,591.3286066218459,2018-08-14 00:00:00,-197.3286066218459
base_02,sarimax,2018-08-14 01:00:00,2018-08-14 02:00:00,284.0,455.84043099473115,2018-08-14 01:00:00,-171.84043099473115
base_02,sarimax,2018-08-14 02:00:00,2018-08-14 03:00:00,340.0,345.7203501879343,2018-08-14 02:00:00,-5.720350187934287
base_02,sarimax,2018-08-14 03:00:00,2018-08-14 04:00:00,940.0,382.0728610410843,2018-08-14 03:00:00,557.9271389589157
base_02,sarimax,2018-08-14 04:00:00,2018-08-14 05:00:00,3184.0,954.1887794193101,2018-08-14 04:00:00,2229.81122058069
base_02,sarimax,2018-08-14 05:00:00,2018-08-14 06:00:00,5702.0,3183.1902512288325,2018-08-14 05:00:00,2518.8097487711675
base_02,sarimax,2018-08-14 06:00:00,2018-08-14 07:00:00,6573.0,5686.095253349813,2018-08-14 06:00:00,886.904746650187
base_02,sarimax,2018-08-14 07:00:00,2018-08-14 08:00:00,5841.0,6496.775857726756,2018-08-14 07:00:00,-655.7758577267559
base_02,sarimax,2018-08-14 08:00:00,2018-08-14 09:00:00,4766.0,5640.248421973168,2018-08-14 08:00:00,-874.2484219731678
base_02,sarimax,2018-08-14 09:00:00,2018-08-14 10:00:00,4478.0,4546.991138319548,2018-08-14 09:00:00,-68.99113831954764
base_02,sarimax,2018-08-14 10:00:00,2018-08-14 11:00:00,4741.0,4414.068803518226,2018-08-14 10:00:00,326.93119648177435
base_02,sarimax,2018-08-14 11:00:00,2018-08-14 12:00:00,4996.0,4837.962500271981,2018-08-14 11:00:00,158.0374997280187
base_02,sarimax,2018-08-14 12:00:00,2018-08-14 13:00:00,4832.0,5136.151486581212,2018-08-14 12:00:00,-304.15148658121234
base_02,sarimax,2018-08-14 13:00:00,2018-08-14 14:00:00,4985.0,4882.920360929966,2018-08-14 13:00:00,102.07963907003432
base_02,sarimax,2018-08-14 14:00:00,2018-08-14 15:00:00,5672.0,4970.789743171,2018-08-14 14:00:00,701.2102568290002
base_02,sarimax,2018-08-14 15:00:00,2018-08-14 16:00:00,6373.0,5665.336495398933,2018-08-14 15:00:00,707.663504601067
base_02,sarimax,2018-08-14 16:00:00,2018-08-14 17:00:00,6014.0,6389.553268664747,2018-08-14 16:00:00,-375.5532686647466
base_02,sarimax,2018-08-14 17:00:00,2018-08-14 18:00:00,4525.0,5977.580394945693,2018-08-14 17:00:00,-1452.5803949456931
base_02,sarimax,2018-08-14 18:00:00,2018-08-14 19:00:00,3423.0,4443.957585053367,2018-08-14 18:00:00,-1020.9575850533674
base_02,sarimax,2018-08-14 19:00:00,2018-08-14 20:00:00,3046.0,3314.6878538168767,2018-08-14 19:00:00,-268.68785381687667
base_02,sarimax,2018-08-14 20:00:00,2018-08-14 21:00:00,2784.0,3062.1867789663074,2018-08-14 20:00:00,-278.18677896630743
base_02,sarimax,2018-08-14 21:00:00,2018-08-14 22:00:00,2287.0,2914.4329629596023,2018-08-14 21:00:00,-627.4329629596023
base_02,sarimax,2018-08-14 22:00:00,2018-08-14 23:00:00,2772.0,2372.0018113095175,2018-08-14 22:00:00,399.9981886904825
base_02,sarimax,2018-08-14 23:00:00,2018-08-15 00:00:00,793.0,2791.8474354734544,2018-08-14 23:00:00,-1998.8474354734544
base_02,sarimax,2018-08-15 00:00:00,2018-08-15 01:00:00,492.0,807.1090992583925,2018-08-15 00:00:00,-315.10909925839246
base_02,sarimax,2018-08-15 01:00:00,2018-08-15 02:00:00,335.0,533.6516553076881,2018-08-15 01:00:00,-198.6516553076881
base_02,sarimax,2018-08-15 02:00:00,2018-08-15 03:00:00,403.0,262.4437940639731,2018-08-15 02:00:00,140.5562059360269
base_02,sarimax,2018-08-15 03:00:00,2018-08-15 04:00:00,948.0,599.4466512518525,2018-08-15 03:00:00,348.5533487481475
base_02,sarimax,2018-08-15 04:00:00,2018-08-15 05:00:00,3181.0,965.6914584820616,2018-08-15 04:00:00,2215.3085415179385
base_02,sarimax,2018-08-15 05:00:00,2018-08-15 06:00:00,5767.0,3175.842324877156,2018-08-15 05:00:00,2591.157675122844
base_02,sarimax,2018-08-15 06:00:00,2018-08-15 07:00:00,6561.0,5748.118396654799,2018-08-15 06:00:00,812.8816033452013
base_02,sarimax,2018-08-15 07:00:00,2018-08-15 08:00:00,5930.0,6504.228589777185,2018-08-15 07:00:00,-574.2285897771853
base_02,sarimax,2018-08-15 08:00:00,2018-08-15 09:00:00,4672.0,5721.113193787925,2018-08-15 08:00:00,-1049.1131937879254
base_02,sarimax,2018-08-15 09:00:00,2018-08-15 10:00:00,4638.0,4433.899019239598,2018-08-15 09:00:00,204.1009807604023
base_02,sarimax,2018-08-15 10:00:00,2018-08-15 11:00:00,4979.0,4595.9249516524505,2018-08-15 10:00:00,383.07504834754945
base_02,sarimax,2018-08-15 11:00:00,2018-08-15 12:00:00,5016.0,5078.453106069472,2018-08-15 11:00:00,-62.45310606947169
base_02,sarimax,2018-08-15 12:00:00,2018-08-15 13:00:00,4841.0,5186.014401718359,2018-08-15 12:00:00,-345.0144017183593
base_02,sarimax,2018-08-15 13:00:00,2018-08-15 14:00:00,4968.0,4860.960073612044,2018-08-15 13:00:00,107.03992638795626
base_02,sarimax,2018-08-15 14:00:00,2018-08-15 15:00:00,5428.0,4950.230430489269,2018-08-15 14:00:00,477.76956951073134
base_02,sarimax,2018-08-15 15:00:00,2018-08-15 16:00:00,5541.0,5445.656675935137,2018-08-15 15:00:00,95.34332406486283
base_02,sarimax,2018-08-15 16:00:00,2018-08-15 17:00:00,5920.0,5566.543304516899,2018-08-15 16:00:00,353.4566954831007
base_02,sarimax,2018-08-15 17:00:00,2018-08-15 18:00:00,4545.0,5905.74298489821,2018-08-15 17:00:00,-1360.7429848982101
base_02,sarimax,2018-08-15 18:00:00,2018-08-15 19:00:00,3358.0,4499.359860571461,2018-08-15 18:00:00,-1141.3598605714606
base_02,sarimax,2018-08-15 19:00:00,2018-08-15 20:00:00,3133.0,3330.7583049300474,2018-08-15 19:00:00,-197.75830493004742
base_02,sarimax,2018-08-15 20:00:00,2018-08-15 21:00:00,2687.0,3071.7811920179806,2018-08-15 20:00:00,-384.78119201798063
base_02,sarimax,2018-08-15 21:00:00,2018-08-15 22:00:00,1742.0,2791.813991626964,2018-08-15 21:00:00,-1049.8139916269638
base_02,sarimax,2018-08-15 22:00:00,2018-08-15 23:00:00,1051.0,1827.5543155589235,2018-08-15 22:00:00,-776.5543155589235
base_02,sarimax,2018-08-15 23:00:00,2018-08-16 00:00:00,652.0,1050.7575907415103,2018-08-15 23:00:00,-398.7575907415103
base_02,sarimax,2018-08-16 00:00:00,2018-08-16 01:00:00,399.0,685.9411212099592,2018-08-16 00:00:00,-286.9411212099592
base_02,sarimax,2018-08-16 01:00:00,2018-08-16 02:00:00,300.0,469.0577269217988,2018-08-16 01:00:00,-169.0577269217988
base_02,sarimax,2018-08-16 02:00:00,2018-08-16 03:00:00,412.0,359.2790850498068,2018-08-16 02:00:00,52.72091495019322
base_02,sarimax,2018-08-16 03:00:00,2018-08-16 04:00:00,977.0,444.0588708289516,2018-08-16 03:00:00,532.9411291710484
base_02,sarimax,2018-08-16 04:00:00,2018-08-16 05:00:00,3150.0,998.1464967870536,2018-08-16 04:00:00,2151.8535032129466
base_02,sarimax,2018-08-16 05:00:00,2018-08-16 06:00:00,5386.0,3141.291212581882,2018-08-16 05:00:00,2244.708787418118
base_02,sarimax,2018-08-16 06:00:00,2018-08-16 07:00:00,6494.0,5373.9133797462755,2018-08-16 06:00:00,1120.0866202537245
base_02,sarimax,2018-08-16 07:00:00,2018-08-16 08:00:00,5847.0,6428.756861942254,2018-08-16 07:00:00,-581.7568619422536
base_02,sarimax,2018-08-16 08:00:00,2018-08-16 09:00:00,4976.0,5643.891144512326,2018-08-16 08:00:00,-667.8911445123258
base_02,sarimax,2018-08-16 09:00:00,2018-08-16 10:00:00,4466.0,4796.988638673249,2018-08-16 09:00:00,-330.9886386732487
base_02,sarimax,2018-08-16 10:00:00,2018-08-16 11:00:00,4574.0,4402.571313874138,2018-08-16 10:00:00,171.42868612586244
base_02,sarimax,2018-08-16 11:00:00,2018-08-16 12:00:00,4961.0,4671.454209061385,2018-08-16 11:00:00,289.545790938615
base_02,sarimax,2018-08-16 12:00:00,2018-08-16 13:00:00,4785.0,5083.986658630582,2018-08-16 12:00:00,-298.9866586305816
base_02,sarimax,2018-08-16 13:00:00,2018-08-16 14:00:00,4927.0,4852.513088067943,2018-08-16 13:00:00,74.48691193205741
base_02,sarimax,2018-08-16 14:00:00,2018-08-16 15:00:00,5729.0,4931.3235296718085,2018-08-16 14:00:00,797.6764703281915
base_02,sarimax,2018-08-16 15:00:00,2018-08-16 16:00:00,6272.0,5669.841256906459,2018-08-16 15:00:00,602.1587430935406
base_02,sarimax,2018-08-16 16:00:00,2018-08-16 17:00:00,5928.0,6273.799660472355,2018-08-16 16:00:00,-345.79966047235484
base_02,sarimax,2018-08-16 17:00:00,2018-08-16 18:00:00,4580.0,5905.197796897112,2018-08-16 17:00:00,-1325.1977968971123
base_02,sarimax,2018-08-16 18:00:00,2018-08-16 19:00:00,3725.0,4499.9757718119245,2018-08-16 18:00:00,-774.9757718119245
base_02,sarimax,2018-08-16 19:00:00,2018-08-16 20:00:00,3205.0,3666.7485404264025,2018-08-16 19:00:00,-461.74854042640254
base_02,sarimax,2018-08-16 20:00:00,2018-08-16 21:00:00,3090.0,3232.87487848339,2018-08-16 20:00:00,-142.87487848339015
base_02,sarimax,2018-08-16 21:00:00,2018-08-16 22:00:00,2377.0,3179.147463180952,2018-08-16 21:00:00,-802.147463180952
base_02,sarimax,2018-08-16 22:00:00,2018-08-16 23:00:00,1380.0,2458.40458112608,2018-08-16 22:00:00,-1078.4045811260798
base_02,sarimax,2018-08-16 23:00:00,2018-08-17 00:00:00,809.0,1407.1747424486769,2018-08-16 23:00:00,-598.1747424486769
base_02,sarimax,2018-08-17 00:00:00,2018-08-17 01:00:00,449.0,798.9232290455542,2018-08-17 00:00:00,-349.9232290455542
base_02,sarimax,2018-08-17 01:00:00,2018-08-17 02:00:00,363.0,494.04546368503105,2018-08-17 01:00:00,-131.04546368503105
base_02,sarimax,2018-08-17 02:00:00,2018-08-17 03:00:00,408.0,456.33650881352844,2018-08-17 02:00:00,-48.33650881352844
base_02,sarimax,2018-08-17 03:00:00,2018-08-17 04:00:00,899.0,457.8411464579468,2018-08-17 03:00:00,441.1588535420532
base_02,sarimax,2018-08-17 04:00:00,2018-08-17 05:00:00,2821.0,932.728282206039,2018-08-17 04:00:00,1888.271717793961
base_02,sarimax,2018-08-17 05:00:00,2018-08-17 06:00:00,5243.0,2817.9989201708104,2018-08-17 05:00:00,2425.0010798291896
base_02,sarimax,2018-08-17 06:00:00,2018-08-17 07:00:00,5994.0,5227.888517690373,2018-08-17 06:00:00,766.1114823096268
base_02,sarimax,2018-08-17 07:00:00,2018-08-17 08:00:00,5406.0,5932.964924218774,2018-08-17 07:00:00,-526.9649242187743
base_02,sarimax,2018-08-17 08:00:00,2018-08-17 09:00:00,4719.0,5223.002735592941,2018-08-17 08:00:00,-504.00273559294055
base_02,sarimax,2018-08-17 09:00:00,2018-08-17 10:00:00,4510.0,4528.196860603932,2018-08-17 09:00:00,-18.196860603931782
base_02,sarimax,2018-08-17 10:00:00,2018-08-17 11:00:00,4948.0,4464.306840300721,2018-08-17 10:00:00,483.693159699279
base_02,sarimax,2018-08-17 11:00:00,2018-08-17 12:00:00,5076.0,5043.684566882877,2018-08-17 11:00:00,32.315433117122666
base_02,sarimax,2018-08-17 12:00:00,2018-08-17 13:00:00,5027.0,5166.649398173457,2018-08-17 12:00:00,-139.64939817345658
base_02,sarimax,2018-08-17 13:00:00,2018-08-17 14:00:00,5289.0,5073.7645499854325,2018-08-17 13:00:00,215.2354500145675
base_02,sarimax,2018-08-17 14:00:00,2018-08-17 15:00:00,5581.0,5250.998856204881,2018-08-17 14:00:00,330.0011437951189
base_02,sarimax,2018-08-17 15:00:00,2018-08-17 16:00:00,5734.0,5584.8685444606435,2018-08-17 15:00:00,149.13145553935647
base_02,sarimax,2018-08-17 16:00:00,2018-08-17 17:00:00,5141.0,5753.0076322327595,2018-08-17 16:00:00,-612.0076322327595
base_02,sarimax,2018-08-17 17:00:00,2018-08-17 18:00:00,4536.0,5121.526932916018,2018-08-17 17:00:00,-585.5269329160183
base_02,sarimax,2018-08-17 18:00:00,2018-08-17 19:00:00,3703.0,4509.225671491068,2018-08-17 18:00:00,-806.2256714910682
base_02,sarimax,2018-08-17 19:00:00,2018-08-17 20:00:00,3279.0,3670.972833929324,2018-08-17 19:00:00,-391.9728339293242
base_02,sarimax,2018-08-17 20:00:00,2018-08-17 21:00:00,3177.0,3317.1641634470166,2018-08-17 20:00:00,-140.16416344701656
base_02,sarimax,2018-08-17 21:00:00,2018-08-17 22:00:00,2903.0,3184.754577049348,2018-08-17 21:00:00,-281.754577049348
base_02,sarimax,2018-08-17 22:00:00,2018-08-17 23:00:00,2126.0,2941.9140729509577,2018-08-17 22:00:00,-815.9140729509577
base_02,sarimax,2018-08-17 23:00:00,2018-08-18 00:00:00,1569.0,2138.7221304647205,2018-08-17 23:00:00,-569.7221304647205
base_02,sarimax,2018-08-18 00:00:00,2018-08-18 01:00:00,806.0,1565.5439431913428,2018-08-18 00:00:00,-759.5439431913428
base_02,sarimax,2018-08-18 01:00:00,2018-08-18 02:00:00,598.0,817.0087576067609,2018-08-18 01:00:00,-219.00875760676092
base_02,sarimax,2018-08-18 02:00:00,2018-08-18 03:00:00,448.0,662.836536629017,2018-08-18 02:00:00,-214.83653662901702
base_02,sarimax,2018-08-18 03:00:00,2018-08-18 04:00:00,523.0,487.6785190143039,2018-08-18 03:00:00,35.3214809856961
base_02,sarimax,2018-08-18 04:00:00,2018-08-18 05:00:00,940.0,591.6375337359228,2018-08-18 04:00:00,348.36246626407717
base_02,sarimax,2018-08-18 05:00:00,2018-08-18 06:00:00,1648.0,957.7467183154752,2018-08-18 05:00:00,690.2532816845248
base_02,sarimax,2018-08-18 06:00:00,2018-08-18 07:00:00,2229.0,1660.3444740628584,2018-08-18 06:00:00,568.6555259371416
base_02,sarimax,2018-08-18 07:00:00,2018-08-18 08:00:00,2987.0,2206.9483256321387,2018-08-18 07:00:00,780.0516743678613
base_02,sarimax,2018-08-18 08:00:00,2018-08-18 09:00:00,3922.0,2973.32252210203,2018-08-18 08:00:00,948.6774778979702
base_02,sarimax,2018-08-18 09:00:00,2018-08-18 10:00:00,5146.0,3870.8567686180527,2018-08-18 09:00:00,1275.1432313819473
base_02,sarimax,2018-08-18 10:00:00,2018-08-18 11:00:00,4916.0,5126.454501563993,2018-08-18 10:00:00,-210.4545015639933
base_02,sarimax,2018-08-18 11:00:00,2018-08-18 12:00:00,4448.0,4882.817327345922,2018-08-18 11:00:00,-434.8173273459224
base_02,sarimax,2018-08-18 12:00:00,2018-08-18 13:00:00,4438.0,4402.250318926628,2018-08-18 12:00:00,35.7496810733719
base_02,sarimax,2018-08-18 13:00:00,2018-08-18 14:00:00,4710.0,4350.904550752098,2018-08-18 13:00:00,359.09544924790225
base_02,sarimax,2018-08-18 14:00:00,2018-08-18 15:00:00,4893.0,4751.187212568734,2018-08-18 14:00:00,141.81278743126586
base_02,sarimax,2018-08-18 15:00:00,2018-08-18 16:00:00,4897.0,4959.170865344153,2018-08-18 15:00:00,-62.170865344152844
base_02,sarimax,2018-08-18 16:00:00,2018-08-18 17:00:00,4664.0,4905.668291184726,2018-08-18 16:00:00,-241.6682911847256
base_02,sarimax,2018-08-18 17:00:00,2018-08-18 18:00:00,4157.0,4634.792450619457,2018-08-18 17:00:00,-477.79245061945676
base_02,sarimax,2018-08-18 18:00:00,2018-08-18 19:00:00,3619.0,4132.37448885427,2018-08-18 18:00:00,-513.3744888542697
base_02,sarimax,2018-08-18 19:00:00,2018-08-18 20:00:00,3543.0,3605.287053504895,2018-08-18 19:00:00,-62.287053504895084
base_02,sarimax,2018-08-18 20:00:00,2018-08-18 21:00:00,3442.0,3535.1975796164243,2018-08-18 20:00:00,-93.19757961642426
base_02,sarimax,2018-08-18 21:00:00,2018-08-18 22:00:00,3128.0,3446.4030343485324,2018-08-18 21:00:00,-318.4030343485324
base_02,sarimax,2018-08-18 22:00:00,2018-08-18 23:00:00,2044.0,3152.6502871207476,2018-08-18 22:00:00,-1108.6502871207476
base_02,sarimax,2018-08-18 23:00:00,2018-08-19 00:00:00,1346.0,2032.979743667886,2018-08-18 23:00:00,-686.9797436678859
base_02,sarimax,2018-08-19 00:00:00,2018-08-19 01:00:00,997.0,1339.791731502395,2018-08-19 00:00:00,-342.7917315023949
base_02,sarimax,2018-08-19 01:00:00,2018-08-19 02:00:00,726.0,1013.6979083056093,2018-08-19 01:00:00,-287.6979083056093
base_02,sarimax,2018-08-19 02:00:00,2018-08-19 03:00:00,386.0,827.4398158116493,2018-08-19 02:00:00,-441.4398158116493
base_02,sarimax,2018-08-19 03:00:00,2018-08-19 04:00:00,388.0,447.72627938701237,2018-08-19 03:00:00,-59.72627938701237
base_02,sarimax,2018-08-19 04:00:00,2018-08-19 05:00:00,552.0,412.148918576214,2018-08-19 04:00:00,139.851081423786
base_02,sarimax,2018-08-19 05:00:00,2018-08-19 06:00:00,994.0,575.8688071197931,2018-08-19 05:00:00,418.13119288020687
base_02,sarimax,2018-08-19 06:00:00,2018-08-19 07:00:00,1277.0,1023.7456124155124,2018-08-19 06:00:00,253.25438758448763
base_02,sarimax,2018-08-19 07:00:00,2018-08-19 08:00:00,1971.0,1273.1520397048992,2018-08-19 07:00:00,697.8479602951008
base_02,sarimax,2018-08-19 08:00:00,2018-08-19 09:00:00,2895.0,1971.651026547211,2018-08-19 08:00:00,923.3489734527891
base_02,sarimax,2018-08-19 09:00:00,2018-08-19 10:00:00,3766.0,2881.8080244443213,2018-08-19 09:00:00,884.1919755556787
base_02,sarimax,2018-08-19 10:00:00,2018-08-19 11:00:00,4384.0,3781.8365882151643,2018-08-19 10:00:00,602.1634117848357
base_02,sarimax,2018-08-19 11:00:00,2018-08-19 12:00:00,4624.0,4341.374370141081,2018-08-19 11:00:00,282.6256298589187
base_02,sarimax,2018-08-19 12:00:00,2018-08-19 13:00:00,4596.0,4573.889626796892,2018-08-19 12:00:00,22.110373203107883
base_02,sarimax,2018-08-19 13:00:00,2018-08-19 14:00:00,4742.0,4529.185140548502,2018-08-19 13:00:00,212.8148594514978
base_02,sarimax,2018-08-19 14:00:00,2018-08-19 15:00:00,4779.0,4695.189749453518,2018-08-19 14:00:00,83.81025054648217
base_02,sarimax,2018-08-19 15:00:00,2018-08-19 16:00:00,4989.0,4766.819991992961,2018-08-19 15:00:00,222.18000800703885
base_02,sarimax,2018-08-19 16:00:00,2018-08-19 17:00:00,4870.0,5001.480239567132,2018-08-19 16:00:00,-131.48023956713223
base_02,sarimax,2018-08-19 17:00:00,2018-08-19 18:00:00,4287.0,4857.199801904535,2018-08-19 17:00:00,-570.199801904535
base_02,sarimax,2018-08-19 18:00:00,2018-08-19 19:00:00,3792.0,4270.933699808571,2018-08-19 18:00:00,-478.93369980857096
base_02,sarimax,2018-08-19 19:00:00,2018-08-19 20:00:00,3213.0,3755.3378978041032,2018-08-19 19:00:00,-542.3378978041032
base_02,sarimax,2018-08-19 20:00:00,2018-08-19 21:00:00,2682.0,3201.5648487733088,2018-08-19 20:00:00,-519.5648487733088
base_02,sarimax,2018-08-19 21:00:00,2018-08-19 22:00:00,1973.0,2723.037796213203,2018-08-19 21:00:00,-750.0377962132029
base_02,sarimax,2018-08-19 22:00:00,2018-08-19 23:00:00,2369.0,2008.8445150227817,2018-08-19 22:00:00,360.1554849772183
base_02,sarimax,2018-08-19 23:00:00,2018-08-20 00:00:00,922.0,2413.3887964900428,2018-08-19 23:00:00,-1491.3887964900428
base_02,sarimax,2018-08-20 00:00:00,2018-08-20 01:00:00,473.0,963.0465940515503,2018-08-20 00:00:00,-490.0465940515503
base_02,sarimax,2018-08-20 01:00:00,2018-08-20 02:00:00,346.0,531.6258742970133,2018-08-20 01:00:00,-185.6258742970133
base_02,sarimax,2018-08-20 02:00:00,2018-08-20 03:00:00,369.0,287.933529068349,2018-08-20 02:00:00,81.066470931651
base_02,sarimax,2018-08-20 03:00:00,2018-08-20 04:00:00,941.0,513.248728219806,2018-08-20 03:00:00,427.751271780194
base_02,sarimax,2018-08-20 04:00:00,2018-08-20 05:00:00,3005.0,981.8599718363851,2018-08-20 04:00:00,2023.140028163615
base_02,sarimax,2018-08-20 05:00:00,2018-08-20 06:00:00,5352.0,3005.898651699607,2018-08-20 05:00:00,2346.101348300393
base_02,sarimax,2018-08-20 06:00:00,2018-08-20 07:00:00,6077.0,5342.5531077989535,2018-08-20 06:00:00,734.4468922010465
base_02,sarimax,2018-08-20 07:00:00,2018-08-20 08:00:00,5349.0,6014.6823769314105,2018-08-20 07:00:00,-665.6823769314105
base_02,sarimax,2018-08-20 08:00:00,2018-08-20 09:00:00,4777.0,5137.824517184228,2018-08-20 08:00:00,-360.82451718422817
base_02,sarimax,2018-08-20 09:00:00,2018-08-20 10:00:00,4375.0,4535.253510439757,2018-08-20 09:00:00,-160.2535104397566
base_02,sarimax,2018-08-20 10:00:00,2018-08-20 11:00:00,4532.0,4310.776234574785,2018-08-20 10:00:00,221.22376542521488
base_02,sarimax,2018-08-20 11:00:00,2018-08-20 12:00:00,4842.0,4619.183969555115,2018-08-20 11:00:00,222.81603044488475
base_02,sarimax,2018-08-20 12:00:00,2018-08-20 13:00:00,4690.0,4925.106418429568,2018-08-20 12:00:00,-235.1064184295683
base_02,sarimax,2018-08-20 13:00:00,2018-08-20 14:00:00,5001.0,4747.936011503775,2018-08-20 13:00:00,253.06398849622474
base_02,sarimax,2018-08-20 14:00:00,2018-08-20 15:00:00,5388.0,4979.14791985682,2018-08-20 14:00:00,408.8520801431796
base_02,sarimax,2018-08-20 15:00:00,2018-08-20 16:00:00,6423.0,5367.807560271799,2018-08-20 15:00:00,1055.192439728201
base_02,sarimax,2018-08-20 16:00:00,2018-08-20 17:00:00,5848.0,6442.694411126023,2018-08-20 16:00:00,-594.6944111260227
base_02,sarimax,2018-08-20 17:00:00,2018-08-20 18:00:00,4285.0,5828.504848330934,2018-08-20 17:00:00,-1543.5048483309338
base_02,sarimax,2018-08-20 18:00:00,2018-08-20 19:00:00,3231.0,4226.288432102758,2018-08-20 18:00:00,-995.2884321027577
base_02,sarimax,2018-08-20 19:00:00,2018-08-20 20:00:00,2726.0,3104.562431938302,2018-08-20 19:00:00,-378.56243193830187
base_02,sarimax,2018-08-20 20:00:00,2018-08-20 21:00:00,2240.0,2754.1160556821296,2018-08-20 20:00:00,-514.1160556821296
base_02,sarimax,2018-08-20 21:00:00,2018-08-20 22:00:00,1617.0,2381.24028685536,2018-08-20 21:00:00,-764.24028685536
base_02,sarimax,2018-08-20 22:00:00,2018-08-20 23:00:00,1005.0,1709.6737996669788,2018-08-20 22:00:00,-704.6737996669788
base_02,sarimax,2018-08-20 23:00:00,2018-08-21 00:00:00,659.0,1043.2867530303151,2018-08-20 23:00:00,-384.28675303031514
base_02,sarimax,2018-08-21 00:00:00,2018-08-21 01:00:00,416.0,702.6067447420281,2018-08-21 00:00:00,-286.6067447420281
base_02,sarimax,2018-08-21 01:00:00,2018-08-21 02:00:00,316.0,474.3574975880937,2018-08-21 01:00:00,-158.35749758809368
base_02,sarimax,2018-08-21 02:00:00,2018-08-21 03:00:00,336.0,356.31838628496513,2018-08-21 02:00:00,-20.31838628496513
base_02,sarimax,2018-08-21 03:00:00,2018-08-21 04:00:00,996.0,384.8710471679842,2018-08-21 03:00:00,611.1289528320158
base_02,sarimax,2018-08-21 04:00:00,2018-08-21 05:00:00,3136.0,1014.7508594430508,2018-08-21 04:00:00,2121.249140556949
base_02,sarimax,2018-08-21 05:00:00,2018-08-21 06:00:00,5701.0,3148.7202573045633,2018-08-21 05:00:00,2552.2797426954367
base_02,sarimax,2018-08-21 06:00:00,2018-08-21 07:00:00,6837.0,5690.951390115106,2018-08-21 06:00:00,1146.0486098848942
base_02,sarimax,2018-08-21 07:00:00,2018-08-21 08:00:00,6123.0,6766.60524936174,2018-08-21 07:00:00,-643.6052493617399
base_02,sarimax,2018-08-21 08:00:00,2018-08-21 09:00:00,5053.0,5904.4118633023845,2018-08-21 08:00:00,-851.4118633023845
base_02,sarimax,2018-08-21 09:00:00,2018-08-21 10:00:00,4540.0,4797.627226979577,2018-08-21 09:00:00,-257.62722697957724
base_02,sarimax,2018-08-21 10:00:00,2018-08-21 11:00:00,4652.0,4435.943708731404,2018-08-21 10:00:00,216.0562912685964
base_02,sarimax,2018-08-21 11:00:00,2018-08-21 12:00:00,4794.0,4735.899591646269,2018-08-21 11:00:00,58.10040835373093
base_02,sarimax,2018-08-21 12:00:00,2018-08-21 13:00:00,4762.0,4903.92044216461,2018-08-21 12:00:00,-141.92044216461
base_02,sarimax,2018-08-21 13:00:00,2018-08-21 14:00:00,4994.0,4821.236767351131,2018-08-21 13:00:00,172.76323264886923
base_02,sarimax,2018-08-21 14:00:00,2018-08-21 15:00:00,5660.0,5010.048839845542,2018-08-21 14:00:00,649.9511601544582
base_02,sarimax,2018-08-21 15:00:00,2018-08-21 16:00:00,6229.0,5661.885399957263,2018-08-21 15:00:00,567.114600042737
base_02,sarimax,2018-08-21 16:00:00,2018-08-21 17:00:00,5875.0,6246.592317726171,2018-08-21 16:00:00,-371.59231772617113
base_02,sarimax,2018-08-21 17:00:00,2018-08-21 18:00:00,4435.0,5852.000582012665,2018-08-21 17:00:00,-1417.0005820126653
base_02,sarimax,2018-08-21 18:00:00,2018-08-21 19:00:00,3410.0,4374.597307941379,2018-08-21 18:00:00,-964.5973079413789
base_02,sarimax,2018-08-21 19:00:00,2018-08-21 20:00:00,3003.0,3347.942704703628,2018-08-21 19:00:00,-344.9427047036279
base_02,sarimax,2018-08-21 20:00:00,2018-08-21 21:00:00,2504.0,3008.5525672373283,2018-08-21 20:00:00,-504.5525672373283
base_02,sarimax,2018-08-21 21:00:00,2018-08-21 22:00:00,1747.0,2602.2095446280264,2018-08-21 21:00:00,-855.2095446280264
base_02,sarimax,2018-08-21 22:00:00,2018-08-21 23:00:00,1117.0,1806.3148083582691,2018-08-21 22:00:00,-689.3148083582691
base_02,sarimax,2018-08-21 23:00:00,2018-08-22 00:00:00,635.0,1141.266272869773,2018-08-21 23:00:00,-506.26627286977305
base_02,sarimax,2018-08-22 00:00:00,2018-08-22 01:00:00,425.0,666.531596240877,2018-08-22 00:00:00,-241.53159624087698
base_02,sarimax,2018-08-22 01:00:00,2018-08-22 02:00:00,279.0,492.0990238067814,2018-08-22 01:00:00,-213.09902380678142
base_02,sarimax,2018-08-22 02:00:00,2018-08-22 03:00:00,393.0,340.46133700967397,2018-08-22 02:00:00,52.53866299032603
base_02,sarimax,2018-08-22 03:00:00,2018-08-22 04:00:00,994.0,428.59100981972813,2018-08-22 03:00:00,565.4089901802719
base_02,sarimax,2018-08-22 04:00:00,2018-08-22 05:00:00,3163.0,1001.7623805545214,2018-08-22 04:00:00,2161.2376194454787
base_02,sarimax,2018-08-22 05:00:00,2018-08-22 06:00:00,5766.0,3204.230956196504,2018-08-22 05:00:00,2561.769043803496
base_02,sarimax,2018-08-22 06:00:00,2018-08-22 07:00:00,6589.0,5712.715749200917,2018-08-22 06:00:00,876.2842507990827
base_02,sarimax,2018-08-22 07:00:00,2018-08-22 08:00:00,6056.0,6512.800349928927,2018-08-22 07:00:00,-456.80034992892706
base_02,sarimax,2018-08-22 08:00:00,2018-08-22 09:00:00,5116.0,5866.735670352499,2018-08-22 08:00:00,-750.7356703524993
base_02,sarimax,2018-08-22 09:00:00,2018-08-22 10:00:00,4583.0,4897.5618587999925,2018-08-22 09:00:00,-314.5618587999925
base_02,sarimax,2018-08-22 10:00:00,2018-08-22 11:00:00,4734.0,4558.73360818495,2018-08-22 10:00:00,175.26639181505016
base_02,sarimax,2018-08-22 11:00:00,2018-08-22 12:00:00,5043.0,4849.237480765372,2018-08-22 11:00:00,193.7625192346277
base_02,sarimax,2018-08-22 12:00:00,2018-08-22 13:00:00,4938.0,5192.8370926733005,2018-08-22 12:00:00,-254.8370926733005
base_02,sarimax,2018-08-22 13:00:00,2018-08-22 14:00:00,5216.0,5027.469878617924,2018-08-22 13:00:00,188.53012138207578
base_02,sarimax,2018-08-22 14:00:00,2018-08-22 15:00:00,5707.0,5213.372037322045,2018-08-22 14:00:00,493.6279626779551
base_02,sarimax,2018-08-22 15:00:00,2018-08-22 16:00:00,6470.0,5694.940759672784,2018-08-22 15:00:00,775.0592403272158
base_02,sarimax,2018-08-22 16:00:00,2018-08-22 17:00:00,5819.0,6491.334301452787,2018-08-22 16:00:00,-672.3343014527873
base_02,sarimax,2018-08-22 17:00:00,2018-08-22 18:00:00,4446.0,5795.564809465176,2018-08-22 17:00:00,-1349.564809465176
base_02,sarimax,2018-08-22 18:00:00,2018-08-22 19:00:00,3444.0,4389.18134634105,2018-08-22 18:00:00,-945.1813463410499
base_02,sarimax,2018-08-22 19:00:00,2018-08-22 20:00:00,3154.0,3348.882589443357,2018-08-22 19:00:00,-194.88258944335712
base_02,sarimax,2018-08-22 20:00:00,2018-08-22 21:00:00,2627.0,3185.306053423686,2018-08-22 20:00:00,-558.3060534236861
base_02,sarimax,2018-08-22 21:00:00,2018-08-22 22:00:00,1928.0,2703.6302194656732,2018-08-22 21:00:00,-775.6302194656732
base_02,sarimax,2018-08-22 22:00:00,2018-08-22 23:00:00,1169.0,1981.8992403427035,2018-08-22 22:00:00,-812.8992403427035
base_02,sarimax,2018-08-22 23:00:00,2018-08-23 00:00:00,596.0,1161.581177978758,2018-08-22 23:00:00,-565.581177978758
base_02,sarimax,2018-08-23 00:00:00,2018-08-23 01:00:00,402.0,634.6610698166476,2018-08-23 00:00:00,-232.66106981664757
base_02,sarimax,2018-08-23 01:00:00,2018-08-23 04:00:00,976.0,452.7633350623671,2018-08-23 01:00:00,523.2366649376329
base_02,sarimax,2018-08-23 04:00:00,2018-08-23 05:00:00,3163.0,1033.3941032557202,2018-08-23 04:00:00,2129.6058967442796
base_02,sarimax,2018-08-23 05:00:00,2018-08-23 06:00:00,5860.0,3214.768099092149,2018-08-23 05:00:00,2645.231900907851
base_02,sarimax,2018-08-23 06:00:00,2018-08-23 07:00:00,6815.0,5854.513978597718,2018-08-23 06:00:00,960.486021402282
base_02,sarimax,2018-08-23 07:00:00,2018-08-23 08:00:00,6162.0,6750.542610829866,2018-08-23 07:00:00,-588.5426108298661
base_02,sarimax,2018-08-23 08:00:00,2018-08-23 09:00:00,5583.0,5969.651497464114,2018-08-23 08:00:00,-386.6514974641141
base_02,sarimax,2018-08-23 09:00:00,2018-08-23 10:00:00,4837.0,5351.93892356008,2018-08-23 09:00:00,-514.9389235600802
base_02,sarimax,2018-08-23 10:00:00,2018-08-23 11:00:00,5015.0,4796.033956507227,2018-08-23 10:00:00,218.96604349277277
base_02,sarimax,2018-08-23 11:00:00,2018-08-23 12:00:00,5136.0,5133.516781578786,2018-08-23 11:00:00,2.483218421213678
base_02,sarimax,2018-08-23 12:00:00,2018-08-23 13:00:00,5051.0,5224.1933003007225,2018-08-23 12:00:00,-173.1933003007225
base_02,sarimax,2018-08-23 13:00:00,2018-08-23 14:00:00,5312.0,5156.0254926914085,2018-08-23 13:00:00,155.97450730859146
base_02,sarimax,2018-08-23 14:00:00,2018-08-23 15:00:00,5848.0,5313.551117142997,2018-08-23 14:00:00,534.4488828570029
base_02,sarimax,2018-08-23 15:00:00,2018-08-23 16:00:00,6586.0,5843.108440747674,2018-08-23 15:00:00,742.8915592523263
base_02,sarimax,2018-08-23 16:00:00,2018-08-23 17:00:00,5780.0,6602.97257015827,2018-08-23 16:00:00,-822.9725701582702
base_02,sarimax,2018-08-23 17:00:00,2018-08-23 18:00:00,4750.0,5743.099432881921,2018-08-23 17:00:00,-993.0994328819206
base_02,sarimax,2018-08-23 18:00:00,2018-08-23 19:00:00,3519.0,4687.648289503438,2018-08-23 18:00:00,-1168.6482895034378
base_02,sarimax,2018-08-23 19:00:00,2018-08-23 20:00:00,2996.0,3429.8501906533374,2018-08-23 19:00:00,-433.85019065333745
base_02,sarimax,2018-08-23 20:00:00,2018-08-23 21:00:00,2717.0,3066.5364808491927,2018-08-23 20:00:00,-349.5364808491927
base_02,sarimax,2018-08-23 21:00:00,2018-08-23 22:00:00,2107.0,2803.4462526043612,2018-08-23 21:00:00,-696.4462526043612
base_02,sarimax,2018-08-23 22:00:00,2018-08-23 23:00:00,1904.0,2224.9640936199385,2018-08-23 22:00:00,-320.96409361993847
base_02,sarimax,2018-08-23 23:00:00,2018-08-24 00:00:00,790.0,1959.9888600767354,2018-08-23 23:00:00,-1169.9888600767354
base_02,sarimax,2018-08-24 00:00:00,2018-08-24 01:00:00,505.0,804.8344422493619,2018-08-24 00:00:00,-299.8344422493619
base_02,sarimax,2018-08-24 01:00:00,2018-08-24 02:00:00,387.0,556.5307581897154,2018-08-24 01:00:00,-169.53075818971536
base_02,sarimax,2018-08-24 02:00:00,2018-08-24 03:00:00,424.0,391.53726177226133,2018-08-24 02:00:00,32.46273822773867
base_02,sarimax,2018-08-24 03:00:00,2018-08-24 04:00:00,916.0,529.347790247288,2018-08-24 03:00:00,386.652209752712
base_02,sarimax,2018-08-24 04:00:00,2018-08-24 05:00:00,2950.0,941.9833201307357,2018-08-24 04:00:00,2008.0166798692644
base_02,sarimax,2018-08-24 05:00:00,2018-08-24 06:00:00,5259.0,2952.702294967578,2018-08-24 05:00:00,2306.297705032422
base_02,sarimax,2018-08-24 06:00:00,2018-08-24 07:00:00,6243.0,5237.870985933834,2018-08-24 06:00:00,1005.1290140661658
base_02,sarimax,2018-08-24 07:00:00,2018-08-24 08:00:00,5687.0,6189.443125555211,2018-08-24 07:00:00,-502.4431255552108
base_02,sarimax,2018-08-24 08:00:00,2018-08-24 09:00:00,4971.0,5477.526251808653,2018-08-24 08:00:00,-506.5262518086529
base_02,sarimax,2018-08-24 09:00:00,2018-08-24 10:00:00,4539.0,4734.135934058996,2018-08-24 09:00:00,-195.1359340589961
base_02,sarimax,2018-08-24 10:00:00,2018-08-24 11:00:00,4391.0,4434.986862055039,2018-08-24 10:00:00,-43.98686205503873
base_02,sarimax,2018-08-24 11:00:00,2018-08-24 12:00:00,4971.0,4446.959320397917,2018-08-24 11:00:00,524.0406796020834
base_02,sarimax,2018-08-24 12:00:00,2018-08-24 13:00:00,5149.0,5045.4204086280215,2018-08-24 12:00:00,103.5795913719785
base_02,sarimax,2018-08-24 13:00:00,2018-08-24 14:00:00,5499.0,5199.824732485835,2018-08-24 13:00:00,299.17526751416517
base_02,sarimax,2018-08-24 14:00:00,2018-08-24 15:00:00,5879.0,5523.5745599874435,2018-08-24 14:00:00,355.42544001255646
base_02,sarimax,2018-08-24 15:00:00,2018-08-24 16:00:00,6088.0,5822.469883449777,2018-08-24 15:00:00,265.5301165502233
base_02,sarimax,2018-08-24 16:00:00,2018-08-24 17:00:00,5750.0,6063.121925832544,2018-08-24 16:00:00,-313.12192583254364
base_02,sarimax,2018-08-24 17:00:00,2018-08-24 18:00:00,4755.0,5719.284682550538,2018-08-24 17:00:00,-964.2846825505376
base_02,sarimax,2018-08-24 18:00:00,2018-08-24 19:00:00,3467.0,4722.53543518938,2018-08-24 18:00:00,-1255.5354351893802
base_02,sarimax,2018-08-24 19:00:00,2018-08-24 20:00:00,3076.0,3434.136694681466,2018-08-24 19:00:00,-358.136694681466
base_02,sarimax,2018-08-24 20:00:00,2018-08-24 21:00:00,3164.0,3105.6504787036783,2018-08-24 20:00:00,58.349521296321655
base_02,sarimax,2018-08-24 21:00:00,2018-08-24 22:00:00,2435.0,3250.301904268049,2018-08-24 21:00:00,-815.3019042680489
base_02,sarimax,2018-08-24 22:00:00,2018-08-24 23:00:00,1860.0,2563.0091059753704,2018-08-24 22:00:00,-703.0091059753704
base_02,sarimax,2018-08-24 23:00:00,2018-08-25 00:00:00,1089.0,1895.9753837607848,2018-08-24 23:00:00,-806.9753837607848
base_02,sarimax,2018-08-25 00:00:00,2018-08-25 01:00:00,725.0,1081.311457772969,2018-08-25 00:00:00,-356.3114577729691
base_02,sarimax,2018-08-25 01:00:00,2018-08-25 02:00:00,495.0,798.0486294564581,2018-08-25 01:00:00,-303.0486294564581
base_02,sarimax,2018-08-25 02:00:00,2018-08-25 03:00:00,366.0,553.1918232892269,2018-08-25 02:00:00,-187.19182328922693
base_02,sarimax,2018-08-25 03:00:00,2018-08-25 04:00:00,500.0,444.14325488713587,2018-08-25 03:00:00,55.85674511286413
base_02,sarimax,2018-08-25 04:00:00,2018-08-25 05:00:00,875.0,538.817307351754,2018-08-25 04:00:00,336.18269264824596
base_02,sarimax,2018-08-25 05:00:00,2018-08-25 06:00:00,1837.0,899.6334493876052,2018-08-25 05:00:00,937.3665506123948
base_02,sarimax,2018-08-25 06:00:00,2018-08-25 07:00:00,2672.0,1851.8350087748463,2018-08-25 06:00:00,820.1649912251537
base_02,sarimax,2018-08-25 07:00:00,2018-08-25 08:00:00,3503.0,2656.929391234182,2018-08-25 07:00:00,846.0706087658182
base_02,sarimax,2018-08-25 08:00:00,2018-08-25 09:00:00,4100.0,3465.577371448507,2018-08-25 08:00:00,634.4226285514928
base_02,sarimax,2018-08-25 09:00:00,2018-08-25 10:00:00,4509.0,4009.2702510668055,2018-08-25 09:00:00,499.7297489331945
base_02,sarimax,2018-08-25 10:00:00,2018-08-25 11:00:00,4647.0,4439.670335683071,2018-08-25 10:00:00,207.32966431692876
base_02,sarimax,2018-08-25 11:00:00,2018-08-25 12:00:00,4846.0,4582.23292512621,2018-08-25 11:00:00,263.7670748737901
base_02,sarimax,2018-08-25 12:00:00,2018-08-25 13:00:00,4585.0,4796.4416971113515,2018-08-25 12:00:00,-211.44169711135146
base_02,sarimax,2018-08-25 13:00:00,2018-08-25 14:00:00,4696.0,4564.765560604338,2018-08-25 13:00:00,131.23443939566187
base_02,sarimax,2018-08-25 14:00:00,2018-08-25 15:00:00,5015.0,4704.268805767131,2018-08-25 14:00:00,310.7311942328688
base_02,sarimax,2018-08-25 15:00:00,2018-08-25 16:00:00,4677.0,5002.12748259533,2018-08-25 15:00:00,-325.12748259532964
base_02,sarimax,2018-08-25 16:00:00,2018-08-25 17:00:00,4541.0,4733.467531777203,2018-08-25 16:00:00,-192.46753177720257
base_02,sarimax,2018-08-25 17:00:00,2018-08-25 18:00:00,3914.0,4538.806123596358,2018-08-25 17:00:00,-624.8061235963578
base_02,sarimax,2018-08-25 18:00:00,2018-08-25 19:00:00,3371.0,3879.515398439744,2018-08-25 18:00:00,-508.5153984397439
base_02,sarimax,2018-08-25 19:00:00,2018-08-25 20:00:00,3071.0,3393.1927004523923,2018-08-25 19:00:00,-322.1927004523923
base_02,sarimax,2018-08-25 20:00:00,2018-08-25 21:00:00,3156.0,3060.875535814253,2018-08-25 20:00:00,95.124464185747
base_02,sarimax,2018-08-25 21:00:00,2018-08-25 22:00:00,2713.0,3181.6418320588577,2018-08-25 21:00:00,-468.64183205885774
base_02,sarimax,2018-08-25 22:00:00,2018-08-25 23:00:00,2134.0,2733.7200687395193,2018-08-25 22:00:00,-599.7200687395193
base_02,sarimax,2018-08-25 23:00:00,2018-08-26 00:00:00,1375.0,2143.510743980337,2018-08-25 23:00:00,-768.5107439803369
base_02,sarimax,2018-08-26 00:00:00,2018-08-26 01:00:00,855.0,1355.0132452525015,2018-08-26 00:00:00,-500.0132452525015
base_02,sarimax,2018-08-26 01:00:00,2018-08-26 02:00:00,614.0,885.1613189943209,2018-08-26 01:00:00,-271.16131899432094
base_02,sarimax,2018-08-26 02:00:00,2018-08-26 03:00:00,382.0,670.7387620851118,2018-08-26 02:00:00,-288.73876208511183
base_02,sarimax,2018-08-26 03:00:00,2018-08-26 04:00:00,325.0,469.4391975609651,2018-08-26 03:00:00,-144.4391975609651
base_02,sarimax,2018-08-26 04:00:00,2018-08-26 05:00:00,551.0,386.4377996612178,2018-08-26 04:00:00,164.5622003387822
base_02,sarimax,2018-08-26 05:00:00,2018-08-26 06:00:00,1106.0,586.3054062143556,2018-08-26 05:00:00,519.6945937856444
base_02,sarimax,2018-08-26 06:00:00,2018-08-26 07:00:00,1657.0,1140.8189574250619,2018-08-26 06:00:00,516.1810425749381
base_02,sarimax,2018-08-26 07:00:00,2018-08-26 08:00:00,2467.0,1668.4787683828702,2018-08-26 07:00:00,798.5212316171298
base_02,sarimax,2018-08-26 08:00:00,2018-08-26 09:00:00,3408.0,2456.5936270425327,2018-08-26 08:00:00,951.4063729574673
base_02,sarimax,2018-08-26 09:00:00,2018-08-26 10:00:00,4017.0,3372.7567590922163,2018-08-26 09:00:00,644.2432409077837
base_02,sarimax,2018-08-26 10:00:00,2018-08-26 11:00:00,4394.0,3982.2942261094413,2018-08-26 10:00:00,411.7057738905587
base_02,sarimax,2018-08-26 11:00:00,2018-08-26 12:00:00,4638.0,4328.190452956376,2018-08-26 11:00:00,309.80954704362375
base_02,sarimax,2018-08-26 12:00:00,2018-08-26 13:00:00,4494.0,4555.671123437381,2018-08-26 12:00:00,-61.67112343738063
base_02,sarimax,2018-08-26 13:00:00,2018-08-26 14:00:00,4565.0,4467.862684814542,2018-08-26 13:00:00,97.13731518545774
base_02,sarimax,2018-08-26 14:00:00,2018-08-26 15:00:00,4289.0,4537.286463988111,2018-08-26 14:00:00,-248.28646398811088
base_02,sarimax,2018-08-26 15:00:00,2018-08-26 16:00:00,4259.0,4276.977341188243,2018-08-26 15:00:00,-17.977341188243372
base_02,sarimax,2018-08-26 16:00:00,2018-08-26 17:00:00,3998.0,4295.325975233194,2018-08-26 16:00:00,-297.3259752331942
base_02,sarimax,2018-08-26 17:00:00,2018-08-26 18:00:00,3688.0,4028.7441176594552,2018-08-26 17:00:00,-340.74411765945524
base_02,sarimax,2018-08-26 18:00:00,2018-08-26 19:00:00,3165.0,3699.9109657225017,2018-08-26 18:00:00,-534.9109657225017
base_02,sarimax,2018-08-26 19:00:00,2018-08-26 20:00:00,2840.0,3158.3443129386137,2018-08-26 19:00:00,-318.3443129386137
base_02,sarimax,2018-08-26 20:00:00,2018-08-26 21:00:00,2330.0,2839.6201939457806,2018-08-26 20:00:00,-509.62019394578056
base_02,sarimax,2018-08-26 21:00:00,2018-08-26 22:00:00,1913.0,2335.7183490447082,2018-08-26 21:00:00,-422.71834904470825
base_02,sarimax,2018-08-26 22:00:00,2018-08-26 23:00:00,1208.0,1960.7009898250074,2018-08-26 22:00:00,-752.7009898250074
base_02,sarimax,2018-08-26 23:00:00,2018-08-27 00:00:00,666.0,1226.5336337594142,2018-08-26 23:00:00,-560.5336337594142
base_02,sarimax,2018-08-27 00:00:00,2018-08-27 01:00:00,337.0,714.3636787198491,2018-08-27 00:00:00,-377.3636787198491
base_02,sarimax,2018-08-27 01:00:00,2018-08-27 02:00:00,292.0,378.9986328114799,2018-08-27 01:00:00,-86.99863281147992
base_02,sarimax,2018-08-27 02:00:00,2018-08-27 03:00:00,358.0,364.5727340938034,2018-08-27 02:00:00,-6.572734093803376
base_02,sarimax,2018-08-27 03:00:00,2018-08-27 04:00:00,933.0,401.95640740175656,2018-08-27 03:00:00,531.0435925982434
base_02,sarimax,2018-08-27 04:00:00,2018-08-27 05:00:00,3129.0,964.0624678882486,2018-08-27 04:00:00,2164.9375321117514
base_02,sarimax,2018-08-27 05:00:00,2018-08-27 06:00:00,5575.0,3139.5032485869815,2018-08-27 05:00:00,2435.4967514130185
base_02,sarimax,2018-08-27 06:00:00,2018-08-27 07:00:00,6493.0,5561.6194733924185,2018-08-27 06:00:00,931.3805266075815
base_02,sarimax,2018-08-27 07:00:00,2018-08-27 08:00:00,6125.0,6433.881549356957,2018-08-27 07:00:00,-308.8815493569573
base_02,sarimax,2018-08-27 08:00:00,2018-08-27 09:00:00,5094.0,5912.4455794921705,2018-08-27 08:00:00,-818.4455794921705
base_02,sarimax,2018-08-27 09:00:00,2018-08-27 10:00:00,4672.0,4860.310801466371,2018-08-27 09:00:00,-188.31080146637123
base_02,sarimax,2018-08-27 10:00:00,2018-08-27 11:00:00,4775.0,4593.894964265855,2018-08-27 10:00:00,181.10503573414462
base_02,sarimax,2018-08-27 11:00:00,2018-08-27 12:00:00,4880.0,4834.734106367111,2018-08-27 11:00:00,45.26589363288895
base_02,sarimax,2018-08-27 12:00:00,2018-08-27 13:00:00,4890.0,4991.999981248782,2018-08-27 12:00:00,-101.9999812487822
base_02,sarimax,2018-08-27 13:00:00,2018-08-27 14:00:00,5048.0,4940.190694955646,2018-08-27 13:00:00,107.809305044354
base_02,sarimax,2018-08-27 14:00:00,2018-08-27 15:00:00,5661.0,5042.586239210617,2018-08-27 14:00:00,618.4137607893826
base_02,sarimax,2018-08-27 15:00:00,2018-08-27 16:00:00,6535.0,5654.667726612796,2018-08-27 15:00:00,880.3322733872037
base_02,sarimax,2018-08-27 16:00:00,2018-08-27 17:00:00,5298.0,6540.706967833684,2018-08-27 16:00:00,-1242.7069678336838
base_02,sarimax,2018-08-27 17:00:00,2018-08-27 18:00:00,3629.0,5275.6160733252855,2018-08-27 17:00:00,-1646.6160733252855
base_02,sarimax,2018-08-27 18:00:00,2018-08-27 19:00:00,2922.0,3505.169028417963,2018-08-27 18:00:00,-583.1690284179631
base_02,sarimax,2018-08-27 19:00:00,2018-08-27 20:00:00,2536.0,2768.962338073036,2018-08-27 19:00:00,-232.96233807303588
base_02,sarimax,2018-08-27 20:00:00,2018-08-27 21:00:00,2139.0,2649.497762399212,2018-08-27 20:00:00,-510.4977623992122
base_02,sarimax,2018-08-27 21:00:00,2018-08-27 22:00:00,1503.0,2293.3339872430665,2018-08-27 21:00:00,-790.3339872430665
base_02,sarimax,2018-08-27 22:00:00,2018-08-27 23:00:00,1014.0,1563.1035387650836,2018-08-27 22:00:00,-549.1035387650836
base_02,sarimax,2018-08-27 23:00:00,2018-08-28 00:00:00,576.0,1040.076282931311,2018-08-27 23:00:00,-464.07628293131097
base_02,sarimax,2018-08-28 00:00:00,2018-08-28 01:00:00,364.0,601.3803605330091,2018-08-28 00:00:00,-237.38036053300914
base_02,sarimax,2018-08-28 01:00:00,2018-08-28 02:00:00,234.0,416.1308752054191,2018-08-28 01:00:00,-182.1308752054191
base_02,sarimax,2018-08-28 02:00:00,2018-08-28 03:00:00,367.0,277.1337937156056,2018-08-28 02:00:00,89.86620628439442
base_02,sarimax,2018-08-28 03:00:00,2018-08-28 04:00:00,986.0,408.64941732606803,2018-08-28 03:00:00,577.350582673932
base_02,sarimax,2018-08-28 04:00:00,2018-08-28 05:00:00,3161.0,1002.715341149744,2018-08-28 04:00:00,2158.284658850256
base_02,sarimax,2018-08-28 05:00:00,2018-08-28 06:00:00,5611.0,3169.9445697112615,2018-08-28 05:00:00,2441.0554302887385
base_02,sarimax,2018-08-28 06:00:00,2018-08-28 07:00:00,6147.0,5587.982394812565,2018-08-28 06:00:00,559.017605187435
base_02,sarimax,2018-08-28 07:00:00,2018-08-28 08:00:00,5692.0,6075.642889866008,2018-08-28 07:00:00,-383.64288986600786
base_02,sarimax,2018-08-28 08:00:00,2018-08-28 09:00:00,5153.0,5467.680793593424,2018-08-28 08:00:00,-314.6807935934239
base_02,sarimax,2018-08-28 09:00:00,2018-08-28 10:00:00,4624.0,4904.445475784107,2018-08-28 09:00:00,-280.44547578410675
base_02,sarimax,2018-08-28 10:00:00,2018-08-28 11:00:00,4678.0,4570.822841087766,2018-08-28 10:00:00,107.17715891223361
base_02,sarimax,2018-08-28 11:00:00,2018-08-28 12:00:00,4954.0,4735.7279623961795,2018-08-28 11:00:00,218.27203760382054
base_02,sarimax,2018-08-28 12:00:00,2018-08-28 13:00:00,5032.0,5010.389207316656,2018-08-28 12:00:00,21.61079268334379
base_02,sarimax,2018-08-28 13:00:00,2018-08-28 14:00:00,5273.0,5088.584389714727,2018-08-28 13:00:00,184.41561028527303
base_02,sarimax,2018-08-28 14:00:00,2018-08-28 15:00:00,5865.0,5271.171649641022,2018-08-28 14:00:00,593.8283503589782
base_02,sarimax,2018-08-28 15:00:00,2018-08-28 16:00:00,6657.0,5842.268387416137,2018-08-28 15:00:00,814.7316125838634
base_02,sarimax,2018-08-28 16:00:00,2018-08-28 17:00:00,5716.0,6652.517653886573,2018-08-28 16:00:00,-936.5176538865726
base_02,sarimax,2018-08-28 17:00:00,2018-08-28 18:00:00,4363.0,5694.032949266864,2018-08-28 17:00:00,-1331.0329492668643
base_02,sarimax,2018-08-28 18:00:00,2018-08-28 19:00:00,3406.0,4303.083844772097,2018-08-28 18:00:00,-897.0838447720971
base_02,sarimax,2018-08-28 19:00:00,2018-08-28 20:00:00,2896.0,3317.7322141130485,2018-08-28 19:00:00,-421.7322141130485
base_02,sarimax,2018-08-28 20:00:00,2018-08-28 21:00:00,2576.0,2982.8405294335653,2018-08-28 20:00:00,-406.8405294335653
base_02,sarimax,2018-08-28 21:00:00,2018-08-28 22:00:00,1733.0,2702.694352571706,2018-08-28 21:00:00,-969.6943525717061
base_02,sarimax,2018-08-28 22:00:00,2018-08-28 23:00:00,1153.0,1816.4986110588977,2018-08-28 22:00:00,-663.4986110588977
base_02,sarimax,2018-08-28 23:00:00,2018-08-29 00:00:00,623.0,1192.3505689664707,2018-08-28 23:00:00,-569.3505689664707
base_02,sarimax,2018-08-29 00:00:00,2018-08-29 01:00:00,335.0,639.0724323095427,2018-08-29 00:00:00,-304.0724323095427
base_02,sarimax,2018-08-29 01:00:00,2018-08-29 02:00:00,299.0,402.7543185339664,2018-08-29 01:00:00,-103.7543185339664
base_02,sarimax,2018-08-29 02:00:00,2018-08-29 03:00:00,372.0,338.48481003685083,2018-08-29 02:00:00,33.51518996314917
base_02,sarimax,2018-08-29 03:00:00,2018-08-29 04:00:00,981.0,418.93983398055946,2018-08-29 03:00:00,562.0601660194405
base_02,sarimax,2018-08-29 04:00:00,2018-08-29 05:00:00,3103.0,998.2745378998736,2018-08-29 04:00:00,2104.7254621001266
base_02,sarimax,2018-08-29 05:00:00,2018-08-29 06:00:00,5902.0,3104.6923538287833,2018-08-29 05:00:00,2797.3076461712167
base_02,sarimax,2018-08-29 06:00:00,2018-08-29 07:00:00,6775.0,5881.880686461476,2018-08-29 06:00:00,893.1193135385238
base_02,sarimax,2018-08-29 07:00:00,2018-08-29 08:00:00,6164.0,6704.281182584716,2018-08-29 07:00:00,-540.2811825847157
base_02,sarimax,2018-08-29 08:00:00,2018-08-29 09:00:00,5421.0,5963.52790988644,2018-08-29 08:00:00,-542.5279098864403
base_02,sarimax,2018-08-29 09:00:00,2018-08-29 10:00:00,4871.0,5157.561622200021,2018-08-29 09:00:00,-286.5616222000208
base_02,sarimax,2018-08-29 10:00:00,2018-08-29 11:00:00,4969.0,4819.67502712554,2018-08-29 10:00:00,149.3249728744604
base_02,sarimax,2018-08-29 11:00:00,2018-08-29 12:00:00,5134.0,5061.3696152648545,2018-08-29 11:00:00,72.63038473514553
base_02,sarimax,2018-08-29 12:00:00,2018-08-29 13:00:00,4999.0,5231.745165734422,2018-08-29 12:00:00,-232.7451657344218
base_02,sarimax,2018-08-29 13:00:00,2018-08-29 14:00:00,5349.0,5071.008595476079,2018-08-29 13:00:00,277.9914045239211
base_02,sarimax,2018-08-29 14:00:00,2018-08-29 15:00:00,5814.0,5363.992401250899,2018-08-29 14:00:00,450.0075987491009
base_02,sarimax,2018-08-29 15:00:00,2018-08-29 16:00:00,6578.0,5816.299946802972,2018-08-29 15:00:00,761.700053197028
base_02,sarimax,2018-08-29 16:00:00,2018-08-29 17:00:00,5860.0,6614.077578907418,2018-08-29 16:00:00,-754.0775789074178
base_02,sarimax,2018-08-29 17:00:00,2018-08-29 18:00:00,4554.0,5824.522154481094,2018-08-29 17:00:00,-1270.5221544810938
base_02,sarimax,2018-08-29 18:00:00,2018-08-29 19:00:00,3487.0,4511.759678568473,2018-08-29 18:00:00,-1024.7596785684727
base_02,sarimax,2018-08-29 19:00:00,2018-08-29 20:00:00,3205.0,3399.9624325119353,2018-08-29 19:00:00,-194.96243251193528
base_02,sarimax,2018-08-29 20:00:00,2018-08-29 21:00:00,2800.0,3248.033314030574,2018-08-29 20:00:00,-448.0333140305738
base_02,sarimax,2018-08-29 21:00:00,2018-08-29 22:00:00,2106.0,2877.320386089193,2018-08-29 21:00:00,-771.3203860891931
base_02,sarimax,2018-08-29 22:00:00,2018-08-29 23:00:00,1272.0,2185.7888214332443,2018-08-29 22:00:00,-913.7888214332443
base_02,sarimax,2018-08-29 23:00:00,2018-08-30 00:00:00,670.0,1279.7502211035235,2018-08-29 23:00:00,-609.7502211035235
base_02,sarimax,2018-08-30 00:00:00,2018-08-30 01:00:00,456.0,701.1805289868283,2018-08-30 00:00:00,-245.18052898682834
base_02,sarimax,2018-08-30 01:00:00,2018-08-30 02:00:00,326.0,507.1447043479126,2018-08-30 01:00:00,-181.14470434791258
base_02,sarimax,2018-08-30 02:00:00,2018-08-30 03:00:00,388.0,404.9880615280365,2018-08-30 02:00:00,-16.988061528036496
base_02,sarimax,2018-08-30 03:00:00,2018-08-30 04:00:00,1008.0,447.40844607230974,2018-08-30 03:00:00,560.5915539276903
base_02,sarimax,2018-08-30 04:00:00,2018-08-30 05:00:00,3070.0,1032.5090684042543,2018-08-30 04:00:00,2037.4909315957457
base_02,sarimax,2018-08-30 05:00:00,2018-08-30 06:00:00,5886.0,3080.275840132147,2018-08-30 05:00:00,2805.724159867853
base_02,sarimax,2018-08-30 06:00:00,2018-08-30 07:00:00,6466.0,5875.814344571649,2018-08-30 06:00:00,590.1856554283513
base_02,sarimax,2018-08-30 07:00:00,2018-08-30 08:00:00,5995.0,6402.1978643930015,2018-08-30 07:00:00,-407.1978643930015
base_02,sarimax,2018-08-30 08:00:00,2018-08-30 09:00:00,5467.0,5800.6400408399595,2018-08-30 08:00:00,-333.6400408399595
base_02,sarimax,2018-08-30 09:00:00,2018-08-30 10:00:00,4911.0,5224.238022363471,2018-08-30 09:00:00,-313.2380223634709
base_02,sarimax,2018-08-30 10:00:00,2018-08-30 11:00:00,5095.0,4893.998936281301,2018-08-30 10:00:00,201.0010637186988
base_02,sarimax,2018-08-30 11:00:00,2018-08-30 12:00:00,5308.0,5188.919142890514,2018-08-30 11:00:00,119.0808571094858
base_02,sarimax,2018-08-30 12:00:00,2018-08-30 13:00:00,5213.0,5390.38124406623,2018-08-30 12:00:00,-177.38124406622956
base_02,sarimax,2018-08-30 13:00:00,2018-08-30 14:00:00,5680.0,5291.415648337892,2018-08-30 13:00:00,388.584351662108
base_02,sarimax,2018-08-30 14:00:00,2018-08-30 15:00:00,6238.0,5684.488019139685,2018-08-30 14:00:00,553.5119808603149
base_02,sarimax,2018-08-30 15:00:00,2018-08-30 16:00:00,6453.0,6237.128754429606,2018-08-30 15:00:00,215.87124557039442
base_02,sarimax,2018-08-30 16:00:00,2018-08-30 17:00:00,5775.0,6477.804318480517,2018-08-30 16:00:00,-702.8043184805174
base_02,sarimax,2018-08-30 17:00:00,2018-08-30 18:00:00,4531.0,5731.664474746076,2018-08-30 17:00:00,-1200.664474746076
base_02,sarimax,2018-08-30 18:00:00,2018-08-30 19:00:00,3884.0,4471.6927179073355,2018-08-30 18:00:00,-587.6927179073355
base_02,sarimax,2018-08-30 19:00:00,2018-08-30 20:00:00,3332.0,3846.18014510094,2018-08-30 19:00:00,-514.1801451009401
base_02,sarimax,2018-08-30 20:00:00,2018-08-30 21:00:00,3049.0,3389.712958253975,2018-08-30 20:00:00,-340.7129582539751
base_02,sarimax,2018-08-30 21:00:00,2018-08-30 22:00:00,2221.0,3170.265118645116,2018-08-30 21:00:00,-949.2651186451162
base_02,sarimax,2018-08-30 22:00:00,2018-08-30 23:00:00,1396.0,2282.519238379542,2018-08-30 22:00:00,-886.519238379542
base_02,sarimax,2018-08-30 23:00:00,2018-08-31 00:00:00,764.0,1446.747507244265,2018-08-30 23:00:00,-682.7475072442651
base_02,sarimax,2018-08-31 00:00:00,2018-08-31 01:00:00,456.0,788.2989689629718,2018-08-31 00:00:00,-332.2989689629718
base_02,sarimax,2018-08-31 01:00:00,2018-08-31 02:00:00,358.0,537.3982106384194,2018-08-31 01:00:00,-179.3982106384194
base_02,sarimax,2018-08-31 02:00:00,2018-08-31 03:00:00,378.0,440.9521195595613,2018-08-31 02:00:00,-62.95211955956131
base_02,sarimax,2018-08-31 03:00:00,2018-08-31 04:00:00,851.0,432.4539807204312,2018-08-31 03:00:00,418.5460192795688
base_02,sarimax,2018-08-31 04:00:00,2018-08-31 05:00:00,2754.0,868.7840364941616,2018-08-31 04:00:00,1885.2159635058383
base_02,sarimax,2018-08-31 05:00:00,2018-08-31 06:00:00,5200.0,2766.5977275084615,2018-08-31 05:00:00,2433.4022724915385
base_02,sarimax,2018-08-31 06:00:00,2018-08-31 07:00:00,6270.0,5208.506242167442,2018-08-31 06:00:00,1061.493757832558
base_02,sarimax,2018-08-31 07:00:00,2018-08-31 08:00:00,5687.0,6216.058287659464,2018-08-31 07:00:00,-529.0582876594644
base_02,sarimax,2018-08-31 08:00:00,2018-08-31 09:00:00,5328.0,5493.26085647441,2018-08-31 08:00:00,-165.2608564744096
base_02,sarimax,2018-08-31 09:00:00,2018-08-31 10:00:00,5102.0,5086.119249555273,2018-08-31 09:00:00,15.8807504447268
base_02,sarimax,2018-08-31 10:00:00,2018-08-31 11:00:00,5359.0,5017.461959787207,2018-08-31 10:00:00,341.538040212793
base_02,sarimax,2018-08-31 11:00:00,2018-08-31 12:00:00,5587.0,5442.387265053938,2018-08-31 11:00:00,144.61273494606212
base_02,sarimax,2018-08-31 12:00:00,2018-08-31 13:00:00,5400.0,5620.65000881436,2018-08-31 12:00:00,-220.65000881436026
base_02,sarimax,2018-08-31 13:00:00,2018-08-31 14:00:00,5705.0,5433.11977811657,2018-08-31 13:00:00,271.88022188342984
base_02,sarimax,2018-08-31 14:00:00,2018-08-31 15:00:00,5998.0,5724.122187783851,2018-08-31 14:00:00,273.8778122161493
base_02,sarimax,2018-08-31 15:00:00,2018-08-31 16:00:00,5925.0,5997.6127439483735,2018-08-31 15:00:00,-72.61274394837346
base_02,sarimax,2018-08-31 16:00:00,2018-08-31 17:00:00,5418.0,5961.851984645548,2018-08-31 16:00:00,-543.8519846455483
base_02,sarimax,2018-08-31 17:00:00,2018-08-31 18:00:00,4935.0,5380.060112688098,2018-08-31 17:00:00,-445.06011268809834
base_02,sarimax,2018-08-31 18:00:00,2018-08-31 19:00:00,3945.0,4901.402922572246,2018-08-31 18:00:00,-956.4029225722461
base_02,sarimax,2018-08-31 19:00:00,2018-08-31 20:00:00,3233.0,3935.8353780327225,2018-08-31 19:00:00,-702.8353780327225
base_02,sarimax,2018-08-31 20:00:00,2018-08-31 21:00:00,2910.0,3266.5988857918856,2018-08-31 20:00:00,-356.59888579188555
base_02,sarimax,2018-08-31 21:00:00,2018-08-31 22:00:00,2830.0,2938.3034773746585,2018-08-31 21:00:00,-108.30347737465854
base_02,sarimax,2018-08-31 22:00:00,2018-08-31 23:00:00,2147.0,2921.134405468394,2018-08-31 22:00:00,-774.1344054683941
base_02,sarimax,2018-08-31 23:00:00,2018-09-01 00:00:00,1335.0,2212.841620921089,2018-08-31 23:00:00,-877.8416209210891
base_02,sarimax,2018-09-01 00:00:00,2018-09-01 01:00:00,785.0,1357.828126313744,2018-09-01 00:00:00,-572.828126313744
base_02,sarimax,2018-09-01 01:00:00,2018-09-01 02:00:00,569.0,774.5283217644096,2018-09-01 01:00:00,-205.5283217644096
base_02,sarimax,2018-09-01 02:00:00,2018-09-01 03:00:00,425.0,632.3525462766459,2018-09-01 02:00:00,-207.35254627664585
base_02,sarimax,2018-09-01 03:00:00,2018-09-01 04:00:00,419.0,507.5304444753507,2018-09-01 03:00:00,-88.53044447535069
base_02,sarimax,2018-09-01 04:00:00,2018-09-01 05:00:00,741.0,470.2538632742615,2018-09-01 04:00:00,270.7461367257385
base_02,sarimax,2018-09-01 05:00:00,2018-09-01 06:00:00,1529.0,757.0587753525724,2018-09-01 05:00:00,771.9412246474276
base_02,sarimax,2018-09-01 06:00:00,2018-09-01 07:00:00,2477.0,1541.3857825830914,2018-09-01 06:00:00,935.6142174169086
base_02,sarimax,2018-09-01 07:00:00,2018-09-01 08:00:00,3476.0,2475.958141163726,2018-09-01 07:00:00,1000.0418588362741
base_02,sarimax,2018-09-01 08:00:00,2018-09-01 09:00:00,4212.0,3442.4285870595168,2018-09-01 08:00:00,769.5714129404832
base_02,sarimax,2018-09-01 09:00:00,2018-09-01 10:00:00,4578.0,4141.024347746248,2018-09-01 09:00:00,436.97565225375183
base_02,sarimax,2018-09-01 10:00:00,2018-09-01 11:00:00,4897.0,4497.7256608559865,2018-09-01 10:00:00,399.27433914401354
base_02,sarimax,2018-09-01 11:00:00,2018-09-01 12:00:00,4854.0,4817.377883245343,2018-09-01 11:00:00,36.62211675465733
base_02,sarimax,2018-09-01 12:00:00,2018-09-01 13:00:00,4972.0,4806.0312804061705,2018-09-01 12:00:00,165.96871959382952
base_02,sarimax,2018-09-01 13:00:00,2018-09-01 14:00:00,5056.0,4957.491792051359,2018-09-01 13:00:00,98.50820794864103
base_02,sarimax,2018-09-01 14:00:00,2018-09-01 15:00:00,4719.0,5045.009015765905,2018-09-01 14:00:00,-326.00901576590513
base_02,sarimax,2018-09-01 15:00:00,2018-09-01 16:00:00,4649.0,4745.21887688258,2018-09-01 15:00:00,-96.21887688257993
base_02,sarimax,2018-09-01 16:00:00,2018-09-01 17:00:00,4622.0,4650.0267418677095,2018-09-01 16:00:00,-28.02674186770946
base_02,sarimax,2018-09-01 17:00:00,2018-09-01 18:00:00,4261.0,4625.940140474259,2018-09-01 17:00:00,-364.94014047425935
base_02,sarimax,2018-09-01 18:00:00,2018-09-01 19:00:00,3518.0,4287.190864820074,2018-09-01 18:00:00,-769.1908648200742
base_02,sarimax,2018-09-01 19:00:00,2018-09-01 20:00:00,3196.0,3514.8585922025222,2018-09-01 19:00:00,-318.85859220252223
base_02,sarimax,2018-09-01 20:00:00,2018-09-01 21:00:00,2880.0,3154.548041337165,2018-09-01 20:00:00,-274.54804133716516
base_02,sarimax,2018-09-01 21:00:00,2018-09-01 22:00:00,2815.0,2862.9707427136173,2018-09-01 21:00:00,-47.970742713617256
base_02,sarimax,2018-09-01 22:00:00,2018-09-01 23:00:00,1945.0,2873.9193197926556,2018-09-01 22:00:00,-928.9193197926556
base_02,sarimax,2018-09-01 23:00:00,2018-09-02 00:00:00,1273.0,1965.2998520979104,2018-09-01 23:00:00,-692.2998520979104
base_02,sarimax,2018-09-02 00:00:00,2018-09-02 01:00:00,801.0,1295.35976962371,2018-09-02 00:00:00,-494.35976962371
base_02,sarimax,2018-09-02 01:00:00,2018-09-02 02:00:00,565.0,796.9503555149572,2018-09-02 01:00:00,-231.9503555149572
base_02,sarimax,2018-09-02 02:00:00,2018-09-02 03:00:00,386.0,652.9251789437924,2018-09-02 02:00:00,-266.9251789437924
base_02,sarimax,2018-09-02 03:00:00,2018-09-02 04:00:00,316.0,455.68951743383957,2018-09-02 03:00:00,-139.68951743383957
base_02,sarimax,2018-09-02 04:00:00,2018-09-02 05:00:00,532.0,363.5352809656173,2018-09-02 04:00:00,168.4647190343827
base_02,sarimax,2018-09-02 05:00:00,2018-09-02 06:00:00,1003.0,568.2699171201193,2018-09-02 05:00:00,434.7300828798807
base_02,sarimax,2018-09-02 06:00:00,2018-09-02 07:00:00,1607.0,1019.5949658858344,2018-09-02 06:00:00,587.4050341141656
base_02,sarimax,2018-09-02 07:00:00,2018-09-02 08:00:00,2334.0,1606.0887492264287,2018-09-02 07:00:00,727.9112507735713
base_02,sarimax,2018-09-02 08:00:00,2018-09-02 09:00:00,2929.0,2306.0984355018372,2018-09-02 08:00:00,622.9015644981628
base_02,sarimax,2018-09-02 09:00:00,2018-09-02 10:00:00,3571.0,2881.078617515184,2018-09-02 09:00:00,689.9213824848161
base_02,sarimax,2018-09-02 10:00:00,2018-09-02 11:00:00,4040.0,3496.617159130769,2018-09-02 10:00:00,543.3828408692311
base_02,sarimax,2018-09-02 11:00:00,2018-09-02 12:00:00,4549.0,3974.1613263453073,2018-09-02 11:00:00,574.8386736546927
base_02,sarimax,2018-09-02 12:00:00,2018-09-02 13:00:00,4414.0,4499.023625076139,2018-09-02 12:00:00,-85.02362507613907
base_02,sarimax,2018-09-02 13:00:00,2018-09-02 14:00:00,4299.0,4362.119484560341,2018-09-02 13:00:00,-63.119484560341334
base_02,sarimax,2018-09-02 14:00:00,2018-09-02 15:00:00,4330.0,4285.971741883305,2018-09-02 14:00:00,44.028258116694815
base_02,sarimax,2018-09-02 15:00:00,2018-09-02 16:00:00,4197.0,4305.602127537811,2018-09-02 15:00:00,-108.6021275378107
base_02,sarimax,2018-09-02 16:00:00,2018-09-02 17:00:00,3833.0,4227.8462303755905,2018-09-02 16:00:00,-394.8462303755905
base_02,sarimax,2018-09-02 17:00:00,2018-09-02 18:00:00,3601.0,3857.5913767252523,2018-09-02 17:00:00,-256.5913767252523
base_02,sarimax,2018-09-02 18:00:00,2018-09-02 19:00:00,3098.0,3593.264166951383,2018-09-02 18:00:00,-495.2641669513828
base_02,sarimax,2018-09-02 19:00:00,2018-09-02 20:00:00,3115.0,3100.878009909359,2018-09-02 19:00:00,14.121990090640793
base_02,sarimax,2018-09-02 20:00:00,2018-09-02 21:00:00,2669.0,3118.6280354046366,2018-09-02 20:00:00,-449.62803540463665
base_02,sarimax,2018-09-02 21:00:00,2018-09-02 22:00:00,2066.0,2659.414836033465,2018-09-02 21:00:00,-593.4148360334648
base_02,sarimax,2018-09-02 22:00:00,2018-09-02 23:00:00,1475.0,2084.253752704226,2018-09-02 22:00:00,-609.2537527042259
base_02,sarimax,2018-09-02 23:00:00,2018-09-03 00:00:00,962.0,1451.2289651752274,2018-09-02 23:00:00,-489.22896517522736
base_02,sarimax,2018-09-03 00:00:00,2018-09-03 01:00:00,694.0,996.0819903024095,2018-09-03 00:00:00,-302.0819903024095
base_02,sarimax,2018-09-03 01:00:00,2018-09-03 02:00:00,421.0,736.6013492099177,2018-09-03 01:00:00,-315.60134920991766
base_02,sarimax,2018-09-03 02:00:00,2018-09-03 03:00:00,310.0,480.17379890268035,2018-09-03 02:00:00,-170.17379890268035
base_02,sarimax,2018-09-03 03:00:00,2018-09-03 04:00:00,325.0,358.34115420915816,2018-09-03 03:00:00,-33.34115420915816
base_02,sarimax,2018-09-03 04:00:00,2018-09-03 05:00:00,590.0,350.88352160989837,2018-09-03 04:00:00,239.11647839010163
base_02,sarimax,2018-09-03 05:00:00,2018-09-03 06:00:00,1141.0,614.1918429618986,2018-09-03 05:00:00,526.8081570381014
base_02,sarimax,2018-09-03 06:00:00,2018-09-03 07:00:00,1556.0,1158.2520158669715,2018-09-03 06:00:00,397.74798413302847
base_02,sarimax,2018-09-03 07:00:00,2018-09-03 08:00:00,1995.0,1551.1961778651691,2018-09-03 07:00:00,443.80382213483085
base_02,sarimax,2018-09-03 08:00:00,2018-09-03 09:00:00,2524.0,1971.7453607961388,2018-09-03 08:00:00,552.2546392038612
base_02,sarimax,2018-09-03 09:00:00,2018-09-03 10:00:00,3050.0,2481.343396173477,2018-09-03 09:00:00,568.6566038265232
base_02,sarimax,2018-09-03 10:00:00,2018-09-03 11:00:00,3616.0,3031.635166269269,2018-09-03 10:00:00,584.3648337307309
base_02,sarimax,2018-09-03 11:00:00,2018-09-03 12:00:00,3901.0,3592.6636244165206,2018-09-03 11:00:00,308.33637558347937
base_02,sarimax,2018-09-03 12:00:00,2018-09-03 13:00:00,4110.0,3867.128541801751,2018-09-03 12:00:00,242.871458198249
base_02,sarimax,2018-09-03 13:00:00,2018-09-03 14:00:00,4446.0,4077.680383029232,2018-09-03 13:00:00,368.31961697076804
base_02,sarimax,2018-09-03 14:00:00,2018-09-03 15:00:00,4411.0,4386.8772205753685,2018-09-03 14:00:00,24.122779424631517
base_02,sarimax,2018-09-03 15:00:00,2018-09-03 16:00:00,4017.0,4385.216919732268,2018-09-03 15:00:00,-368.21691973226825
base_02,sarimax,2018-09-03 16:00:00,2018-09-03 17:00:00,3900.0,3999.823592935268,2018-09-03 16:00:00,-99.82359293526815
base_02,sarimax,2018-09-03 17:00:00,2018-09-03 18:00:00,3487.0,3864.3404291633783,2018-09-03 17:00:00,-377.3404291633783
base_02,sarimax,2018-09-03 18:00:00,2018-09-03 19:00:00,3006.0,3482.9554407263204,2018-09-03 18:00:00,-476.9554407263204
base_02,sarimax,2018-09-03 19:00:00,2018-09-03 20:00:00,2627.0,3026.950943815281,2018-09-03 19:00:00,-399.9509438152809
base_02,sarimax,2018-09-03 20:00:00,2018-09-03 21:00:00,2081.0,2630.1345331832285,2018-09-03 20:00:00,-549.1345331832285
base_02,sarimax,2018-09-03 21:00:00,2018-09-03 22:00:00,1588.0,2122.6672450827964,2018-09-03 21:00:00,-534.6672450827964
base_02,sarimax,2018-09-03 22:00:00,2018-09-03 23:00:00,1012.0,1630.3610079767354,2018-09-03 22:00:00,-618.3610079767354
base_02,sarimax,2018-09-03 23:00:00,2018-09-04 00:00:00,528.0,1048.2850264130059,2018-09-03 23:00:00,-520.2850264130059
base_02,sarimax,2018-09-04 00:00:00,2018-09-04 01:00:00,321.0,580.2800043720459,2018-09-04 00:00:00,-259.28000437204594
base_02,sarimax,2018-09-04 01:00:00,2018-09-04 02:00:00,254.0,371.36180615621487,2018-09-04 01:00:00,-117.36180615621487
base_02,sarimax,2018-09-04 02:00:00,2018-09-04 03:00:00,332.0,311.67093881715044,2018-09-04 02:00:00,20.329061182849557
base_02,sarimax,2018-09-04 03:00:00,2018-09-04 04:00:00,901.0,382.83326859917213,2018-09-04 03:00:00,518.1667314008279
base_02,sarimax,2018-09-04 04:00:00,2018-09-04 05:00:00,2863.0,921.9586949734664,2018-09-04 04:00:00,1941.0413050265336
base_02,sarimax,2018-09-04 05:00:00,2018-09-04 06:00:00,5280.0,2868.845941384197,2018-09-04 05:00:00,2411.154058615803
base_02,sarimax,2018-09-04 06:00:00,2018-09-04 07:00:00,6379.0,5271.098884466814,2018-09-04 06:00:00,1107.9011155331864
base_02,sarimax,2018-09-04 07:00:00,2018-09-04 08:00:00,5856.0,6316.253200956235,2018-09-04 07:00:00,-460.25320095623465
base_02,sarimax,2018-09-04 08:00:00,2018-09-04 09:00:00,5242.0,5656.165801208615,2018-09-04 08:00:00,-414.16580120861545
base_02,sarimax,2018-09-04 09:00:00,2018-09-04 10:00:00,4403.0,5000.342680993795,2018-09-04 09:00:00,-597.3426809937946
base_02,sarimax,2018-09-04 10:00:00,2018-09-04 11:00:00,4477.0,4297.081172690488,2018-09-04 10:00:00,179.91882730951238
base_02,sarimax,2018-09-04 11:00:00,2018-09-04 12:00:00,4583.0,4540.395399611834,2018-09-04 11:00:00,42.604600388165636
base_02,sarimax,2018-09-04 12:00:00,2018-09-04 13:00:00,4652.0,4659.000190122215,2018-09-04 12:00:00,-7.000190122214917
base_02,sarimax,2018-09-04 13:00:00,2018-09-04 14:00:00,4785.0,4749.005869564056,2018-09-04 13:00:00,35.99413043594359
base_02,sarimax,2018-09-04 14:00:00,2018-09-04 15:00:00,5436.0,4773.065082845064,2018-09-04 14:00:00,662.9349171549356
base_02,sarimax,2018-09-04 15:00:00,2018-09-04 16:00:00,5667.0,5419.268008599915,2018-09-04 15:00:00,247.73199140008455
base_02,sarimax,2018-09-04 16:00:00,2018-09-04 17:00:00,5494.0,5656.768448885662,2018-09-04 16:00:00,-162.7684488856621
base_02,sarimax,2018-09-04 17:00:00,2018-09-04 18:00:00,4383.0,5469.434502678971,2018-09-04 17:00:00,-1086.4345026789706
base_02,sarimax,2018-09-04 18:00:00,2018-09-04 19:00:00,3017.0,4297.57893471596,2018-09-04 18:00:00,-1280.5789347159598
base_02,sarimax,2018-09-04 19:00:00,2018-09-04 20:00:00,2385.0,2985.8716447900765,2018-09-04 19:00:00,-600.8716447900765
base_02,sarimax,2018-09-04 20:00:00,2018-09-04 21:00:00,2105.0,2399.6908830827288,2018-09-04 20:00:00,-294.69088308272876
base_02,sarimax,2018-09-04 21:00:00,2018-09-04 22:00:00,1351.0,2217.5512064459353,2018-09-04 21:00:00,-866.5512064459353
base_02,sarimax,2018-09-04 22:00:00,2018-09-04 23:00:00,921.0,1489.0950452012048,2018-09-04 22:00:00,-568.0950452012048
base_02,sarimax,2018-09-04 23:00:00,2018-09-05 00:00:00,522.0,970.0506732766946,2018-09-04 23:00:00,-448.0506732766946
base_02,sarimax,2018-09-05 00:00:00,2018-09-05 01:00:00,304.0,545.4281553177245,2018-09-05 00:00:00,-241.42815531772453
base_02,sarimax,2018-09-05 01:00:00,2018-09-05 02:00:00,254.0,377.75898861126984,2018-09-05 01:00:00,-123.75898861126984
base_02,sarimax,2018-09-05 02:00:00,2018-09-05 03:00:00,323.0,294.68152225594724,2018-09-05 02:00:00,28.318477744052757
base_02,sarimax,2018-09-05 03:00:00,2018-09-05 04:00:00,882.0,360.59936860895067,2018-09-05 03:00:00,521.4006313910493
base_02,sarimax,2018-09-05 04:00:00,2018-09-05 05:00:00,3013.0,903.8721176749721,2018-09-05 04:00:00,2109.1278823250277
base_02,sarimax,2018-09-05 05:00:00,2018-09-05 06:00:00,5633.0,3013.1055914155822,2018-09-05 05:00:00,2619.8944085844178
base_02,sarimax,2018-09-05 06:00:00,2018-09-05 07:00:00,6668.0,5622.318871302671,2018-09-05 06:00:00,1045.6811286973289
base_02,sarimax,2018-09-05 07:00:00,2018-09-05 08:00:00,6327.0,6605.730657777814,2018-09-05 07:00:00,-278.7306577778136
base_02,sarimax,2018-09-05 08:00:00,2018-09-05 09:00:00,5237.0,6100.9861345446025,2018-09-05 08:00:00,-863.9861345446025
base_02,sarimax,2018-09-05 09:00:00,2018-09-05 10:00:00,4599.0,4948.579856633254,2018-09-05 09:00:00,-349.57985663325417
base_02,sarimax,2018-09-05 10:00:00,2018-09-05 11:00:00,4635.0,4492.651685676385,2018-09-05 10:00:00,142.34831432361534
base_02,sarimax,2018-09-05 11:00:00,2018-09-05 12:00:00,5001.0,4673.833520680087,2018-09-05 11:00:00,327.1664793199134
base_02,sarimax,2018-09-05 12:00:00,2018-09-05 13:00:00,4781.0,5124.69602821804,2018-09-05 12:00:00,-343.6960282180398
base_02,sarimax,2018-09-05 13:00:00,2018-09-05 14:00:00,4816.0,4861.481383455963,2018-09-05 13:00:00,-45.481383455962714
base_02,sarimax,2018-09-05 14:00:00,2018-09-05 15:00:00,5661.0,4832.586897384933,2018-09-05 14:00:00,828.4131026150671
base_02,sarimax,2018-09-05 15:00:00,2018-09-05 16:00:00,6555.0,5645.678347193788,2018-09-05 15:00:00,909.3216528062121
base_02,sarimax,2018-09-05 16:00:00,2018-09-05 17:00:00,5938.0,6590.22653785469,2018-09-05 16:00:00,-652.2265378546899
base_02,sarimax,2018-09-05 17:00:00,2018-09-05 18:00:00,4426.0,5939.977618468696,2018-09-05 17:00:00,-1513.9776184686962
base_02,sarimax,2018-09-05 18:00:00,2018-09-05 19:00:00,3414.0,4338.790731966637,2018-09-05 18:00:00,-924.7907319666374
base_02,sarimax,2018-09-05 19:00:00,2018-09-05 20:00:00,3130.0,3310.762079013422,2018-09-05 19:00:00,-180.76207901342195
base_02,sarimax,2018-09-05 20:00:00,2018-09-05 21:00:00,2532.0,3153.2961662818134,2018-09-05 20:00:00,-621.2961662818134
base_02,sarimax,2018-09-05 21:00:00,2018-09-05 22:00:00,1629.0,2636.8062498704744,2018-09-05 21:00:00,-1007.8062498704744
base_02,sarimax,2018-09-05 22:00:00,2018-09-05 23:00:00,993.0,1702.9663290213584,2018-09-05 22:00:00,-709.9663290213584
base_02,sarimax,2018-09-05 23:00:00,2018-09-06 00:00:00,570.0,985.9314541327811,2018-09-05 23:00:00,-415.93145413278114
base_02,sarimax,2018-09-06 00:00:00,2018-09-06 01:00:00,350.0,623.7470860073518,2018-09-06 00:00:00,-273.74708600735175
base_02,sarimax,2018-09-06 01:00:00,2018-09-06 02:00:00,281.0,423.3391733128128,2018-09-06 01:00:00,-142.33917331281282
base_02,sarimax,2018-09-06 02:00:00,2018-09-06 03:00:00,337.0,338.41432576551813,2018-09-06 02:00:00,-1.4143257655181287
base_02,sarimax,2018-09-06 03:00:00,2018-09-06 04:00:00,909.0,374.64610700590276,2018-09-06 03:00:00,534.3538929940972
base_02,sarimax,2018-09-06 04:00:00,2018-09-06 05:00:00,3036.0,916.2523622914284,2018-09-06 04:00:00,2119.7476377085713
base_02,sarimax,2018-09-06 05:00:00,2018-09-06 06:00:00,5868.0,3033.325778010881,2018-09-06 05:00:00,2834.674221989119
base_02,sarimax,2018-09-06 06:00:00,2018-09-06 07:00:00,6526.0,5840.678673741777,2018-09-06 06:00:00,685.321326258223
base_02,sarimax,2018-09-06 07:00:00,2018-09-06 08:00:00,5996.0,6454.842485466197,2018-09-06 07:00:00,-458.8424854661971
base_02,sarimax,2018-09-06 08:00:00,2018-09-06 09:00:00,5328.0,5816.192007407588,2018-09-06 08:00:00,-488.1920074075879
base_02,sarimax,2018-09-06 09:00:00,2018-09-06 10:00:00,4579.0,5065.196010347061,2018-09-06 09:00:00,-486.196010347061
base_02,sarimax,2018-09-06 10:00:00,2018-09-06 11:00:00,4727.0,4571.330412502394,2018-09-06 10:00:00,155.6695874976058
base_02,sarimax,2018-09-06 11:00:00,2018-09-06 12:00:00,4765.0,4822.977305940467,2018-09-06 11:00:00,-57.97730594046698
base_02,sarimax,2018-09-06 12:00:00,2018-09-06 13:00:00,4853.0,4861.931507741905,2018-09-06 12:00:00,-8.93150774190508
base_02,sarimax,2018-09-06 13:00:00,2018-09-06 14:00:00,4947.0,4955.090948772237,2018-09-06 13:00:00,-8.090948772237425
base_02,sarimax,2018-09-06 14:00:00,2018-09-06 15:00:00,5786.0,4955.183029923882,2018-09-06 14:00:00,830.8169700761182
base_02,sarimax,2018-09-06 15:00:00,2018-09-06 16:00:00,6396.0,5805.320372072542,2018-09-06 15:00:00,590.6796279274577
base_02,sarimax,2018-09-06 16:00:00,2018-09-06 17:00:00,6008.0,6401.581183749803,2018-09-06 16:00:00,-393.58118374980313
base_02,sarimax,2018-09-06 17:00:00,2018-09-06 18:00:00,4373.0,6002.2240900472325,2018-09-06 17:00:00,-1629.2240900472325
base_02,sarimax,2018-09-06 18:00:00,2018-09-06 19:00:00,3382.0,4284.2182292736725,2018-09-06 18:00:00,-902.2182292736725
base_02,sarimax,2018-09-06 19:00:00,2018-09-06 20:00:00,3223.0,3296.8908725020087,2018-09-06 19:00:00,-73.89087250200873
base_02,sarimax,2018-09-06 20:00:00,2018-09-06 21:00:00,2712.0,3208.665563772942,2018-09-06 20:00:00,-496.6655637729418
base_02,sarimax,2018-09-06 21:00:00,2018-09-06 22:00:00,2096.0,2830.298511669525,2018-09-06 21:00:00,-734.2985116695249
base_02,sarimax,2018-09-06 22:00:00,2018-09-06 23:00:00,1248.0,2154.704176399259,2018-09-06 22:00:00,-906.7041763992588
base_02,sarimax,2018-09-06 23:00:00,2018-09-07 00:00:00,550.0,1244.8202365619602,2018-09-06 23:00:00,-694.8202365619602
base_02,sarimax,2018-09-07 00:00:00,2018-09-07 01:00:00,417.0,586.277702754045,2018-09-07 00:00:00,-169.27770275404498
base_02,sarimax,2018-09-07 01:00:00,2018-09-07 02:00:00,307.0,467.0638889913091,2018-09-07 01:00:00,-160.0638889913091
base_02,sarimax,2018-09-07 02:00:00,2018-09-07 03:00:00,338.0,386.11737294459465,2018-09-07 02:00:00,-48.11737294459465
base_02,sarimax,2018-09-07 03:00:00,2018-09-07 04:00:00,892.0,406.77685673679696,2018-09-07 03:00:00,485.22314326320304
base_02,sarimax,2018-09-07 04:00:00,2018-09-07 05:00:00,2942.0,902.7640054200473,2018-09-07 04:00:00,2039.2359945799526
base_02,sarimax,2018-09-07 05:00:00,2018-09-07 06:00:00,5542.0,2945.380965367109,2018-09-07 05:00:00,2596.619034632891
base_02,sarimax,2018-09-07 06:00:00,2018-09-07 07:00:00,6675.0,5532.763695901684,2018-09-07 06:00:00,1142.2363040983164
base_02,sarimax,2018-09-07 07:00:00,2018-09-07 08:00:00,5923.0,6619.540984795473,2018-09-07 07:00:00,-696.5409847954734
base_02,sarimax,2018-09-07 08:00:00,2018-09-07 09:00:00,5061.0,5728.852530533637,2018-09-07 08:00:00,-667.852530533637
base_02,sarimax,2018-09-07 09:00:00,2018-09-07 10:00:00,4720.0,4834.9769688341075,2018-09-07 09:00:00,-114.97696883410754
base_02,sarimax,2018-09-07 10:00:00,2018-09-07 11:00:00,4700.0,4653.108519954413,2018-09-07 10:00:00,46.89148004558683
base_02,sarimax,2018-09-07 11:00:00,2018-09-07 12:00:00,5073.0,4844.376796605653,2018-09-07 11:00:00,228.623203394347
base_02,sarimax,2018-09-07 12:00:00,2018-09-07 13:00:00,4832.0,5190.963238245878,2018-09-07 12:00:00,-358.9632382458776
base_02,sarimax,2018-09-07 13:00:00,2018-09-07 14:00:00,5163.0,4892.482508133623,2018-09-07 13:00:00,270.517491866377
base_02,sarimax,2018-09-07 14:00:00,2018-09-07 15:00:00,4831.0,5188.66442648694,2018-09-07 14:00:00,-357.6644264869401
base_02,sarimax,2018-09-07 15:00:00,2018-09-07 16:00:00,6148.0,4809.841573554718,2018-09-07 15:00:00,1338.1584264452822
base_02,sarimax,2018-09-07 16:00:00,2018-09-07 17:00:00,5426.0,6185.550931861544,2018-09-07 16:00:00,-759.5509318615441
base_02,sarimax,2018-09-07 17:00:00,2018-09-07 18:00:00,4699.0,5392.909035019094,2018-09-07 17:00:00,-693.9090350190936
base_02,sarimax,2018-09-07 18:00:00,2018-09-07 19:00:00,3734.0,4724.507868578784,2018-09-07 18:00:00,-990.5078685787839
base_02,sarimax,2018-09-07 19:00:00,2018-09-07 20:00:00,3360.0,3585.635898206329,2018-09-07 19:00:00,-225.63589820632887
base_02,sarimax,2018-09-07 20:00:00,2018-09-07 21:00:00,2803.0,3385.634301165418,2018-09-07 20:00:00,-582.634301165418
base_02,sarimax,2018-09-07 21:00:00,2018-09-07 22:00:00,2669.0,2831.632382726645,2018-09-07 21:00:00,-162.63238272664512
base_02,sarimax,2018-09-07 22:00:00,2018-09-07 23:00:00,1957.0,2738.373209626534,2018-09-07 22:00:00,-781.3732096265339
base_02,sarimax,2018-09-07 23:00:00,2018-09-08 00:00:00,1131.0,1978.000441988233,2018-09-07 23:00:00,-847.000441988233
base_02,sarimax,2018-09-08 00:00:00,2018-09-08 01:00:00,690.0,1163.8971855500126,2018-09-08 00:00:00,-473.89718555001264
base_02,sarimax,2018-09-08 01:00:00,2018-09-08 02:00:00,488.0,685.6627207603077,2018-09-08 01:00:00,-197.6627207603077
base_02,sarimax,2018-09-08 02:00:00,2018-09-08 03:00:00,393.0,542.0133451319911,2018-09-08 02:00:00,-149.01334513199106
base_02,sarimax,2018-09-08 03:00:00,2018-09-08 04:00:00,459.0,465.31439593240964,2018-09-08 03:00:00,-6.314395932409639
base_02,sarimax,2018-09-08 04:00:00,2018-09-08 05:00:00,830.0,488.36319478051473,2018-09-08 04:00:00,341.63680521948527
base_02,sarimax,2018-09-08 05:00:00,2018-09-08 06:00:00,1504.0,838.2392100055375,2018-09-08 05:00:00,665.7607899944625
base_02,sarimax,2018-09-08 06:00:00,2018-09-08 07:00:00,2063.0,1511.0853687088,2018-09-08 06:00:00,551.9146312912001
base_02,sarimax,2018-09-08 07:00:00,2018-09-08 08:00:00,3043.0,2043.1283589577383,2018-09-08 07:00:00,999.8716410422617
base_02,sarimax,2018-09-08 08:00:00,2018-09-08 09:00:00,3588.0,3016.1934231095706,2018-09-08 08:00:00,571.8065768904294
base_02,sarimax,2018-09-08 09:00:00,2018-09-08 10:00:00,4039.0,3580.616355711159,2018-09-08 09:00:00,458.38364428884097
base_02,sarimax,2018-09-08 10:00:00,2018-09-08 11:00:00,4249.0,4022.8008137486263,2018-09-08 10:00:00,226.1991862513737
base_02,sarimax,2018-09-08 11:00:00,2018-09-08 12:00:00,4690.0,4182.324684062967,2018-09-08 11:00:00,507.6753159370328
base_02,sarimax,2018-09-08 12:00:00,2018-09-08 13:00:00,4550.0,4668.561974118825,2018-09-08 12:00:00,-118.56197411882476
base_02,sarimax,2018-09-08 13:00:00,2018-09-08 14:00:00,4612.0,4534.263075696472,2018-09-08 13:00:00,77.73692430352821
base_02,sarimax,2018-09-08 14:00:00,2018-09-08 15:00:00,4756.0,4607.648002007823,2018-09-08 14:00:00,148.35199799217662
base_02,sarimax,2018-09-08 15:00:00,2018-09-08 16:00:00,4848.0,4726.269686589702,2018-09-08 15:00:00,121.73031341029764
base_02,sarimax,2018-09-08 16:00:00,2018-09-08 17:00:00,4125.0,4871.483188422922,2018-09-08 16:00:00,-746.4831884229216
base_02,sarimax,2018-09-08 17:00:00,2018-09-08 18:00:00,3745.0,4117.052843066129,2018-09-08 17:00:00,-372.05284306612884
base_02,sarimax,2018-09-08 18:00:00,2018-09-08 19:00:00,3399.0,3728.088435428337,2018-09-08 18:00:00,-329.0884354283371
base_02,sarimax,2018-09-08 19:00:00,2018-09-08 20:00:00,3245.0,3367.049215889176,2018-09-08 19:00:00,-122.04921588917614
base_02,sarimax,2018-09-08 20:00:00,2018-09-08 21:00:00,2814.0,3262.492983853613,2018-09-08 20:00:00,-448.49298385361317
base_02,sarimax,2018-09-08 21:00:00,2018-09-08 22:00:00,2478.0,2805.7783764427318,2018-09-08 21:00:00,-327.77837644273177
base_02,sarimax,2018-09-08 22:00:00,2018-09-08 23:00:00,1916.0,2495.9564658353656,2018-09-08 22:00:00,-579.9564658353656
base_02,sarimax,2018-09-08 23:00:00,2018-09-09 00:00:00,1286.0,1913.3586834390135,2018-09-08 23:00:00,-627.3586834390135
base_02,sarimax,2018-09-09 00:00:00,2018-09-09 01:00:00,794.0,1314.4434740223485,2018-09-09 00:00:00,-520.4434740223485
base_02,sarimax,2018-09-09 01:00:00,2018-09-09 02:00:00,620.0,821.8795710006107,2018-09-09 01:00:00,-201.87957100061067
base_02,sarimax,2018-09-09 02:00:00,2018-09-09 03:00:00,345.0,669.474587956183,2018-09-09 02:00:00,-324.474587956183
base_02,sarimax,2018-09-09 03:00:00,2018-09-09 04:00:00,353.0,391.23537193358595,2018-09-09 03:00:00,-38.23537193358595
base_02,sarimax,2018-09-09 04:00:00,2018-09-09 05:00:00,541.0,393.5957186236277,2018-09-09 04:00:00,147.4042813763723
base_02,sarimax,2018-09-09 05:00:00,2018-09-09 06:00:00,1140.0,544.8922401976647,2018-09-09 05:00:00,595.1077598023353
base_02,sarimax,2018-09-09 06:00:00,2018-09-09 07:00:00,1806.0,1163.122454538824,2018-09-09 06:00:00,642.8775454611759
base_02,sarimax,2018-09-09 07:00:00,2018-09-09 08:00:00,2224.0,1792.4936055552266,2018-09-09 07:00:00,431.5063944447734
base_02,sarimax,2018-09-09 08:00:00,2018-09-09 09:00:00,3449.0,2214.9247167242697,2018-09-09 08:00:00,1234.0752832757303
base_02,sarimax,2018-09-09 09:00:00,2018-09-09 10:00:00,4322.0,3424.1856608613634,2018-09-09 09:00:00,897.8143391386366
base_02,sarimax,2018-09-09 10:00:00,2018-09-09 11:00:00,4273.0,4304.673512227592,2018-09-09 10:00:00,-31.673512227592255
base_02,sarimax,2018-09-09 11:00:00,2018-09-09 12:00:00,3990.0,4263.433641241146,2018-09-09 11:00:00,-273.4336412411458
base_02,sarimax,2018-09-09 12:00:00,2018-09-09 13:00:00,3993.0,3900.616371849711,2018-09-09 12:00:00,92.38362815028904
base_02,sarimax,2018-09-09 13:00:00,2018-09-09 14:00:00,3852.0,3927.737605254751,2018-09-09 13:00:00,-75.73760525475109
base_02,sarimax,2018-09-09 14:00:00,2018-09-09 15:00:00,3888.0,3882.0074985523543,2018-09-09 14:00:00,5.992501447645736
base_02,sarimax,2018-09-09 15:00:00,2018-09-09 16:00:00,4126.0,3931.974836832669,2018-09-09 15:00:00,194.0251631673309
base_02,sarimax,2018-09-09 16:00:00,2018-09-09 17:00:00,3959.0,4135.405243893886,2018-09-09 16:00:00,-176.4052438938861
base_02,sarimax,2018-09-09 17:00:00,2018-09-09 18:00:00,3692.0,3975.9946227495147,2018-09-09 17:00:00,-283.99462274951475
base_02,sarimax,2018-09-09 18:00:00,2018-09-09 19:00:00,3258.0,3681.8020947865475,2018-09-09 18:00:00,-423.8020947865475
base_02,sarimax,2018-09-09 19:00:00,2018-09-09 20:00:00,2755.0,3218.487525779618,2018-09-09 19:00:00,-463.48752577961795
base_02,sarimax,2018-09-09 20:00:00,2018-09-09 21:00:00,2140.0,2723.6755559424664,2018-09-09 20:00:00,-583.6755559424664
base_02,sarimax,2018-09-09 21:00:00,2018-09-09 22:00:00,1534.0,2135.604866707235,2018-09-09 21:00:00,-601.604866707235
base_02,sarimax,2018-09-09 22:00:00,2018-09-09 23:00:00,996.0,1553.9553133877523,2018-09-09 22:00:00,-557.9553133877523
base_02,sarimax,2018-09-09 23:00:00,2018-09-10 00:00:00,534.0,1025.8989939574942,2018-09-09 23:00:00,-491.8989939574942
base_02,sarimax,2018-09-10 00:00:00,2018-09-10 01:00:00,303.0,565.1168618783473,2018-09-10 00:00:00,-262.1168618783473
base_02,sarimax,2018-09-10 01:00:00,2018-09-10 02:00:00,286.0,340.0366267335041,2018-09-10 01:00:00,-54.03662673350408
base_02,sarimax,2018-09-10 02:00:00,2018-09-10 03:00:00,329.0,333.5343058011722,2018-09-10 02:00:00,-4.534305801172195
base_02,sarimax,2018-09-10 03:00:00,2018-09-10 04:00:00,861.0,368.49535941328975,2018-09-10 03:00:00,492.50464058671025
base_02,sarimax,2018-09-10 04:00:00,2018-09-10 05:00:00,2963.0,878.0945937119116,2018-09-10 04:00:00,2084.9054062880887
base_02,sarimax,2018-09-10 05:00:00,2018-09-10 06:00:00,5721.0,2962.4941659095743,2018-09-10 05:00:00,2758.5058340904257
base_02,sarimax,2018-09-10 06:00:00,2018-09-10 07:00:00,6561.0,5709.74782046427,2018-09-10 06:00:00,851.2521795357297
base_02,sarimax,2018-09-10 07:00:00,2018-09-10 08:00:00,6009.0,6501.690021525864,2018-09-10 07:00:00,-492.6900215258638
base_02,sarimax,2018-09-10 08:00:00,2018-09-10 09:00:00,5236.0,5807.4944892150415,2018-09-10 08:00:00,-571.4944892150415
base_02,sarimax,2018-09-10 09:00:00,2018-09-10 10:00:00,4201.0,4993.17935226349,2018-09-10 09:00:00,-792.1793522634898
base_02,sarimax,2018-09-10 10:00:00,2018-09-10 11:00:00,4498.0,4165.924795482073,2018-09-10 10:00:00,332.075204517927
base_02,sarimax,2018-09-10 11:00:00,2018-09-10 12:00:00,4724.0,4611.566666492689,2018-09-10 11:00:00,112.43333350731064
base_02,sarimax,2018-09-10 12:00:00,2018-09-10 13:00:00,4462.0,4856.756618727798,2018-09-10 12:00:00,-394.756618727798
base_02,sarimax,2018-09-10 13:00:00,2018-09-10 14:00:00,5016.0,4598.353732865484,2018-09-10 13:00:00,417.64626713451617
base_02,sarimax,2018-09-10 14:00:00,2018-09-10 15:00:00,5688.0,5021.244894580744,2018-09-10 14:00:00,666.7551054192563
base_02,sarimax,2018-09-10 15:00:00,2018-09-10 16:00:00,6344.0,5680.390563498974,2018-09-10 15:00:00,663.6094365010258
base_02,sarimax,2018-09-10 16:00:00,2018-09-10 17:00:00,5857.0,6382.552932771857,2018-09-10 16:00:00,-525.5529327718568
base_02,sarimax,2018-09-10 17:00:00,2018-09-10 18:00:00,4245.0,5806.345545688014,2018-09-10 17:00:00,-1561.3455456880138
base_02,sarimax,2018-09-10 18:00:00,2018-09-10 19:00:00,3184.0,4170.295870970788,2018-09-10 18:00:00,-986.2958709707882
base_02,sarimax,2018-09-10 19:00:00,2018-09-10 20:00:00,2732.0,3103.927150984648,2018-09-10 19:00:00,-371.92715098464805
base_02,sarimax,2018-09-10 20:00:00,2018-09-10 21:00:00,2235.0,2740.1142705125644,2018-09-10 20:00:00,-505.1142705125644
base_02,sarimax,2018-09-10 21:00:00,2018-09-10 22:00:00,1389.0,2370.9343438077576,2018-09-10 21:00:00,-981.9343438077576
base_02,sarimax,2018-09-10 22:00:00,2018-09-10 23:00:00,887.0,1475.2545173112626,2018-09-10 22:00:00,-588.2545173112626
base_02,sarimax,2018-09-10 23:00:00,2018-09-11 00:00:00,516.0,921.9098458110583,2018-09-10 23:00:00,-405.9098458110583
base_02,sarimax,2018-09-11 00:00:00,2018-09-11 01:00:00,330.0,550.5167920767244,2018-09-11 00:00:00,-220.5167920767244
base_02,sarimax,2018-09-11 01:00:00,2018-09-11 02:00:00,265.0,402.8787109014908,2018-09-11 01:00:00,-137.87871090149082
base_02,sarimax,2018-09-11 02:00:00,2018-09-11 03:00:00,332.0,307.6398346346827,2018-09-11 02:00:00,24.3601653653173
base_02,sarimax,2018-09-11 03:00:00,2018-09-11 04:00:00,891.0,362.18326190428394,2018-09-11 03:00:00,528.8167380957161
base_02,sarimax,2018-09-11 04:00:00,2018-09-11 05:00:00,3055.0,894.4473058127846,2018-09-11 04:00:00,2160.5526941872154
base_02,sarimax,2018-09-11 05:00:00,2018-09-11 06:00:00,5927.0,3056.494132034562,2018-09-11 05:00:00,2870.505867965438
base_02,sarimax,2018-09-11 06:00:00,2018-09-11 07:00:00,6496.0,5916.378378498875,2018-09-11 06:00:00,579.6216215011254
base_02,sarimax,2018-09-11 07:00:00,2018-09-11 08:00:00,6123.0,6432.749965486278,2018-09-11 07:00:00,-309.7499654862777
base_02,sarimax,2018-09-11 08:00:00,2018-09-11 09:00:00,5471.0,5906.964736986508,2018-09-11 08:00:00,-435.9647369865079
base_02,sarimax,2018-09-11 09:00:00,2018-09-11 10:00:00,4257.0,5218.076131434359,2018-09-11 09:00:00,-961.076131434359
base_02,sarimax,2018-09-11 10:00:00,2018-09-11 11:00:00,5074.0,4245.20548866497,2018-09-11 10:00:00,828.7945113350297
base_02,sarimax,2018-09-11 11:00:00,2018-09-11 12:00:00,4734.0,5152.457207311383,2018-09-11 11:00:00,-418.4572073113832
base_02,sarimax,2018-09-11 12:00:00,2018-09-11 13:00:00,4875.0,4837.016161467709,2018-09-11 12:00:00,37.983838532290974
base_02,sarimax,2018-09-11 13:00:00,2018-09-11 14:00:00,4922.0,5027.667876288569,2018-09-11 13:00:00,-105.66787628856855
base_02,sarimax,2018-09-11 14:00:00,2018-09-11 15:00:00,5636.0,4862.872599597095,2018-09-11 14:00:00,773.1274004029046
base_02,sarimax,2018-09-11 15:00:00,2018-09-11 16:00:00,6601.0,5687.943098327438,2018-09-11 15:00:00,913.0569016725622
base_02,sarimax,2018-09-11 16:00:00,2018-09-11 17:00:00,5859.0,6601.880180920141,2018-09-11 16:00:00,-742.8801809201414
base_02,sarimax,2018-09-11 17:00:00,2018-09-11 18:00:00,4372.0,5854.130106056807,2018-09-11 17:00:00,-1482.1301060568067
base_02,sarimax,2018-09-11 18:00:00,2018-09-11 19:00:00,3427.0,4288.828742001418,2018-09-11 18:00:00,-861.8287420014176
base_02,sarimax,2018-09-11 19:00:00,2018-09-11 20:00:00,3114.0,3309.314434115494,2018-09-11 19:00:00,-195.3144341154939
base_02,sarimax,2018-09-11 20:00:00,2018-09-11 21:00:00,2501.0,3154.017998532543,2018-09-11 20:00:00,-653.0179985325431
base_02,sarimax,2018-09-11 21:00:00,2018-09-11 22:00:00,1860.0,2642.8017194008203,2018-09-11 21:00:00,-782.8017194008203
base_02,sarimax,2018-09-11 22:00:00,2018-09-11 23:00:00,2682.0,1935.6922464634374,2018-09-11 22:00:00,746.3077535365626
base_02,sarimax,2018-09-11 23:00:00,2018-09-12 00:00:00,750.0,2696.949966897141,2018-09-11 23:00:00,-1946.9499668971412
base_02,sarimax,2018-09-12 00:00:00,2018-09-12 01:00:00,344.0,805.9464671594156,2018-09-12 00:00:00,-461.94646715941565
base_02,sarimax,2018-09-12 01:00:00,2018-09-12 02:00:00,314.0,395.81050146571704,2018-09-12 01:00:00,-81.81050146571704
base_02,sarimax,2018-09-12 02:00:00,2018-09-12 03:00:00,371.0,219.03162655528175,2018-09-12 02:00:00,151.96837344471825
base_02,sarimax,2018-09-12 03:00:00,2018-09-12 04:00:00,937.0,556.9864858221756,2018-09-12 03:00:00,380.0135141778244
base_02,sarimax,2018-09-12 04:00:00,2018-09-12 05:00:00,3085.0,962.5956016948198,2018-09-12 04:00:00,2122.40439830518
base_02,sarimax,2018-09-12 05:00:00,2018-09-12 06:00:00,5908.0,3080.6594344796704,2018-09-12 05:00:00,2827.3405655203296
base_02,sarimax,2018-09-12 06:00:00,2018-09-12 07:00:00,6677.0,5901.88686077754,2018-09-12 06:00:00,775.1131392224597
base_02,sarimax,2018-09-12 07:00:00,2018-09-12 08:00:00,6297.0,6608.4721993902,2018-09-12 07:00:00,-311.47219939020033
base_02,sarimax,2018-09-12 08:00:00,2018-09-12 09:00:00,5551.0,6075.5369672308,2018-09-12 08:00:00,-524.5369672307997
base_02,sarimax,2018-09-12 09:00:00,2018-09-12 10:00:00,4499.0,5279.043279685526,2018-09-12 09:00:00,-780.0432796855257
base_02,sarimax,2018-09-12 10:00:00,2018-09-12 11:00:00,4598.0,4446.029101597515,2018-09-12 10:00:00,151.97089840248464
base_02,sarimax,2018-09-12 11:00:00,2018-09-12 12:00:00,4759.0,4672.940425366582,2018-09-12 11:00:00,86.05957463341838
base_02,sarimax,2018-09-12 12:00:00,2018-09-12 13:00:00,4733.0,4869.056533830824,2018-09-12 12:00:00,-136.05653383082426
base_02,sarimax,2018-09-12 13:00:00,2018-09-12 14:00:00,5056.0,4876.028617979797,2018-09-12 13:00:00,179.97138202020324
base_02,sarimax,2018-09-12 14:00:00,2018-09-12 15:00:00,5739.0,5070.625055248732,2018-09-12 14:00:00,668.3749447512682
base_02,sarimax,2018-09-12 15:00:00,2018-09-12 16:00:00,6450.0,5743.659225028118,2018-09-12 15:00:00,706.3407749718817
base_02,sarimax,2018-09-12 16:00:00,2018-09-12 17:00:00,6245.0,6464.005456105699,2018-09-12 16:00:00,-219.0054561056986
base_02,sarimax,2018-09-12 17:00:00,2018-09-12 18:00:00,4668.0,6211.034401594115,2018-09-12 17:00:00,-1543.0344015941146
base_02,sarimax,2018-09-12 18:00:00,2018-09-12 19:00:00,3510.0,4590.168900994256,2018-09-12 18:00:00,-1080.1689009942556
base_02,sarimax,2018-09-12 19:00:00,2018-09-12 20:00:00,3064.0,3417.009718238998,2018-09-12 19:00:00,-353.0097182389982
base_02,sarimax,2018-09-12 20:00:00,2018-09-12 21:00:00,2705.0,3038.8305805605696,2018-09-12 20:00:00,-333.8305805605696
base_02,sarimax,2018-09-12 21:00:00,2018-09-12 22:00:00,1813.0,2832.164330421176,2018-09-12 21:00:00,-1019.1643304211761
base_02,sarimax,2018-09-12 22:00:00,2018-09-12 23:00:00,2842.0,1915.4306803143581,2018-09-12 22:00:00,926.5693196856419
base_02,sarimax,2018-09-12 23:00:00,2018-09-13 00:00:00,699.0,2868.2686226335936,2018-09-12 23:00:00,-2169.2686226335936
base_02,sarimax,2018-09-13 00:00:00,2018-09-13 01:00:00,413.0,719.9511847489457,2018-09-13 00:00:00,-306.9511847489457
base_02,sarimax,2018-09-13 01:00:00,2018-09-13 02:00:00,332.0,486.65462851896217,2018-09-13 01:00:00,-154.65462851896217
base_02,sarimax,2018-09-13 02:00:00,2018-09-13 03:00:00,383.0,215.03138318942183,2018-09-13 02:00:00,167.96861681057817
base_02,sarimax,2018-09-13 03:00:00,2018-09-13 04:00:00,914.0,590.3439689667748,2018-09-13 03:00:00,323.6560310332252
base_02,sarimax,2018-09-13 04:00:00,2018-09-13 05:00:00,3052.0,920.3707864048282,2018-09-13 04:00:00,2131.6292135951717
base_02,sarimax,2018-09-13 05:00:00,2018-09-13 06:00:00,5830.0,3058.4330032842377,2018-09-13 05:00:00,2771.5669967157623
base_02,sarimax,2018-09-13 06:00:00,2018-09-13 07:00:00,6433.0,5817.283495639987,2018-09-13 06:00:00,615.7165043600126
base_02,sarimax,2018-09-13 07:00:00,2018-09-13 08:00:00,6162.0,6370.188737772495,2018-09-13 07:00:00,-208.1887377724952
base_02,sarimax,2018-09-13 08:00:00,2018-09-13 09:00:00,5092.0,5945.527546129398,2018-09-13 08:00:00,-853.5275461293977
base_02,sarimax,2018-09-13 09:00:00,2018-09-13 10:00:00,4584.0,4852.459399294702,2018-09-13 09:00:00,-268.45939929470205
base_02,sarimax,2018-09-13 10:00:00,2018-09-13 11:00:00,4767.0,4552.618771315462,2018-09-13 10:00:00,214.38122868453775
base_02,sarimax,2018-09-13 11:00:00,2018-09-13 12:00:00,4851.0,4839.714627837227,2018-09-13 11:00:00,11.285372162772546
base_02,sarimax,2018-09-13 12:00:00,2018-09-13 13:00:00,4826.0,4997.699704625655,2018-09-13 12:00:00,-171.6997046256547
base_02,sarimax,2018-09-13 13:00:00,2018-09-13 14:00:00,5014.0,4906.5667847033865,2018-09-13 13:00:00,107.43321529661353
base_02,sarimax,2018-09-13 14:00:00,2018-09-13 15:00:00,5617.0,5021.319994990384,2018-09-13 14:00:00,595.6800050096163
base_02,sarimax,2018-09-13 15:00:00,2018-09-13 16:00:00,6514.0,5629.477491278705,2018-09-13 15:00:00,884.5225087212948
base_02,sarimax,2018-09-13 16:00:00,2018-09-13 17:00:00,5701.0,6524.528263403921,2018-09-13 16:00:00,-823.5282634039213
base_02,sarimax,2018-09-13 17:00:00,2018-09-13 18:00:00,4443.0,5683.820485969217,2018-09-13 17:00:00,-1240.8204859692169
base_02,sarimax,2018-09-13 18:00:00,2018-09-13 19:00:00,3669.0,4378.516760286233,2018-09-13 18:00:00,-709.516760286233
base_02,sarimax,2018-09-13 19:00:00,2018-09-13 20:00:00,3282.0,3561.5369261437127,2018-09-13 19:00:00,-279.53692614371266
base_02,sarimax,2018-09-13 20:00:00,2018-09-13 21:00:00,2676.0,3329.934624424342,2018-09-13 20:00:00,-653.934624424342
base_02,sarimax,2018-09-13 21:00:00,2018-09-13 22:00:00,1921.0,2783.157220551394,2018-09-13 21:00:00,-862.157220551394
base_02,sarimax,2018-09-13 22:00:00,2018-09-13 23:00:00,1167.0,1981.8211780128809,2018-09-13 22:00:00,-814.8211780128809
base_02,sarimax,2018-09-13 23:00:00,2018-09-14 00:00:00,603.0,1191.9641322101438,2018-09-13 23:00:00,-588.9641322101438
base_02,sarimax,2018-09-14 00:00:00,2018-09-14 01:00:00,376.0,647.8908835407474,2018-09-14 00:00:00,-271.8908835407474
base_02,sarimax,2018-09-14 01:00:00,2018-09-14 02:00:00,333.0,440.1058087571378,2018-09-14 01:00:00,-107.10580875713782
base_02,sarimax,2018-09-14 02:00:00,2018-09-14 03:00:00,377.0,404.9378946118332,2018-09-14 02:00:00,-27.9378946118332
base_02,sarimax,2018-09-14 03:00:00,2018-09-14 04:00:00,892.0,425.6343390406752,2018-09-14 03:00:00,466.3656609593248
base_02,sarimax,2018-09-14 04:00:00,2018-09-14 05:00:00,2899.0,907.8757187748975,2018-09-14 04:00:00,1991.1242812251025
base_02,sarimax,2018-09-14 05:00:00,2018-09-14 06:00:00,5569.0,2906.932370966975,2018-09-14 05:00:00,2662.067629033025
base_02,sarimax,2018-09-14 06:00:00,2018-09-14 07:00:00,6728.0,5562.237924593707,2018-09-14 06:00:00,1165.7620754062928
base_02,sarimax,2018-09-14 07:00:00,2018-09-14 08:00:00,5934.0,6675.906359185012,2018-09-14 07:00:00,-741.9063591850118
base_02,sarimax,2018-09-14 08:00:00,2018-09-14 09:00:00,5025.0,5728.301266372785,2018-09-14 08:00:00,-703.301266372785
base_02,sarimax,2018-09-14 09:00:00,2018-09-14 10:00:00,4566.0,4756.417469680857,2018-09-14 09:00:00,-190.4174696808568
base_02,sarimax,2018-09-14 10:00:00,2018-09-14 11:00:00,4836.0,4466.783774666571,2018-09-14 10:00:00,369.21622533342907
base_02,sarimax,2018-09-14 11:00:00,2018-09-14 12:00:00,5019.0,4957.494846225097,2018-09-14 11:00:00,61.50515377490319
base_02,sarimax,2018-09-14 12:00:00,2018-09-14 13:00:00,4830.0,5137.322523649329,2018-09-14 12:00:00,-307.322523649329
base_02,sarimax,2018-09-14 13:00:00,2018-09-14 14:00:00,5231.0,4909.681622287921,2018-09-14 13:00:00,321.3183777120794
base_02,sarimax,2018-09-14 14:00:00,2018-09-14 15:00:00,5953.0,5219.697968725975,2018-09-14 14:00:00,733.3020312740246
base_02,sarimax,2018-09-14 15:00:00,2018-09-14 16:00:00,6196.0,5955.6698540023945,2018-09-14 15:00:00,240.33014599760554
base_02,sarimax,2018-09-14 16:00:00,2018-09-14 17:00:00,5358.0,6226.94759527635,2018-09-14 16:00:00,-868.9475952763496
base_02,sarimax,2018-09-14 17:00:00,2018-09-14 18:00:00,4687.0,5324.185021673191,2018-09-14 17:00:00,-637.1850216731909
base_02,sarimax,2018-09-14 18:00:00,2018-09-14 19:00:00,3880.0,4609.762304792377,2018-09-14 18:00:00,-729.7623047923771
base_02,sarimax,2018-09-14 19:00:00,2018-09-14 20:00:00,3329.0,3828.898726541068,2018-09-14 19:00:00,-499.89872654106784
base_02,sarimax,2018-09-14 20:00:00,2018-09-14 21:00:00,3169.0,3383.843142086227,2018-09-14 20:00:00,-214.8431420862271
base_02,sarimax,2018-09-14 21:00:00,2018-09-14 22:00:00,2810.0,3206.943597262818,2018-09-14 21:00:00,-396.943597262818
base_02,sarimax,2018-09-14 22:00:00,2018-09-14 23:00:00,2024.0,2885.0658687651107,2018-09-14 22:00:00,-861.0658687651107
base_02,sarimax,2018-09-14 23:00:00,2018-09-15 00:00:00,1179.0,2073.065934921416,2018-09-14 23:00:00,-894.0659349214161
base_02,sarimax,2018-09-15 00:00:00,2018-09-15 01:00:00,808.0,1181.7760507189528,2018-09-15 00:00:00,-373.7760507189528
base_02,sarimax,2018-09-15 01:00:00,2018-09-15 02:00:00,584.0,834.2217394159095,2018-09-15 01:00:00,-250.2217394159095
base_02,sarimax,2018-09-15 02:00:00,2018-09-15 03:00:00,428.0,657.325480744815,2018-09-15 02:00:00,-229.32548074481497
base_02,sarimax,2018-09-15 03:00:00,2018-09-15 04:00:00,502.0,512.7788806748337,2018-09-15 03:00:00,-10.778880674833658
base_02,sarimax,2018-09-15 04:00:00,2018-09-15 05:00:00,871.0,531.6563272217095,2018-09-15 04:00:00,339.3436727782905
base_02,sarimax,2018-09-15 05:00:00,2018-09-15 06:00:00,1469.0,888.2357328277569,2018-09-15 05:00:00,580.7642671722431
base_02,sarimax,2018-09-15 06:00:00,2018-09-15 07:00:00,2117.0,1479.8987287333841,2018-09-15 06:00:00,637.1012712666159
base_02,sarimax,2018-09-15 07:00:00,2018-09-15 08:00:00,3442.0,2102.8807313935877,2018-09-15 07:00:00,1339.1192686064123
base_02,sarimax,2018-09-15 08:00:00,2018-09-15 09:00:00,3999.0,3405.4177694658656,2018-09-15 08:00:00,593.5822305341344
base_02,sarimax,2018-09-15 09:00:00,2018-09-15 10:00:00,4448.0,3965.487371131001,2018-09-15 09:00:00,482.51262886899895
base_02,sarimax,2018-09-15 10:00:00,2018-09-15 11:00:00,4772.0,4423.4295912167145,2018-09-15 10:00:00,348.57040878328553
base_02,sarimax,2018-09-15 11:00:00,2018-09-15 12:00:00,4990.0,4679.906673540207,2018-09-15 11:00:00,310.0933264597934
base_02,sarimax,2018-09-15 12:00:00,2018-09-15 13:00:00,4848.0,4969.012507850666,2018-09-15 12:00:00,-121.01250785066622
base_02,sarimax,2018-09-15 13:00:00,2018-09-15 14:00:00,4343.0,4839.441493446237,2018-09-15 13:00:00,-496.44149344623656
base_02,sarimax,2018-09-15 14:00:00,2018-09-15 15:00:00,4296.0,4326.810626884666,2018-09-15 14:00:00,-30.810626884665908
base_02,sarimax,2018-09-15 15:00:00,2018-09-15 16:00:00,4219.0,4297.898290494326,2018-09-15 15:00:00,-78.89829049432592
base_02,sarimax,2018-09-15 16:00:00,2018-09-15 17:00:00,3953.0,4241.227126228976,2018-09-15 16:00:00,-288.227126228976
base_02,sarimax,2018-09-15 17:00:00,2018-09-15 18:00:00,3826.0,4008.835490679926,2018-09-15 17:00:00,-182.8354906799259
base_02,sarimax,2018-09-15 18:00:00,2018-09-15 19:00:00,3455.0,3819.15528704508,2018-09-15 18:00:00,-364.15528704508006
base_02,sarimax,2018-09-15 19:00:00,2018-09-15 20:00:00,3208.0,3445.2513189079427,2018-09-15 19:00:00,-237.25131890794273
base_02,sarimax,2018-09-15 20:00:00,2018-09-15 21:00:00,3055.0,3172.188822039952,2018-09-15 20:00:00,-117.1888220399519
base_02,sarimax,2018-09-15 21:00:00,2018-09-15 22:00:00,2741.0,3025.827505656716,2018-09-15 21:00:00,-284.82750565671586
base_02,sarimax,2018-09-15 22:00:00,2018-09-15 23:00:00,2123.0,2756.5492385238103,2018-09-15 22:00:00,-633.5492385238103
base_02,sarimax,2018-09-15 23:00:00,2018-09-16 00:00:00,1353.0,2138.6965658478703,2018-09-15 23:00:00,-785.6965658478703
base_02,sarimax,2018-09-16 00:00:00,2018-09-16 01:00:00,786.0,1356.9220856373258,2018-09-16 00:00:00,-570.9220856373258
base_02,sarimax,2018-09-16 01:00:00,2018-09-16 02:00:00,607.0,804.6463177538101,2018-09-16 01:00:00,-197.64631775381008
base_02,sarimax,2018-09-16 02:00:00,2018-09-16 03:00:00,401.0,661.5708175903508,2018-09-16 02:00:00,-260.57081759035077
base_02,sarimax,2018-09-16 03:00:00,2018-09-16 04:00:00,313.0,472.4311217805362,2018-09-16 03:00:00,-159.43112178053622
base_02,sarimax,2018-09-16 04:00:00,2018-09-16 05:00:00,467.0,358.8823673143404,2018-09-16 04:00:00,108.1176326856596
base_02,sarimax,2018-09-16 05:00:00,2018-09-16 06:00:00,850.0,475.9407654515337,2018-09-16 05:00:00,374.0592345484663
base_02,sarimax,2018-09-16 06:00:00,2018-09-16 07:00:00,1302.0,868.2781108734029,2018-09-16 06:00:00,433.72188912659715
base_02,sarimax,2018-09-16 07:00:00,2018-09-16 08:00:00,2090.0,1303.218332438389,2018-09-16 07:00:00,786.7816675616109
base_02,sarimax,2018-09-16 08:00:00,2018-09-16 09:00:00,3039.0,2072.894391195402,2018-09-16 08:00:00,966.105608804598
base_02,sarimax,2018-09-16 09:00:00,2018-09-16 10:00:00,3278.0,3032.608637419156,2018-09-16 09:00:00,245.3913625808441
base_02,sarimax,2018-09-16 10:00:00,2018-09-16 11:00:00,4352.0,3265.964359210773,2018-09-16 10:00:00,1086.0356407892268
base_02,sarimax,2018-09-16 11:00:00,2018-09-16 12:00:00,3978.0,4321.740496000364,2018-09-16 11:00:00,-343.74049600036415
base_02,sarimax,2018-09-16 12:00:00,2018-09-16 13:00:00,3935.0,3907.8757069288854,2018-09-16 12:00:00,27.124293071114607
base_02,sarimax,2018-09-16 13:00:00,2018-09-16 14:00:00,3829.0,3934.615287115202,2018-09-16 13:00:00,-105.61528711520214
base_02,sarimax,2018-09-16 14:00:00,2018-09-16 15:00:00,4101.0,3745.5116013237102,2018-09-16 14:00:00,355.48839867628976
base_02,sarimax,2018-09-16 15:00:00,2018-09-16 16:00:00,4539.0,4147.698949770159,2018-09-16 15:00:00,391.30105022984117
base_02,sarimax,2018-09-16 16:00:00,2018-09-16 17:00:00,4154.0,4553.396995302934,2018-09-16 16:00:00,-399.39699530293365
base_02,sarimax,2018-09-16 17:00:00,2018-09-16 18:00:00,3701.0,4165.431077354843,2018-09-16 17:00:00,-464.4310773548432
base_02,sarimax,2018-09-16 18:00:00,2018-09-16 19:00:00,3400.0,3660.5626232805475,2018-09-16 18:00:00,-260.56262328054754
base_02,sarimax,2018-09-16 19:00:00,2018-09-16 20:00:00,3092.0,3333.407855718492,2018-09-16 19:00:00,-241.4078557184921
base_02,sarimax,2018-09-16 20:00:00,2018-09-16 21:00:00,2623.0,3086.8462679369622,2018-09-16 20:00:00,-463.84626793696225
base_02,sarimax,2018-09-16 21:00:00,2018-09-16 22:00:00,1725.0,2631.265018219373,2018-09-16 21:00:00,-906.2650182193729
base_02,sarimax,2018-09-16 22:00:00,2018-09-16 23:00:00,1088.0,1733.1159986262683,2018-09-16 22:00:00,-645.1159986262683
base_02,sarimax,2018-09-16 23:00:00,2018-09-17 00:00:00,550.0,1109.142544117807,2018-09-16 23:00:00,-559.1425441178069
base_02,sarimax,2018-09-17 00:00:00,2018-09-17 01:00:00,280.0,576.116375683056,2018-09-17 00:00:00,-296.11637568305605
base_02,sarimax,2018-09-17 01:00:00,2018-09-17 02:00:00,260.0,360.61998110598745,2018-09-17 01:00:00,-100.61998110598745
base_02,sarimax,2018-09-17 02:00:00,2018-09-17 03:00:00,344.0,315.8813232371527,2018-09-17 02:00:00,28.118676762847315
base_02,sarimax,2018-09-17 03:00:00,2018-09-17 04:00:00,880.0,398.7581494156047,2018-09-17 03:00:00,481.2418505843953
base_02,sarimax,2018-09-17 04:00:00,2018-09-17 05:00:00,2965.0,902.9573953165952,2018-09-17 04:00:00,2062.0426046834045
base_02,sarimax,2018-09-17 05:00:00,2018-09-17 06:00:00,5667.0,2959.5285115012384,2018-09-17 05:00:00,2707.4714884987616
base_02,sarimax,2018-09-17 06:00:00,2018-09-17 07:00:00,6533.0,5648.415691473712,2018-09-17 06:00:00,884.5843085262877
base_02,sarimax,2018-09-17 07:00:00,2018-09-17 08:00:00,6070.0,6448.304641453989,2018-09-17 07:00:00,-378.30464145398855
base_02,sarimax,2018-09-17 08:00:00,2018-09-17 09:00:00,5145.0,5864.23153384229,2018-09-17 08:00:00,-719.2315338422904
base_02,sarimax,2018-09-17 09:00:00,2018-09-17 10:00:00,4201.0,4881.061126698165,2018-09-17 09:00:00,-680.061126698165
base_02,sarimax,2018-09-17 10:00:00,2018-09-17 11:00:00,4371.0,4126.815475495172,2018-09-17 10:00:00,244.184524504828
base_02,sarimax,2018-09-17 11:00:00,2018-09-17 12:00:00,4533.0,4439.097188529485,2018-09-17 11:00:00,93.90281147051519
base_02,sarimax,2018-09-17 12:00:00,2018-09-17 13:00:00,4680.0,4645.628754469654,2018-09-17 12:00:00,34.37124553034573
base_02,sarimax,2018-09-17 13:00:00,2018-09-17 14:00:00,4930.0,4781.771776177907,2018-09-17 13:00:00,148.22822382209324
base_02,sarimax,2018-09-17 14:00:00,2018-09-17 15:00:00,5327.0,4851.470216959016,2018-09-17 14:00:00,475.5297830409836
base_02,sarimax,2018-09-17 15:00:00,2018-09-17 16:00:00,6354.0,5217.115874480671,2018-09-17 15:00:00,1136.8841255193292
base_02,sarimax,2018-09-17 16:00:00,2018-09-17 17:00:00,5412.0,6317.3510745408685,2018-09-17 16:00:00,-905.3510745408685
base_02,sarimax,2018-09-17 17:00:00,2018-09-17 18:00:00,4000.0,5386.716369003023,2018-09-17 17:00:00,-1386.716369003023
base_02,sarimax,2018-09-17 18:00:00,2018-09-17 19:00:00,2897.0,3969.267153399739,2018-09-17 18:00:00,-1072.267153399739
base_02,sarimax,2018-09-17 19:00:00,2018-09-17 20:00:00,2466.0,2788.5329493507506,2018-09-17 19:00:00,-322.53294935075064
base_02,sarimax,2018-09-17 20:00:00,2018-09-17 21:00:00,2090.0,2552.0457059333085,2018-09-17 20:00:00,-462.04570593330845
base_02,sarimax,2018-09-17 21:00:00,2018-09-17 22:00:00,1434.0,2221.028405278065,2018-09-17 21:00:00,-787.0284052780648
base_02,sarimax,2018-09-17 22:00:00,2018-09-17 23:00:00,869.0,1545.1812049020984,2018-09-17 22:00:00,-676.1812049020984
base_02,sarimax,2018-09-17 23:00:00,2018-09-18 00:00:00,536.0,907.8843617744417,2018-09-17 23:00:00,-371.8843617744417
base_02,sarimax,2018-09-18 00:00:00,2018-09-18 01:00:00,351.0,567.9639516267514,2018-09-18 00:00:00,-216.9639516267514
base_02,sarimax,2018-09-18 01:00:00,2018-09-18 02:00:00,227.0,418.73797283298404,2018-09-18 01:00:00,-191.73797283298404
base_02,sarimax,2018-09-18 02:00:00,2018-09-18 03:00:00,340.0,285.40782172791296,2018-09-18 02:00:00,54.59217827208704
base_02,sarimax,2018-09-18 03:00:00,2018-09-18 04:00:00,858.0,378.5531466676058,2018-09-18 03:00:00,479.4468533323942
base_02,sarimax,2018-09-18 04:00:00,2018-09-18 05:00:00,3027.0,878.2918383474815,2018-09-18 04:00:00,2148.7081616525184
base_02,sarimax,2018-09-18 05:00:00,2018-09-18 06:00:00,5642.0,3038.3252453356795,2018-09-18 05:00:00,2603.6747546643205
base_02,sarimax,2018-09-18 06:00:00,2018-09-18 07:00:00,6516.0,5637.119381554062,2018-09-18 06:00:00,878.8806184459381
base_02,sarimax,2018-09-18 07:00:00,2018-09-18 08:00:00,5873.0,6463.096560737427,2018-09-18 07:00:00,-590.0965607374274
base_02,sarimax,2018-09-18 08:00:00,2018-09-18 09:00:00,5123.0,5647.306213468981,2018-09-18 08:00:00,-524.3062134689808
base_02,sarimax,2018-09-18 09:00:00,2018-09-18 10:00:00,4527.0,4853.716681722778,2018-09-18 09:00:00,-326.71668172277805
base_02,sarimax,2018-09-18 10:00:00,2018-09-18 11:00:00,4593.0,4440.365600992011,2018-09-18 10:00:00,152.63439900798858
base_02,sarimax,2018-09-18 11:00:00,2018-09-18 12:00:00,4725.0,4657.913979221659,2018-09-18 11:00:00,67.08602077834075
base_02,sarimax,2018-09-18 12:00:00,2018-09-18 13:00:00,4737.0,4812.105845704297,2018-09-18 12:00:00,-75.10584570429728
base_02,sarimax,2018-09-18 13:00:00,2018-09-18 14:00:00,4931.0,4811.965813166861,2018-09-18 13:00:00,119.03418683313885
base_02,sarimax,2018-09-18 14:00:00,2018-09-18 15:00:00,5623.0,4940.135769593271,2018-09-18 14:00:00,682.8642304067289
base_02,sarimax,2018-09-18 15:00:00,2018-09-18 16:00:00,6623.0,5616.553022775623,2018-09-18 15:00:00,1006.4469772243774
base_02,sarimax,2018-09-18 16:00:00,2018-09-18 17:00:00,5916.0,6623.196258030204,2018-09-18 16:00:00,-707.1962580302043
base_02,sarimax,2018-09-18 17:00:00,2018-09-18 18:00:00,4423.0,5893.3043701375,2018-09-18 17:00:00,-1470.3043701375
base_02,sarimax,2018-09-18 18:00:00,2018-09-18 19:00:00,3309.0,4344.273919549212,2018-09-18 18:00:00,-1035.2739195492122
base_02,sarimax,2018-09-18 19:00:00,2018-09-18 20:00:00,2805.0,3201.8837507737803,2018-09-18 19:00:00,-396.8837507737803
base_02,sarimax,2018-09-18 20:00:00,2018-09-18 21:00:00,2400.0,2872.9267417205315,2018-09-18 20:00:00,-472.9267417205315
base_02,sarimax,2018-09-18 21:00:00,2018-09-18 22:00:00,2631.0,2548.3676439630367,2018-09-18 21:00:00,82.6323560369633
base_02,sarimax,2018-09-18 22:00:00,2018-09-18 23:00:00,1501.0,2737.3166135211936,2018-09-18 22:00:00,-1236.3166135211936
base_02,sarimax,2018-09-18 23:00:00,2018-09-19 00:00:00,617.0,1557.5932505353328,2018-09-18 23:00:00,-940.5932505353328
base_02,sarimax,2018-09-19 00:00:00,2018-09-19 01:00:00,401.0,658.4526859843594,2018-09-19 00:00:00,-257.4526859843594
base_02,sarimax,2018-09-19 01:00:00,2018-09-19 02:00:00,282.0,370.9358978085794,2018-09-19 01:00:00,-88.9358978085794
base_02,sarimax,2018-09-19 02:00:00,2018-09-19 03:00:00,358.0,398.36391380936493,2018-09-19 02:00:00,-40.36391380936493
base_02,sarimax,2018-09-19 03:00:00,2018-09-19 04:00:00,913.0,446.8543158614035,2018-09-19 03:00:00,466.1456841385965
base_02,sarimax,2018-09-19 04:00:00,2018-09-19 05:00:00,3074.0,933.6755614085438,2018-09-19 04:00:00,2140.3244385914563
base_02,sarimax,2018-09-19 05:00:00,2018-09-19 06:00:00,5803.0,3081.826565075236,2018-09-19 05:00:00,2721.173434924764
base_02,sarimax,2018-09-19 06:00:00,2018-09-19 07:00:00,6510.0,5793.1884678266415,2018-09-19 06:00:00,716.8115321733585
base_02,sarimax,2018-09-19 07:00:00,2018-09-19 08:00:00,6101.0,6448.3782163517535,2018-09-19 07:00:00,-347.3782163517535
base_02,sarimax,2018-09-19 08:00:00,2018-09-19 09:00:00,5331.0,5876.638239525815,2018-09-19 08:00:00,-545.6382395258152
base_02,sarimax,2018-09-19 09:00:00,2018-09-19 10:00:00,4266.0,5046.0750346030945,2018-09-19 09:00:00,-780.0750346030945
base_02,sarimax,2018-09-19 10:00:00,2018-09-19 11:00:00,4567.0,4190.73589880345,2018-09-19 10:00:00,376.26410119654975
base_02,sarimax,2018-09-19 11:00:00,2018-09-19 12:00:00,4734.0,4591.944806050187,2018-09-19 11:00:00,142.05519394981275
base_02,sarimax,2018-09-19 12:00:00,2018-09-19 13:00:00,4675.0,4831.08422870499,2018-09-19 12:00:00,-156.08422870498998
base_02,sarimax,2018-09-19 13:00:00,2018-09-19 14:00:00,4980.0,4799.53239139462,2018-09-19 13:00:00,180.4676086053796
base_02,sarimax,2018-09-19 14:00:00,2018-09-19 15:00:00,5718.0,4957.44540896217,2018-09-19 14:00:00,760.5545910378296
base_02,sarimax,2018-09-19 15:00:00,2018-09-19 16:00:00,6382.0,5708.363470345011,2018-09-19 15:00:00,673.6365296549893
base_02,sarimax,2018-09-19 16:00:00,2018-09-19 17:00:00,5647.0,6402.1192191633345,2018-09-19 16:00:00,-755.1192191633345
base_02,sarimax,2018-09-19 17:00:00,2018-09-19 18:00:00,4469.0,5601.381356201707,2018-09-19 17:00:00,-1132.3813562017067
base_02,sarimax,2018-09-19 18:00:00,2018-09-19 19:00:00,3460.0,4392.464508029765,2018-09-19 18:00:00,-932.464508029765
base_02,sarimax,2018-09-19 19:00:00,2018-09-19 20:00:00,2865.0,3383.6326228256717,2018-09-19 19:00:00,-518.6326228256717
base_02,sarimax,2018-09-19 20:00:00,2018-09-19 21:00:00,2576.0,2936.4985246425244,2018-09-19 20:00:00,-360.49852464252444
base_02,sarimax,2018-09-19 21:00:00,2018-09-19 22:00:00,1693.0,2685.292746520332,2018-09-19 21:00:00,-992.292746520332
base_02,sarimax,2018-09-19 22:00:00,2018-09-19 23:00:00,994.0,1789.9509960374419,2018-09-19 22:00:00,-795.9509960374419
base_02,sarimax,2018-09-19 23:00:00,2018-09-20 00:00:00,583.0,1050.864827392908,2018-09-19 23:00:00,-467.86482739290796
base_02,sarimax,2018-09-20 00:00:00,2018-09-20 01:00:00,349.0,608.1788517457464,2018-09-20 00:00:00,-259.17885174574644
base_02,sarimax,2018-09-20 01:00:00,2018-09-20 02:00:00,265.0,438.0228867885761,2018-09-20 01:00:00,-173.0228867885761
base_02,sarimax,2018-09-20 02:00:00,2018-09-20 03:00:00,344.0,334.589670271795,2018-09-20 02:00:00,9.410329728205
base_02,sarimax,2018-09-20 03:00:00,2018-09-20 04:00:00,914.0,385.6412515584491,2018-09-20 03:00:00,528.3587484415509
base_02,sarimax,2018-09-20 04:00:00,2018-09-20 05:00:00,2924.0,939.973682507081,2018-09-20 04:00:00,1984.0263174929191
base_02,sarimax,2018-09-20 05:00:00,2018-09-20 06:00:00,5417.0,2935.0083506253495,2018-09-20 05:00:00,2481.9916493746505
base_02,sarimax,2018-09-20 06:00:00,2018-09-20 07:00:00,5766.0,5413.535408220047,2018-09-20 06:00:00,352.46459177995257
base_02,sarimax,2018-09-20 07:00:00,2018-09-20 08:00:00,5331.0,5710.358327879193,2018-09-20 07:00:00,-379.358327879193
base_02,sarimax,2018-09-20 08:00:00,2018-09-20 09:00:00,5264.0,5123.476602282799,2018-09-20 08:00:00,140.52339771720108
base_02,sarimax,2018-09-20 09:00:00,2018-09-20 10:00:00,4326.0,5011.526427107259,2018-09-20 09:00:00,-685.5264271072592
base_02,sarimax,2018-09-20 10:00:00,2018-09-20 11:00:00,4592.0,4300.417548887995,2018-09-20 10:00:00,291.5824511120054
base_02,sarimax,2018-09-20 11:00:00,2018-09-20 12:00:00,4695.0,4643.169917661753,2018-09-20 11:00:00,51.83008233824694
base_02,sarimax,2018-09-20 12:00:00,2018-09-20 13:00:00,4459.0,4716.9511163348525,2018-09-20 12:00:00,-257.9511163348525
base_02,sarimax,2018-09-20 13:00:00,2018-09-20 14:00:00,4517.0,4567.9714766900715,2018-09-20 13:00:00,-50.97147669007154
base_02,sarimax,2018-09-20 14:00:00,2018-09-20 15:00:00,5257.0,4499.907895059517,2018-09-20 14:00:00,757.0921049404833
base_02,sarimax,2018-09-20 15:00:00,2018-09-20 16:00:00,6331.0,5248.393902133966,2018-09-20 15:00:00,1082.6060978660344
base_02,sarimax,2018-09-20 16:00:00,2018-09-20 17:00:00,5065.0,6359.575203289112,2018-09-20 16:00:00,-1294.5752032891123
base_02,sarimax,2018-09-20 17:00:00,2018-09-20 18:00:00,3898.0,5062.851287823672,2018-09-20 17:00:00,-1164.8512878236716
base_02,sarimax,2018-09-20 18:00:00,2018-09-20 19:00:00,2957.0,3818.4705740112377,2018-09-20 18:00:00,-861.4705740112377
base_02,sarimax,2018-09-20 19:00:00,2018-09-20 20:00:00,2740.0,2845.795583106536,2018-09-20 19:00:00,-105.79558310653601
base_02,sarimax,2018-09-20 20:00:00,2018-09-20 21:00:00,3497.0,2877.5646175660513,2018-09-20 20:00:00,619.4353824339487
base_02,sarimax,2018-09-20 21:00:00,2018-09-20 22:00:00,2356.0,3618.060750482922,2018-09-20 21:00:00,-1262.0607504829218
base_02,sarimax,2018-09-20 22:00:00,2018-09-20 23:00:00,1633.0,2455.6167548730223,2018-09-20 22:00:00,-822.6167548730223
base_02,sarimax,2018-09-20 23:00:00,2018-09-21 00:00:00,698.0,1665.1284226751766,2018-09-20 23:00:00,-967.1284226751766
base_02,sarimax,2018-09-21 00:00:00,2018-09-21 01:00:00,407.0,626.8149058435918,2018-09-21 00:00:00,-219.81490584359176
base_02,sarimax,2018-09-21 01:00:00,2018-09-21 02:00:00,304.0,508.3636368247702,2018-09-21 01:00:00,-204.3636368247702
base_02,sarimax,2018-09-21 02:00:00,2018-09-21 03:00:00,377.0,352.9106559383001,2018-09-21 02:00:00,24.089344061699876
base_02,sarimax,2018-09-21 03:00:00,2018-09-21 04:00:00,867.0,457.46334069027307,2018-09-21 03:00:00,409.53665930972693
base_02,sarimax,2018-09-21 04:00:00,2018-09-21 05:00:00,2919.0,876.7533833894215,2018-09-21 04:00:00,2042.2466166105785
base_02,sarimax,2018-09-21 05:00:00,2018-09-21 06:00:00,5457.0,2901.7108977914554,2018-09-21 05:00:00,2555.2891022085446
base_02,sarimax,2018-09-21 06:00:00,2018-09-21 07:00:00,6539.0,5434.988292174317,2018-09-21 06:00:00,1104.0117078256826
base_02,sarimax,2018-09-21 07:00:00,2018-09-21 08:00:00,5653.0,6467.328405418753,2018-09-21 07:00:00,-814.3284054187534
base_02,sarimax,2018-09-21 08:00:00,2018-09-21 09:00:00,4981.0,5415.513739067322,2018-09-21 08:00:00,-434.5137390673217
base_02,sarimax,2018-09-21 09:00:00,2018-09-21 10:00:00,4548.0,4710.983231416431,2018-09-21 09:00:00,-162.9832314164314
base_02,sarimax,2018-09-21 10:00:00,2018-09-21 11:00:00,4937.0,4434.772020110971,2018-09-21 10:00:00,502.2279798890286
base_02,sarimax,2018-09-21 11:00:00,2018-09-21 12:00:00,5039.0,5030.40511054558,2018-09-21 11:00:00,8.5948894544199
base_02,sarimax,2018-09-21 12:00:00,2018-09-21 13:00:00,4901.0,5106.420613057796,2018-09-21 12:00:00,-205.4206130577959
base_02,sarimax,2018-09-21 13:00:00,2018-09-21 14:00:00,5185.0,4954.354999645146,2018-09-21 13:00:00,230.64500035485435
base_02,sarimax,2018-09-21 14:00:00,2018-09-21 15:00:00,5973.0,5155.967238252038,2018-09-21 14:00:00,817.0327617479616
base_02,sarimax,2018-09-21 15:00:00,2018-09-21 16:00:00,6007.0,5973.633987418884,2018-09-21 15:00:00,33.36601258111568
base_02,sarimax,2018-09-21 16:00:00,2018-09-21 17:00:00,5489.0,6041.216896218125,2018-09-21 16:00:00,-552.2168962181249
base_02,sarimax,2018-09-21 17:00:00,2018-09-21 18:00:00,4607.0,5475.442740100768,2018-09-21 17:00:00,-868.4427401007679
base_02,sarimax,2018-09-21 18:00:00,2018-09-21 19:00:00,3958.0,4527.355852728368,2018-09-21 18:00:00,-569.3558527283676
base_02,sarimax,2018-09-21 19:00:00,2018-09-21 20:00:00,3255.0,3935.4815810471932,2018-09-21 19:00:00,-680.4815810471932
base_02,sarimax,2018-09-21 20:00:00,2018-09-21 21:00:00,2931.0,3259.161707444118,2018-09-21 20:00:00,-328.16170744411784
base_02,sarimax,2018-09-21 21:00:00,2018-09-21 22:00:00,2570.0,2989.9208254726555,2018-09-21 21:00:00,-419.92082547265545
base_02,sarimax,2018-09-21 22:00:00,2018-09-21 23:00:00,2179.0,2607.8392786434497,2018-09-21 22:00:00,-428.8392786434497
base_02,sarimax,2018-09-21 23:00:00,2018-09-22 00:00:00,1516.0,2235.514669877953,2018-09-21 23:00:00,-719.5146698779531
base_02,sarimax,2018-09-22 00:00:00,2018-09-22 01:00:00,1273.0,1527.8879829956468,2018-09-22 00:00:00,-254.88798299564678
base_02,sarimax,2018-09-22 01:00:00,2018-09-22 02:00:00,1207.0,1299.074189500314,2018-09-22 01:00:00,-92.0741895003141
base_02,sarimax,2018-09-22 02:00:00,2018-09-22 03:00:00,611.0,1241.7170422498073,2018-09-22 02:00:00,-630.7170422498073
base_02,sarimax,2018-09-22 03:00:00,2018-09-22 04:00:00,647.0,673.14405647322,2018-09-22 03:00:00,-26.144056473219962
base_02,sarimax,2018-09-22 04:00:00,2018-09-22 05:00:00,960.0,668.7898101065349,2018-09-22 04:00:00,291.2101898934651
base_02,sarimax,2018-09-22 05:00:00,2018-09-22 06:00:00,1635.0,967.8482343197775,2018-09-22 05:00:00,667.1517656802225
base_02,sarimax,2018-09-22 06:00:00,2018-09-22 07:00:00,2445.0,1701.5675620026668,2018-09-22 06:00:00,743.4324379973332
base_02,sarimax,2018-09-22 07:00:00,2018-09-22 08:00:00,3415.0,2450.943331873918,2018-09-22 07:00:00,964.0566681260821
base_02,sarimax,2018-09-22 08:00:00,2018-09-22 09:00:00,3770.0,3389.6181730381336,2018-09-22 08:00:00,380.3818269618664
base_02,sarimax,2018-09-22 09:00:00,2018-09-22 10:00:00,4308.0,3735.2397516863716,2018-09-22 09:00:00,572.7602483136284
base_02,sarimax,2018-09-22 10:00:00,2018-09-22 11:00:00,4638.0,4277.765571313454,2018-09-22 10:00:00,360.2344286865464
base_02,sarimax,2018-09-22 11:00:00,2018-09-22 12:00:00,4831.0,4578.945716802968,2018-09-22 11:00:00,252.05428319703242
base_02,sarimax,2018-09-22 12:00:00,2018-09-22 13:00:00,4565.0,4830.6709795753695,2018-09-22 12:00:00,-265.67097957536953
base_02,sarimax,2018-09-22 13:00:00,2018-09-22 14:00:00,4654.0,4537.23693871445,2018-09-22 13:00:00,116.76306128555007
base_02,sarimax,2018-09-22 14:00:00,2018-09-22 15:00:00,4589.0,4647.755522254718,2018-09-22 14:00:00,-58.75552225471802
base_02,sarimax,2018-09-22 15:00:00,2018-09-22 16:00:00,4582.0,4593.138453497608,2018-09-22 15:00:00,-11.13845349760777
base_02,sarimax,2018-09-22 16:00:00,2018-09-22 17:00:00,4847.0,4629.413386675557,2018-09-22 16:00:00,217.58661332444262
base_02,sarimax,2018-09-22 17:00:00,2018-09-22 18:00:00,4620.0,4851.901469919537,2018-09-22 17:00:00,-231.9014699195368
base_02,sarimax,2018-09-22 18:00:00,2018-09-22 19:00:00,4347.0,4625.565067336149,2018-09-22 18:00:00,-278.5650673361488
base_02,sarimax,2018-09-22 19:00:00,2018-09-22 20:00:00,3602.0,4332.087006066012,2018-09-22 19:00:00,-730.0870060660118
base_02,sarimax,2018-09-22 20:00:00,2018-09-22 21:00:00,2985.0,3524.0414843282983,2018-09-22 20:00:00,-539.0414843282983
base_02,sarimax,2018-09-22 21:00:00,2018-09-22 22:00:00,2480.0,2990.1093807666994,2018-09-22 21:00:00,-510.10938076669936
base_02,sarimax,2018-09-22 22:00:00,2018-09-22 23:00:00,1871.0,2496.2376744373196,2018-09-22 22:00:00,-625.2376744373196
base_02,sarimax,2018-09-22 23:00:00,2018-09-23 00:00:00,1249.0,1936.5395170064332,2018-09-22 23:00:00,-687.5395170064332
base_02,sarimax,2018-09-23 00:00:00,2018-09-23 01:00:00,690.0,1286.1427921513412,2018-09-23 00:00:00,-596.1427921513412
base_02,sarimax,2018-09-23 01:00:00,2018-09-23 02:00:00,565.0,747.240413728028,2018-09-23 01:00:00,-182.240413728028
base_02,sarimax,2018-09-23 02:00:00,2018-09-23 03:00:00,319.0,617.9223181652948,2018-09-23 02:00:00,-298.92231816529477
base_02,sarimax,2018-09-23 03:00:00,2018-09-23 04:00:00,339.0,369.1975876756086,2018-09-23 03:00:00,-30.197587675608588
base_02,sarimax,2018-09-23 04:00:00,2018-09-23 05:00:00,514.0,380.2755205829592,2018-09-23 04:00:00,133.7244794170408
base_02,sarimax,2018-09-23 05:00:00,2018-09-23 06:00:00,910.0,512.7842351208396,2018-09-23 05:00:00,397.21576487916036
base_02,sarimax,2018-09-23 06:00:00,2018-09-23 07:00:00,1402.0,928.997844199882,2018-09-23 06:00:00,473.002155800118
base_02,sarimax,2018-09-23 07:00:00,2018-09-23 08:00:00,2203.0,1404.8987097107424,2018-09-23 07:00:00,798.1012902892576
base_02,sarimax,2018-09-23 08:00:00,2018-09-23 09:00:00,3562.0,2192.00980390119,2018-09-23 08:00:00,1369.99019609881
base_02,sarimax,2018-09-23 09:00:00,2018-09-23 10:00:00,4594.0,3564.7659953399816,2018-09-23 09:00:00,1029.2340046600184
base_02,sarimax,2018-09-23 10:00:00,2018-09-23 11:00:00,4252.0,4588.656883793051,2018-09-23 10:00:00,-336.65688379305084
base_02,sarimax,2018-09-23 11:00:00,2018-09-23 12:00:00,3945.0,4219.025232034888,2018-09-23 11:00:00,-274.0252320348882
base_02,sarimax,2018-09-23 12:00:00,2018-09-23 13:00:00,4107.0,3839.991550307287,2018-09-23 12:00:00,267.00844969271293
base_02,sarimax,2018-09-23 13:00:00,2018-09-23 14:00:00,4091.0,4043.000058527491,2018-09-23 13:00:00,47.99994147250891
base_02,sarimax,2018-09-23 14:00:00,2018-09-23 15:00:00,4195.0,4150.99165100817,2018-09-23 14:00:00,44.008348991829735
base_02,sarimax,2018-09-23 15:00:00,2018-09-23 16:00:00,4413.0,4245.589088666503,2018-09-23 15:00:00,167.4109113334971
base_02,sarimax,2018-09-23 16:00:00,2018-09-23 17:00:00,4117.0,4409.801932808143,2018-09-23 16:00:00,-292.80193280814274
base_02,sarimax,2018-09-23 17:00:00,2018-09-23 18:00:00,3997.0,4128.460956048624,2018-09-23 17:00:00,-131.4609560486242
base_02,sarimax,2018-09-23 18:00:00,2018-09-23 19:00:00,3516.0,3973.0599678317235,2018-09-23 18:00:00,-457.0599678317235
base_02,sarimax,2018-09-23 19:00:00,2018-09-23 20:00:00,2846.0,3476.2018806540827,2018-09-23 19:00:00,-630.2018806540827
base_02,sarimax,2018-09-23 20:00:00,2018-09-23 21:00:00,2346.0,2830.9707687952405,2018-09-23 20:00:00,-484.9707687952405
base_02,sarimax,2018-09-23 21:00:00,2018-09-23 22:00:00,1635.0,2345.3558193475246,2018-09-23 21:00:00,-710.3558193475246
base_02,sarimax,2018-09-23 22:00:00,2018-09-23 23:00:00,934.0,1666.1731313395308,2018-09-23 22:00:00,-732.1731313395308
base_02,sarimax,2018-09-23 23:00:00,2018-09-24 00:00:00,509.0,994.7002279182178,2018-09-23 23:00:00,-485.7002279182178
base_02,sarimax,2018-09-24 00:00:00,2018-09-24 01:00:00,344.0,540.1085737890168,2018-09-24 00:00:00,-196.10857378901676
base_02,sarimax,2018-09-24 01:00:00,2018-09-24 02:00:00,219.0,403.74691722135526,2018-09-24 01:00:00,-184.74691722135526
base_02,sarimax,2018-09-24 02:00:00,2018-09-24 03:00:00,328.0,274.72885600426383,2018-09-24 02:00:00,53.27114399573617
base_02,sarimax,2018-09-24 03:00:00,2018-09-24 04:00:00,888.0,366.29761829308507,2018-09-24 03:00:00,521.7023817069149
base_02,sarimax,2018-09-24 04:00:00,2018-09-24 05:00:00,2954.0,891.1929068823596,2018-09-24 04:00:00,2062.8070931176403
base_02,sarimax,2018-09-24 05:00:00,2018-09-24 06:00:00,5747.0,2960.1436905962137,2018-09-24 05:00:00,2786.8563094037863
base_02,sarimax,2018-09-24 06:00:00,2018-09-24 07:00:00,6591.0,5722.409463203974,2018-09-24 06:00:00,868.5905367960258
base_02,sarimax,2018-09-24 07:00:00,2018-09-24 08:00:00,5900.0,6529.643564951515,2018-09-24 07:00:00,-629.6435649515151
base_02,sarimax,2018-09-24 08:00:00,2018-09-24 09:00:00,4936.0,5685.68261702843,2018-09-24 08:00:00,-749.6826170284303
base_02,sarimax,2018-09-24 09:00:00,2018-09-24 10:00:00,4351.0,4668.57061235152,2018-09-24 09:00:00,-317.57061235152014
base_02,sarimax,2018-09-24 10:00:00,2018-09-24 11:00:00,4468.0,4298.824074443104,2018-09-24 10:00:00,169.1759255568959
base_02,sarimax,2018-09-24 11:00:00,2018-09-24 12:00:00,4531.0,4582.819121341197,2018-09-24 11:00:00,-51.81912134119739
base_02,sarimax,2018-09-24 12:00:00,2018-09-24 13:00:00,4433.0,4657.664618903924,2018-09-24 12:00:00,-224.66461890392384
base_02,sarimax,2018-09-24 13:00:00,2018-09-24 14:00:00,4816.0,4532.081298226077,2018-09-24 13:00:00,283.9187017739232
base_02,sarimax,2018-09-24 14:00:00,2018-09-24 15:00:00,5443.0,4821.905155430928,2018-09-24 14:00:00,621.0948445690719
base_02,sarimax,2018-09-24 15:00:00,2018-09-24 16:00:00,6307.0,5451.59804273426,2018-09-24 15:00:00,855.4019572657398
base_02,sarimax,2018-09-24 16:00:00,2018-09-24 17:00:00,5562.0,6330.504643758697,2018-09-24 16:00:00,-768.5046437586971
base_02,sarimax,2018-09-24 17:00:00,2018-09-24 18:00:00,4167.0,5521.11547908029,2018-09-24 17:00:00,-1354.1154790802902
base_02,sarimax,2018-09-24 18:00:00,2018-09-24 19:00:00,3253.0,4088.8412086781477,2018-09-24 18:00:00,-835.8412086781477
base_02,sarimax,2018-09-24 19:00:00,2018-09-24 20:00:00,2559.0,3133.47422831844,2018-09-24 19:00:00,-574.47422831844
base_02,sarimax,2018-09-24 20:00:00,2018-09-24 21:00:00,2084.0,2599.815877453713,2018-09-24 20:00:00,-515.8158774537128
base_02,sarimax,2018-09-24 21:00:00,2018-09-24 22:00:00,1392.0,2192.5829651514728,2018-09-24 21:00:00,-800.5829651514728
base_02,sarimax,2018-09-24 22:00:00,2018-09-24 23:00:00,826.0,1465.3181984063917,2018-09-24 22:00:00,-639.3181984063917
base_02,sarimax,2018-09-24 23:00:00,2018-09-25 00:00:00,527.0,866.1183421109806,2018-09-24 23:00:00,-339.1183421109806
base_02,sarimax,2018-09-25 00:00:00,2018-09-25 01:00:00,302.0,552.4424940515723,2018-09-25 00:00:00,-250.44249405157234
base_02,sarimax,2018-09-25 01:00:00,2018-09-25 02:00:00,234.0,357.0060850111695,2018-09-25 01:00:00,-123.00608501116949
base_02,sarimax,2018-09-25 02:00:00,2018-09-25 03:00:00,366.0,282.8887728735658,2018-09-25 02:00:00,83.11122712643419
base_02,sarimax,2018-09-25 03:00:00,2018-09-25 04:00:00,880.0,387.0252214554162,2018-09-25 03:00:00,492.9747785445838
base_02,sarimax,2018-09-25 04:00:00,2018-09-25 05:00:00,3063.0,881.0275058259713,2018-09-25 04:00:00,2181.9724941740287
base_02,sarimax,2018-09-25 05:00:00,2018-09-25 06:00:00,5833.0,3061.3669012634555,2018-09-25 05:00:00,2771.6330987365445
base_02,sarimax,2018-09-25 06:00:00,2018-09-25 07:00:00,6568.0,5805.557828900156,2018-09-25 06:00:00,762.442171099844
base_02,sarimax,2018-09-25 07:00:00,2018-09-25 08:00:00,6080.0,6517.865008680567,2018-09-25 07:00:00,-437.86500868056737
base_02,sarimax,2018-09-25 08:00:00,2018-09-25 09:00:00,5083.0,5852.244200231669,2018-09-25 08:00:00,-769.2442002316693
base_02,sarimax,2018-09-25 09:00:00,2018-09-25 10:00:00,4385.0,4791.521179832284,2018-09-25 09:00:00,-406.52117983228436
base_02,sarimax,2018-09-25 10:00:00,2018-09-25 11:00:00,4458.0,4307.675120814842,2018-09-25 10:00:00,150.32487918515835
base_02,sarimax,2018-09-25 11:00:00,2018-09-25 12:00:00,4580.0,4506.379194365258,2018-09-25 11:00:00,73.62080563474228
base_02,sarimax,2018-09-25 12:00:00,2018-09-25 13:00:00,4716.0,4681.205476458063,2018-09-25 12:00:00,34.79452354193745
base_02,sarimax,2018-09-25 13:00:00,2018-09-25 14:00:00,4973.0,4786.874903086027,2018-09-25 13:00:00,186.1250969139728
base_02,sarimax,2018-09-25 14:00:00,2018-09-25 15:00:00,5748.0,4963.82493890741,2018-09-25 14:00:00,784.1750610925901
base_02,sarimax,2018-09-25 15:00:00,2018-09-25 16:00:00,6597.0,5735.950416669363,2018-09-25 15:00:00,861.0495833306368
base_02,sarimax,2018-09-25 16:00:00,2018-09-25 17:00:00,5734.0,6588.2494606616165,2018-09-25 16:00:00,-854.2494606616165
base_02,sarimax,2018-09-25 17:00:00,2018-09-25 18:00:00,4320.0,5724.043267124877,2018-09-25 17:00:00,-1404.0432671248773
base_02,sarimax,2018-09-25 18:00:00,2018-09-25 19:00:00,3058.0,4243.577813539792,2018-09-25 18:00:00,-1185.5778135397923
base_02,sarimax,2018-09-25 19:00:00,2018-09-25 20:00:00,2765.0,2963.775430063197,2018-09-25 19:00:00,-198.77543006319684
base_02,sarimax,2018-09-25 20:00:00,2018-09-25 21:00:00,2282.0,2837.310970206721,2018-09-25 20:00:00,-555.3109702067209
base_02,sarimax,2018-09-25 21:00:00,2018-09-25 22:00:00,1571.0,2409.782867290333,2018-09-25 21:00:00,-838.7828672903329
base_02,sarimax,2018-09-25 22:00:00,2018-09-25 23:00:00,924.0,1678.231235686208,2018-09-25 22:00:00,-754.231235686208
base_02,sarimax,2018-09-25 23:00:00,2018-09-26 00:00:00,543.0,942.8134199871319,2018-09-25 23:00:00,-399.81341998713185
base_02,sarimax,2018-09-26 00:00:00,2018-09-26 01:00:00,358.0,579.0876459398651,2018-09-26 00:00:00,-221.08764593986507
base_02,sarimax,2018-09-26 01:00:00,2018-09-26 02:00:00,227.0,431.01368757413354,2018-09-26 01:00:00,-204.01368757413354
base_02,sarimax,2018-09-26 02:00:00,2018-09-26 03:00:00,358.0,298.7412996351762,2018-09-26 02:00:00,59.258700364823824
base_02,sarimax,2018-09-26 03:00:00,2018-09-26 04:00:00,890.0,405.61865624671333,2018-09-26 03:00:00,484.38134375328667
base_02,sarimax,2018-09-26 04:00:00,2018-09-26 05:00:00,3052.0,904.0063775242066,2018-09-26 04:00:00,2147.9936224757935
base_02,sarimax,2018-09-26 05:00:00,2018-09-26 06:00:00,5930.0,3048.8069876158793,2018-09-26 05:00:00,2881.1930123841207
base_02,sarimax,2018-09-26 06:00:00,2018-09-26 07:00:00,6193.0,5889.5374883006925,2018-09-26 06:00:00,303.46251169930747
base_02,sarimax,2018-09-26 07:00:00,2018-09-26 08:00:00,6032.0,6133.692957128653,2018-09-26 07:00:00,-101.69295712865278
base_02,sarimax,2018-09-26 08:00:00,2018-09-26 09:00:00,5320.0,5815.477340094244,2018-09-26 08:00:00,-495.477340094244
base_02,sarimax,2018-09-26 09:00:00,2018-09-26 10:00:00,4523.0,5051.03266125532,2018-09-26 09:00:00,-528.0326612553199
base_02,sarimax,2018-09-26 10:00:00,2018-09-26 11:00:00,4721.0,4525.288091067976,2018-09-26 10:00:00,195.71190893202402
base_02,sarimax,2018-09-26 11:00:00,2018-09-26 12:00:00,4793.0,4781.66826257104,2018-09-26 11:00:00,11.331737428959968
base_02,sarimax,2018-09-26 12:00:00,2018-09-26 13:00:00,4624.0,4890.80096802721,2018-09-26 12:00:00,-266.8009680272098
base_02,sarimax,2018-09-26 13:00:00,2018-09-26 14:00:00,4928.0,4730.523140222191,2018-09-26 13:00:00,197.4768597778093
base_02,sarimax,2018-09-26 14:00:00,2018-09-26 15:00:00,5693.0,4922.669779611944,2018-09-26 14:00:00,770.3302203880557
base_02,sarimax,2018-09-26 15:00:00,2018-09-26 16:00:00,6334.0,5709.902450309038,2018-09-26 15:00:00,624.0975496909623
base_02,sarimax,2018-09-26 16:00:00,2018-09-26 17:00:00,5954.0,6360.005271126674,2018-09-26 16:00:00,-406.0052711266744
base_02,sarimax,2018-09-26 17:00:00,2018-09-26 18:00:00,4661.0,5931.443344818393,2018-09-26 17:00:00,-1270.4433448183927
base_02,sarimax,2018-09-26 18:00:00,2018-09-26 19:00:00,3639.0,4584.314859193639,2018-09-26 18:00:00,-945.3148591936388
base_02,sarimax,2018-09-26 19:00:00,2018-09-26 20:00:00,3197.0,3550.7137817015328,2018-09-26 19:00:00,-353.71378170153275
base_02,sarimax,2018-09-26 20:00:00,2018-09-26 21:00:00,3475.0,3193.801936304197,2018-09-26 20:00:00,281.19806369580283
base_02,sarimax,2018-09-26 21:00:00,2018-09-26 22:00:00,1973.0,3580.7828628915167,2018-09-26 21:00:00,-1607.7828628915167
base_02,sarimax,2018-09-26 22:00:00,2018-09-26 23:00:00,1209.0,2080.8403377246623,2018-09-26 22:00:00,-871.8403377246623
base_02,sarimax,2018-09-26 23:00:00,2018-09-27 00:00:00,654.0,1259.3337184979614,2018-09-26 23:00:00,-605.3337184979614
base_02,sarimax,2018-09-27 00:00:00,2018-09-27 01:00:00,421.0,628.9450403414544,2018-09-27 00:00:00,-207.9450403414544
base_02,sarimax,2018-09-27 01:00:00,2018-09-27 02:00:00,312.0,584.2869443662362,2018-09-27 01:00:00,-272.2869443662362
base_02,sarimax,2018-09-27 02:00:00,2018-09-27 03:00:00,373.0,398.50348990046894,2018-09-27 02:00:00,-25.503489900468935
base_02,sarimax,2018-09-27 03:00:00,2018-09-27 04:00:00,919.0,442.9053819879638,2018-09-27 03:00:00,476.0946180120362
base_02,sarimax,2018-09-27 04:00:00,2018-09-27 05:00:00,3002.0,944.1294159724478,2018-09-27 04:00:00,2057.8705840275525
base_02,sarimax,2018-09-27 05:00:00,2018-09-27 06:00:00,5685.0,3009.112410087912,2018-09-27 05:00:00,2675.887589912088
base_02,sarimax,2018-09-27 06:00:00,2018-09-27 07:00:00,6589.0,5656.654734328544,2018-09-27 06:00:00,932.3452656714562
base_02,sarimax,2018-09-27 07:00:00,2018-09-27 08:00:00,5946.0,6529.7005403608755,2018-09-27 07:00:00,-583.7005403608755
base_02,sarimax,2018-09-27 08:00:00,2018-09-27 09:00:00,5181.0,5728.202246348778,2018-09-27 08:00:00,-547.2022463487783
base_02,sarimax,2018-09-27 09:00:00,2018-09-27 10:00:00,4500.0,4912.101804090833,2018-09-27 09:00:00,-412.10180409083296
base_02,sarimax,2018-09-27 10:00:00,2018-09-27 11:00:00,4670.0,4422.220230019436,2018-09-27 10:00:00,247.7797699805642
base_02,sarimax,2018-09-27 11:00:00,2018-09-27 12:00:00,4849.0,4746.074840082603,2018-09-27 11:00:00,102.92515991739674
base_02,sarimax,2018-09-27 12:00:00,2018-09-27 13:00:00,4787.0,4935.221382355072,2018-09-27 12:00:00,-148.2213823550719
base_02,sarimax,2018-09-27 13:00:00,2018-09-27 14:00:00,4943.0,4865.931869257656,2018-09-27 13:00:00,77.06813074234378
base_02,sarimax,2018-09-27 14:00:00,2018-09-27 15:00:00,5892.0,4942.956008258398,2018-09-27 14:00:00,949.0439917416024
base_02,sarimax,2018-09-27 15:00:00,2018-09-27 16:00:00,6451.0,5872.477910091974,2018-09-27 15:00:00,578.5220899080259
base_02,sarimax,2018-09-27 16:00:00,2018-09-27 17:00:00,5968.0,6466.313232129201,2018-09-27 16:00:00,-498.3132321292014
base_02,sarimax,2018-09-27 17:00:00,2018-09-27 18:00:00,4498.0,5939.615132232469,2018-09-27 17:00:00,-1441.6151322324686
base_02,sarimax,2018-09-27 18:00:00,2018-09-27 19:00:00,3419.0,4390.44748184258,2018-09-27 18:00:00,-971.4474818425797
base_02,sarimax,2018-09-27 19:00:00,2018-09-27 20:00:00,2856.0,3348.9295421562806,2018-09-27 19:00:00,-492.9295421562806
base_02,sarimax,2018-09-27 20:00:00,2018-09-27 21:00:00,2649.0,2883.2159958780326,2018-09-27 20:00:00,-234.21599587803257
base_02,sarimax,2018-09-27 21:00:00,2018-09-27 22:00:00,2003.0,2779.8339060026005,2018-09-27 21:00:00,-776.8339060026005
base_02,sarimax,2018-09-27 22:00:00,2018-09-27 23:00:00,1278.0,2094.9660046586446,2018-09-27 22:00:00,-816.9660046586446
base_02,sarimax,2018-09-27 23:00:00,2018-09-28 00:00:00,699.0,1316.6635357115847,2018-09-27 23:00:00,-617.6635357115847
base_02,sarimax,2018-09-28 00:00:00,2018-09-28 01:00:00,461.0,702.4887371393315,2018-09-28 00:00:00,-241.48873713933153
base_02,sarimax,2018-09-28 01:00:00,2018-09-28 02:00:00,301.0,519.4330188645356,2018-09-28 01:00:00,-218.4330188645356
base_02,sarimax,2018-09-28 02:00:00,2018-09-28 03:00:00,367.0,362.24927965434927,2018-09-28 02:00:00,4.750720345650734
base_02,sarimax,2018-09-28 03:00:00,2018-09-28 04:00:00,870.0,411.5424395039845,2018-09-28 03:00:00,458.4575604960155
base_02,sarimax,2018-09-28 04:00:00,2018-09-28 05:00:00,2751.0,882.4254266040385,2018-09-28 04:00:00,1868.5745733959616
base_02,sarimax,2018-09-28 05:00:00,2018-09-28 06:00:00,5521.0,2765.8789302842515,2018-09-28 05:00:00,2755.1210697157485
base_02,sarimax,2018-09-28 06:00:00,2018-09-28 07:00:00,6401.0,5500.327532629438,2018-09-28 06:00:00,900.6724673705621
base_02,sarimax,2018-09-28 07:00:00,2018-09-28 08:00:00,5798.0,6338.822359822815,2018-09-28 07:00:00,-540.8223598228151
base_02,sarimax,2018-09-28 08:00:00,2018-09-28 09:00:00,4791.0,5598.233511842107,2018-09-28 08:00:00,-807.233511842107
base_02,sarimax,2018-09-28 09:00:00,2018-09-28 10:00:00,4574.0,4518.44541759281,2018-09-28 09:00:00,55.55458240718963
base_02,sarimax,2018-09-28 10:00:00,2018-09-28 11:00:00,4863.0,4510.3224491958545,2018-09-28 10:00:00,352.67755080414554
base_02,sarimax,2018-09-28 11:00:00,2018-09-28 12:00:00,5066.0,4954.834165639472,2018-09-28 11:00:00,111.1658343605277
base_02,sarimax,2018-09-28 12:00:00,2018-09-28 13:00:00,4898.0,5192.394136167165,2018-09-28 12:00:00,-294.394136167165
base_02,sarimax,2018-09-28 13:00:00,2018-09-28 14:00:00,5193.0,4926.002335575432,2018-09-28 13:00:00,266.99766442456803
base_02,sarimax,2018-09-28 14:00:00,2018-09-28 15:00:00,5838.0,5191.7186926630175,2018-09-28 14:00:00,646.2813073369825
base_02,sarimax,2018-09-28 15:00:00,2018-09-28 16:00:00,6188.0,5822.984312739129,2018-09-28 15:00:00,365.01568726087135
base_02,sarimax,2018-09-28 16:00:00,2018-09-28 17:00:00,5695.0,6211.591989550059,2018-09-28 16:00:00,-516.5919895500592
base_02,sarimax,2018-09-28 17:00:00,2018-09-28 18:00:00,5104.0,5663.064032524586,2018-09-28 17:00:00,-559.0640325245859
base_02,sarimax,2018-09-28 18:00:00,2018-09-28 19:00:00,4286.0,5022.6026846067925,2018-09-28 18:00:00,-736.6026846067925
base_02,sarimax,2018-09-28 19:00:00,2018-09-28 20:00:00,3538.0,4225.226981469946,2018-09-28 19:00:00,-687.2269814699457
base_02,sarimax,2018-09-28 20:00:00,2018-09-28 21:00:00,3058.0,3549.913065171512,2018-09-28 20:00:00,-491.9130651715118
base_02,sarimax,2018-09-28 21:00:00,2018-09-28 22:00:00,2713.0,3080.068009043574,2018-09-28 21:00:00,-367.06800904357397
base_02,sarimax,2018-09-28 22:00:00,2018-09-28 23:00:00,3544.0,2770.803708678797,2018-09-28 22:00:00,773.1962913212028
base_02,sarimax,2018-09-28 23:00:00,2018-09-29 00:00:00,1733.0,3605.814515172209,2018-09-28 23:00:00,-1872.8145151722092
base_02,sarimax,2018-09-29 00:00:00,2018-09-29 01:00:00,867.0,1752.701366920711,2018-09-29 00:00:00,-885.701366920711
base_02,sarimax,2018-09-29 01:00:00,2018-09-29 02:00:00,524.0,879.5125536127156,2018-09-29 01:00:00,-355.5125536127156
base_02,sarimax,2018-09-29 02:00:00,2018-09-29 03:00:00,359.0,435.8459657192984,2018-09-29 02:00:00,-76.84596571929842
base_02,sarimax,2018-09-29 03:00:00,2018-09-29 04:00:00,425.0,531.5576455458714,2018-09-29 03:00:00,-106.55764554587142
base_02,sarimax,2018-09-29 04:00:00,2018-09-29 05:00:00,743.0,504.77731659799457,2018-09-29 04:00:00,238.22268340200543
base_02,sarimax,2018-09-29 05:00:00,2018-09-29 06:00:00,1359.0,784.8575199846027,2018-09-29 05:00:00,574.1424800153973
base_02,sarimax,2018-09-29 06:00:00,2018-09-29 07:00:00,2036.0,1375.2980100369132,2018-09-29 06:00:00,660.7019899630868
base_02,sarimax,2018-09-29 07:00:00,2018-09-29 08:00:00,3073.0,2031.24402713987,2018-09-29 07:00:00,1041.75597286013
base_02,sarimax,2018-09-29 08:00:00,2018-09-29 09:00:00,3725.0,3052.40302055873,2018-09-29 08:00:00,672.5969794412699
base_02,sarimax,2018-09-29 09:00:00,2018-09-29 10:00:00,4059.0,3677.2164517930937,2018-09-29 09:00:00,381.7835482069063
base_02,sarimax,2018-09-29 10:00:00,2018-09-29 11:00:00,4378.0,4010.0759924385534,2018-09-29 10:00:00,367.9240075614466
base_02,sarimax,2018-09-29 11:00:00,2018-09-29 12:00:00,4657.0,4288.821399507164,2018-09-29 11:00:00,368.17860049283627
base_02,sarimax,2018-09-29 12:00:00,2018-09-29 13:00:00,4553.0,4607.421936163267,2018-09-29 12:00:00,-54.421936163266764
base_02,sarimax,2018-09-29 13:00:00,2018-09-29 14:00:00,4618.0,4535.707399712873,2018-09-29 13:00:00,82.29260028712724
base_02,sarimax,2018-09-29 14:00:00,2018-09-29 15:00:00,4564.0,4600.445875573035,2018-09-29 14:00:00,-36.445875573034755
base_02,sarimax,2018-09-29 15:00:00,2018-09-29 16:00:00,4735.0,4550.835939661465,2018-09-29 15:00:00,184.1640603385349
base_02,sarimax,2018-09-29 16:00:00,2018-09-29 17:00:00,4878.0,4756.024030944998,2018-09-29 16:00:00,121.97596905500177
base_02,sarimax,2018-09-29 17:00:00,2018-09-29 18:00:00,4569.0,4873.511727846484,2018-09-29 17:00:00,-304.51172784648406
base_02,sarimax,2018-09-29 18:00:00,2018-09-29 19:00:00,3818.0,4567.395291424479,2018-09-29 18:00:00,-749.3952914244792
base_02,sarimax,2018-09-29 19:00:00,2018-09-29 20:00:00,3338.0,3794.817391557559,2018-09-29 19:00:00,-456.81739155755895
base_02,sarimax,2018-09-29 20:00:00,2018-09-29 21:00:00,2950.0,3321.445162134806,2018-09-29 20:00:00,-371.4451621348062
base_02,sarimax,2018-09-29 21:00:00,2018-09-29 22:00:00,2607.0,2978.9662816896894,2018-09-29 21:00:00,-371.96628168968937
base_02,sarimax,2018-09-29 22:00:00,2018-09-29 23:00:00,3856.0,2686.6429076154354,2018-09-29 22:00:00,1169.3570923845646
base_02,sarimax,2018-09-29 23:00:00,2018-09-30 00:00:00,1826.0,3900.45710291347,2018-09-29 23:00:00,-2074.45710291347
base_02,sarimax,2018-09-30 00:00:00,2018-09-30 01:00:00,920.0,1865.4473213211334,2018-09-30 00:00:00,-945.4473213211334
base_02,sarimax,2018-09-30 01:00:00,2018-09-30 02:00:00,696.0,952.9125875114228,2018-09-30 01:00:00,-256.91258751142277
base_02,sarimax,2018-09-30 02:00:00,2018-09-30 03:00:00,364.0,564.6876622231578,2018-09-30 02:00:00,-200.68766222315776
base_02,sarimax,2018-09-30 03:00:00,2018-09-30 04:00:00,335.0,573.6814751254273,2018-09-30 03:00:00,-238.68147512542726
base_02,sarimax,2018-09-30 04:00:00,2018-09-30 05:00:00,444.0,424.5654433966332,2018-09-30 04:00:00,19.434556603366786
base_02,sarimax,2018-09-30 05:00:00,2018-09-30 06:00:00,802.0,468.5616869771289,2018-09-30 05:00:00,333.4383130228711
base_02,sarimax,2018-09-30 06:00:00,2018-09-30 07:00:00,1175.0,840.3591858439089,2018-09-30 06:00:00,334.6408141560911
base_02,sarimax,2018-09-30 07:00:00,2018-09-30 08:00:00,2002.0,1177.8161433883706,2018-09-30 07:00:00,824.1838566116294
base_02,sarimax,2018-09-30 08:00:00,2018-09-30 09:00:00,2882.0,1992.7527531662497,2018-09-30 08:00:00,889.2472468337503
base_02,sarimax,2018-09-30 09:00:00,2018-09-30 10:00:00,3701.0,2852.079457833664,2018-09-30 09:00:00,848.920542166336
base_02,sarimax,2018-09-30 10:00:00,2018-09-30 11:00:00,4049.0,3678.368307078157,2018-09-30 10:00:00,370.63169292184284
base_02,sarimax,2018-09-30 11:00:00,2018-09-30 12:00:00,4429.0,3979.7804524861913,2018-09-30 11:00:00,449.2195475138087
base_02,sarimax,2018-09-30 12:00:00,2018-09-30 13:00:00,4547.0,4348.672411721214,2018-09-30 12:00:00,198.3275882787857
base_02,sarimax,2018-09-30 13:00:00,2018-09-30 14:00:00,4380.0,4469.980953957901,2018-09-30 13:00:00,-89.98095395790097
base_02,sarimax,2018-09-30 14:00:00,2018-09-30 15:00:00,4302.0,4354.799766415837,2018-09-30 14:00:00,-52.79976641583744
base_02,sarimax,2018-09-30 15:00:00,2018-09-30 16:00:00,4283.0,4271.74070310278,2018-09-30 15:00:00,11.259296897220338
base_02,sarimax,2018-09-30 16:00:00,2018-09-30 17:00:00,4132.0,4282.885382117792,2018-09-30 16:00:00,-150.88538211779178
base_02,sarimax,2018-09-30 17:00:00,2018-09-30 18:00:00,3947.0,4158.340425803531,2018-09-30 17:00:00,-211.3404258035307
base_02,sarimax,2018-09-30 18:00:00,2018-09-30 19:00:00,3543.0,3943.983588573555,2018-09-30 18:00:00,-400.98358857355515
base_02,sarimax,2018-09-30 19:00:00,2018-09-30 20:00:00,2781.0,3530.431894501245,2018-09-30 19:00:00,-749.4318945012451
base_02,sarimax,2018-09-30 20:00:00,2018-09-30 21:00:00,2159.0,2783.679671215881,2018-09-30 20:00:00,-624.6796712158812
base_02,sarimax,2018-09-30 21:00:00,2018-09-30 22:00:00,1450.0,2178.3773695013133,2018-09-30 21:00:00,-728.3773695013133
base_02,sarimax,2018-09-30 22:00:00,2018-09-30 23:00:00,954.0,1477.4687279881173,2018-09-30 22:00:00,-523.4687279881173
