origin_time,target_time,y_true,y_pred_sarimax,residuo_sarimax,training_target_cutoff,erro_absoluto_sarimax,erro_quadratico_sarimax
2022-06-08,2022-06-09,30111.998046875,30243.92099296548,-131.92294609047894,2022-06-08,131.92294609047894,17403.663705191415
2022-06-09,2022-06-10,29083.8046875,30115.480655087493,-1031.6759675874928,2022-06-09,1031.6759675874928,1064355.3020975895
2022-06-10,2022-06-11,28360.810546875,29116.209315327727,-755.3987684527274,2022-06-10,755.3987684527274,570627.2993798972
2022-06-11,2022-06-12,26762.6484375,28383.916218510443,-1621.2677810104433,2022-06-11,1621.2677810104433,2628509.217742527
2022-06-12,2022-06-13,22487.388671875,26813.1779302714,-4325.7892583963985,2022-06-12,4325.7892583963985,18712452.708057664
2022-06-13,2022-06-14,22206.79296875,22623.196855461727,-416.40388671172695,2022-06-13,416.40388671172695,173392.19686863275
2022-06-14,2022-06-15,22572.83984375,22215.276157163895,357.5636865861052,2022-06-14,357.5636865861052,127851.78996504645
2022-06-15,2022-06-16,20381.650390625,22561.615996352022,-2179.965605727022,2022-06-15,2179.965605727022,4752250.042152783
2022-06-16,2022-06-17,20471.482421875,20450.853722324046,20.62869955095448,2022-06-16,20.62869955095448,425.54324516354956
2022-06-17,2022-06-18,19017.642578125,20468.810094949058,-1451.167516824058,2022-06-17,1451.167516824058,2105887.161885303
2022-06-18,2022-06-19,20553.271484375,19063.629122439244,1489.6423619357556,2022-06-18,1489.6423619357556,2219034.366473537
2022-06-19,2022-06-20,20599.537109375,20504.567389353662,94.96972002133771,2022-06-19,94.96972002133771,9019.247720931273
2022-06-20,2022-06-21,20710.59765625,20598.145063490883,112.45259275911667,2022-06-20,112.45259275911667,12645.585618247738
2022-06-21,2022-06-22,19987.029296875,20706.999520860198,-719.9702239851977,2022-06-21,719.9702239851977,518357.1234252957
2022-06-22,2022-06-23,21085.876953125,20010.08175786108,1075.7951952639196,2022-06-22,1075.7951952639196,1157335.302152935
2022-06-23,2022-06-24,21231.65625,21050.851720585822,180.80452941417752,2022-06-23,180.80452941417752,32690.277856682183
2022-06-24,2022-06-25,21502.337890625,21227.255137235596,275.0827533894044,2022-06-24,275.0827533894044,75670.52121229588
2022-06-25,2022-06-26,21027.294921875,21493.531579517952,-466.2366576429522,2022-06-25,466.2366576429522,217376.62093007143
2022-06-26,2022-06-27,20735.478515625,21042.609112428134,-307.1305968031338,2022-06-26,307.1305968031338,94329.20349264915
2022-06-27,2022-06-28,20280.634765625,20744.474492261186,-463.83972663618624,2022-06-27,463.83972663618624,215147.292005932
2022-06-28,2022-06-29,20104.0234375,20295.31703966641,-191.29360216640998,2022-06-28,191.29360216640998,36593.24222980074
2022-06-29,2022-06-30,19784.7265625,20109.354240551835,-324.62767805183466,2022-06-29,324.62767805183466,105383.12935732561
2022-06-30,2022-07-01,19269.3671875,19795.12241936093,-525.7552318609305,2022-06-30,525.7552318609305,276418.5638291408
2022-07-01,2022-07-02,19242.255859375,19285.446970940135,-43.191111565134634,2022-07-01,43.191111565134634,1865.4721182319067
2022-07-02,2022-07-03,19297.076171875,19243.35322684691,53.72294502809018,2022-07-02,53.72294502809018,2886.1548224911994
2022-07-03,2022-07-04,20231.26171875,19295.09952894222,936.1621898077792,2022-07-03,936.1621898077792,876399.6456256964
2022-07-04,2022-07-05,20190.115234375,20201.84100112551,-11.725766750510957,2022-07-04,11.725766750510957,137.49360588738827
2022-07-05,2022-07-06,20548.24609375,20191.26265547433,356.9834382756708,2022-07-05,356.9834382756708,127437.17520311965
2022-07-06,2022-07-07,21637.587890625,20537.029825871825,1100.5580647531751,2022-07-06,1100.5580647531751,1211228.0538932541
2022-07-07,2022-07-08,21731.1171875,21602.880480940643,128.23670655935712,2022-07-07,128.23670655935712,16444.652909190663
2022-07-08,2022-07-09,21592.20703125,21728.358293708545,-136.1512624585448,2022-07-08,136.1512624585448,18537.166269055553
2022-07-09,2022-07-10,20860.44921875,21596.41670352583,-735.9674847758288,2022-07-09,735.9674847758288,541648.1386472598
2022-07-10,2022-07-11,19970.556640625,20883.8681060286,-913.3114654035999,2022-07-10,913.3114654035999,834137.832837671
2022-07-11,2022-07-12,19323.9140625,19998.564511957844,-674.6504494578439,2022-07-11,674.6504494578439,455153.2289536708
2022-07-12,2022-07-13,20212.07421875,19344.612907801587,867.4613109484126,2022-07-12,867.4613109484126,752489.1259923385
2022-07-13,2022-07-14,20569.919921875,20183.656591321098,386.26333055390205,2022-07-13,386.26333055390205,149199.360530593
2022-07-14,2022-07-15,20836.328125,20558.849270950268,277.47885404973204,2022-07-14,277.47885404973204,76994.5144447525
2022-07-15,2022-07-16,21190.31640625,20827.612355020035,362.70405122996453,2022-07-15,362.70405122996453,131554.22877862875
2022-07-16,2022-07-17,20779.34375,21179.354589211867,-400.0108392118673,2022-07-16,400.0108392118673,160008.67148698235
2022-07-17,2022-07-18,22485.689453125,20792.146795099696,1693.5426580253043,2022-07-17,1693.5426580253043,2868086.7345514125
2022-07-18,2022-07-19,23389.43359375,22431.7242134051,957.7093803448988,2022-07-18,957.7093803448988,917207.25720061
2022-07-19,2022-07-20,23231.732421875,23360.675052372964,-128.94263049796427,2022-07-19,128.94263049796427,16626.201959734546
2022-07-20,2022-07-21,23164.62890625,23236.87862906369,-72.249722813689,2022-07-20,72.249722813689,5220.022446654893
2022-07-21,2022-07-22,22714.978515625,23166.608511276383,-451.62999565138307,2022-07-21,451.62999565138307,203969.6529720683
2022-07-22,2022-07-23,22465.478515625,22729.397754786183,-263.9192391611832,2022-07-22,263.9192391611832,69653.36479941782
2022-07-23,2022-07-24,22609.1640625,22473.220884486294,135.94317801370562,2022-07-23,135.94317801370562,18480.547648466054
2022-07-24,2022-07-25,21361.701171875,22604.758691396793,-1243.0575195217934,2022-07-24,1243.0575195217934,1545191.996839674
2022-07-25,2022-07-26,21239.75390625,21401.163046577836,-161.4091403278362,2022-07-25,161.4091403278362,26052.91058137112
2022-07-26,2022-07-27,22930.548828125,21243.66470189626,1686.8841262287388,2022-07-26,1686.8841262287388,2845578.0553224953
2022-07-27,2022-07-28,23843.88671875,22876.820337479883,967.0663812701168,2022-07-27,967.0663812701168,935217.385782879
2022-07-28,2022-07-29,23804.6328125,23815.076397970777,-10.44358547077718,2022-07-28,10.44358547077718,109.0684774854282
2022-07-29,2022-07-30,23656.20703125,23805.76934343462,-149.56231218461835,2022-07-29,149.56231218461835,22368.88522600924
2022-07-30,2022-07-31,23336.896484375,23661.02455699745,-324.1280726224504,2022-07-30,324.1280726224504,105059.0074619445
2022-07-31,2022-08-01,23314.19921875,23346.917798625524,-32.718579875523574,2022-07-31,32.718579875523574,1070.5054690710163
2022-08-01,2022-08-02,22978.1171875,23315.008615026618,-336.8914275266179,2022-08-01,336.8914275266179,113495.83394092246
2022-08-02,2022-08-03,22846.5078125,22988.69754178536,-142.18972928536095,2022-08-02,142.18972928536095,20217.919114244236
2022-08-03,2022-08-04,22630.95703125,22850.747327442146,-219.79029619214634,2022-08-03,219.79029619214634,48307.77430023142
2022-08-04,2022-08-05,23289.314453125,22637.72915610722,651.5852970177802,2022-08-04,651.5852970177802,424563.3992897489
2022-08-05,2022-08-06,22961.279296875,23268.465556341303,-307.18625946630345,2022-08-05,307.18625946630345,94363.3980048991
2022-08-06,2022-08-07,23175.890625,22971.695514234543,204.19511076545677,2022-08-06,204.19511076545677,41695.643260517165
2022-08-07,2022-08-08,23809.486328125,23169.04858746752,640.4377406574786,2022-08-07,640.4377406574786,410160.4996584558
2022-08-08,2022-08-09,23164.318359375,23789.416527617414,-625.0981682424135,2022-08-08,625.0981682424135,390747.7199400207
2022-08-09,2022-08-10,23947.642578125,23184.807925154397,762.8346529706032,2022-08-09,762.8346529706032,581916.7077727806
2022-08-10,2022-08-11,23957.529296875,23922.71406859413,34.81522828086963,2022-08-10,34.81522828086963,1212.1001202490647
2022-08-11,2022-08-12,24402.818359375,23957.338194623324,445.48016475167606,2022-08-11,445.48016475167606,198452.57718718043
2022-08-12,2022-08-13,24424.068359375,24388.560617585004,35.507741789995634,2022-08-12,35.507741789995634,1260.7997270250023
2022-08-13,2022-08-14,24319.333984375,24423.549395294223,-104.21541091922336,2022-08-13,104.21541091922336,10860.85187306258
2022-08-14,2022-08-15,24136.97265625,24322.506916347556,-185.5342600975564,2022-08-14,185.5342600975564,34422.96166994771
2022-08-15,2022-08-16,23883.291015625,24142.90422909227,-259.6132134672698,2022-08-15,259.6132134672698,67399.02060680221
2022-08-16,2022-08-17,23335.998046875,23891.18970831654,-555.1916614415386,2022-08-16,555.1916614415386,308237.780934216
2022-08-17,2022-08-18,23212.73828125,23353.506386747486,-140.76810549748552,2022-08-17,140.76810549748552,19815.659525351213
2022-08-18,2022-08-19,20877.552734375,23216.475511054967,-2338.922776679967,2022-08-18,2338.922776679967,5470559.755272326
2022-08-19,2022-08-20,21166.060546875,20951.854757885772,214.20578898922759,2022-08-19,214.20578898922759,45884.120036497494
2022-08-20,2022-08-21,21534.12109375,21156.547673059875,377.5734206901252,2022-08-20,377.5734206901252,142561.68801164225
2022-08-21,2022-08-22,21398.908203125,21522.80872450539,-123.90052138039027,2022-08-21,123.90052138039027,15351.339198332547
2022-08-22,2022-08-23,21528.087890625,21402.862374212513,125.2255164124872,2022-08-22,125.2255164124872,15681.4299607741
2022-08-23,2022-08-24,21395.01953125,21524.31039854956,-129.2908672995618,2022-08-23,129.2908672995618,16716.1283670729
2022-08-24,2022-08-25,21600.904296875,21398.934685876025,201.96961099897453,2022-08-24,201.96961099897453,40791.72376707709
2022-08-25,2022-08-26,20260.01953125,21594.66298644305,-1334.6434551930506,2022-08-25,1334.6434551930506,1781273.1524896445
2022-08-26,2022-08-27,20041.73828125,20302.31525702904,-260.57697577904037,2022-08-26,260.57697577904037,67900.36030615059
2022-08-27,2022-08-28,19616.814453125,20048.8305127389,-432.0160596138994,2022-08-27,432.0160596138994,186637.87576432028
2022-08-28,2022-08-29,20297.994140625,19630.12680758479,667.8673330402089,2022-08-28,667.8673330402089,446046.7745422413
2022-08-29,2022-08-30,19796.80859375,20276.50933819372,-479.7007444437186,2022-08-29,479.7007444437186,230112.8042198578
2022-08-30,2022-08-31,20049.763671875,19812.636232876695,237.12743899830457,2022-08-30,237.12743899830457,56229.42232589465
2022-08-31,2022-09-01,20127.140625,20041.774953303455,85.36567169654518,2022-08-31,85.36567169654518,7287.297904202334
2022-09-01,2022-09-02,19969.771484375,20124.66305703721,-154.89157266221082,2022-09-01,154.89157266221082,23991.399281772934
2022-09-02,2022-09-03,19832.087890625,19974.79476065483,-142.7068700298296,2022-09-02,142.7068700298296,20365.250753710676
2022-09-03,2022-09-04,19986.712890625,19836.41944476714,150.2934458578602,2022-09-03,150.2934458578602,22588.11986782956
2022-09-04,2022-09-05,19812.37109375,19981.831763783786,-169.4606700337863,2022-09-04,169.4606700337863,28716.918688299796
2022-09-05,2022-09-06,18837.66796875,19817.89116212194,-980.2231933719413,2022-09-05,980.2231933719413,960837.5088242863
2022-09-06,2022-09-07,19290.32421875,18868.613620258533,421.71059849146695,2022-09-06,421.71059849146695,177839.82888003124
2022-09-07,2022-09-08,19329.833984375,19275.872874832017,53.96110954298274,2022-09-07,53.96110954298274,2911.801343109783
2022-09-08,2022-09-09,21381.15234375,19328.69606670719,2052.4562770428092,2022-09-08,2052.4562770428092,4212576.769172429
2022-09-09,2022-09-10,21680.5390625,21315.914684686504,364.6243778134958,2022-09-09,364.6243778134958,132950.93689587893
2022-09-10,2022-09-11,21769.255859375,21671.31259114623,97.94326822876974,2022-09-10,97.94326822876974,9592.883791332735
2022-09-11,2022-09-12,22370.44921875,21766.188352988782,604.2608657612182,2022-09-11,604.2608657612182,365131.1938904969
2022-09-12,2022-09-13,20296.70703125,22351.617736275617,-2054.910705025617,2022-09-12,2054.910705025617,4222658.005628878
2022-09-13,2022-09-14,20241.08984375,20362.34141580853,-121.25157205852884,2022-09-13,121.25157205852884,14701.943726664611
2022-09-14,2022-09-15,19701.2109375,20242.886881338738,-541.675943838738,2022-09-14,541.675943838738,293412.82813358767
2022-09-15,2022-09-16,19772.583984375,19718.315653209476,54.268331165523705,2022-09-15,54.268331165523705,2945.0517674909515
2022-09-16,2022-09-17,20127.576171875,19770.30892453225,357.2672473427483,2022-09-16,357.2672473427483,127639.8860238645
2022-09-17,2022-09-18,19419.505859375,20116.32062431935,-696.814764944349,2022-09-17,696.814764944349,485550.8166444484
2022-09-18,2022-09-19,19544.12890625,19442.00023521054,102.12867103945973,2022-09-18,102.12867103945973,10430.265448286182
2022-09-19,2022-09-20,18890.7890625,19540.100168797624,-649.3111062976241,2022-09-19,649.3111062976241,421604.91276144446
2022-09-20,2022-09-21,18547.400390625,18911.613017890624,-364.2126272656242,2022-09-20,364.2126272656242,132650.8378597285
2022-09-21,2022-09-22,19413.55078125,18558.168259389175,855.3825218608254,2022-09-21,855.3825218608254,731679.2587049854
2022-09-22,2022-09-23,19297.638671875,19386.156539753603,-88.51786787860328,2022-09-22,88.51786787860328,7835.412933773867
2022-09-23,2022-09-24,18937.01171875,19301.286224613705,-364.2745058637047,2022-09-23,364.2745058637047,132695.91562224622
2022-09-24,2022-09-25,18802.09765625,18948.483593097262,-146.3859368472622,2022-09-24,146.3859368472622,21428.84250665064
2022-09-25,2022-09-26,19222.671875,18806.32907803063,416.3427969693694,2022-09-25,416.3427969693694,173341.32458827752
2022-09-26,2022-09-27,19110.546875,19209.359622426822,-98.81274742682217,2022-09-26,98.81274742682217,9763.959054036952
2022-09-27,2022-09-28,19426.720703125,19114.10127810864,312.61942501636076,2022-09-27,312.61942501636076,97730.90489756002
2022-09-28,2022-09-29,19573.05078125,19416.678872062683,156.37190918731721,2022-09-28,156.37190918731721,24452.173982886583
2022-09-29,2022-09-30,19431.7890625,19568.434758504583,-136.64569600458344,2022-09-29,136.64569600458344,18672.046236577033
2022-09-30,2022-10-01,19312.095703125,19436.256482485078,-124.16077936007787,2022-09-30,124.16077936007787,15415.899131301938
2022-10-01,2022-10-02,19044.107421875,19315.901392178475,-271.79397030347536,2022-10-01,271.79397030347536,73871.96229332645
2022-10-02,2022-10-03,19623.580078125,19052.60021087323,570.9798672517718,2022-10-02,570.9798672517718,326018.00880685094
2022-10-03,2022-10-04,20336.84375,19605.176103566857,731.6676464331431,2022-10-03,731.6676464331431,535337.5448370149
2022-10-04,2022-10-05,20160.716796875,20314.25296712037,-153.53617024537016,2022-10-04,153.53617024537016,23573.35557361529
2022-10-05,2022-10-06,19955.443359375,20166.3134130485,-210.8700536735014,2022-10-05,210.8700536735014,44466.17953626536
2022-10-06,2022-10-07,19546.849609375,19961.94117582953,-415.0915664545282,2022-10-06,415.0915664545282,172301.008541674
2022-10-07,2022-10-08,19416.568359375,19559.82398133822,-143.25562196322062,2022-10-07,143.25562196322062,20522.173224069178
2022-10-08,2022-10-09,19446.42578125,19420.668907319763,25.756873930236907,2022-10-08,25.756873930236907,663.4165546581175
2022-10-09,2022-10-10,19141.484375,19445.502451170127,-304.01807617012673,2022-10-09,304.01807617012673,92426.99063818499
2022-10-10,2022-10-11,19051.41796875,19151.143857295967,-99.72588854596688,2022-10-10,99.72588854596688,9945.252846282609
2022-10-11,2022-10-12,19157.4453125,19054.274088439604,103.17122406039562,2022-10-11,103.17122406039562,10644.301474120355
2022-10-12,2022-10-13,19382.904296875,19154.075052789743,228.8292440852565,2022-10-12,228.8292440852565,52362.8229486299
2022-10-13,2022-10-14,19185.65625,19375.75907995477,-190.10282995476882,2022-10-13,190.10282995476882,36139.08595681175
2022-10-14,2022-10-15,19067.634765625,19191.92441321325,-124.28964758825168,2022-10-14,124.28964758825168,15447.916497611797
2022-10-15,2022-10-16,19268.09375,19071.35977910252,196.7339708974796,2022-10-15,196.7339708974796,38704.255305090344
2022-10-16,2022-10-17,19550.7578125,19261.74158568471,289.016226815289,2022-10-16,289.016226815289,83530.37936254656
2022-10-17,2022-10-18,19334.416015625,19541.788210203067,-207.37219457806714,2022-10-17,207.37219457806714,43003.22708412374
2022-10-18,2022-10-19,19139.53515625,19341.303185895405,-201.76802964540548,2022-10-18,201.76802964540548,40710.33778698922
2022-10-19,2022-10-20,19053.740234375,19145.686086823644,-91.94585244864356,2022-10-19,91.94585244864356,8454.039782507734
2022-10-20,2022-10-21,19172.46875,19056.483911390336,115.98483860966371,2022-10-20,115.98483860966371,13452.482787309738
2022-10-21,2022-10-22,19208.189453125,19168.672690491778,39.51676263322224,2022-10-21,39.51676263322224,1561.5745290104296
2022-10-22,2022-10-23,19567.0078125,19207.091439284384,359.91637321561575,2022-10-22,359.91637321561575,129539.7957086824
2022-10-23,2022-10-24,19345.572265625,19555.583232700003,-210.01096707500255,2022-10-23,210.01096707500255,44104.6062917778
2022-10-24,2022-10-25,20095.857421875,19352.664180882246,743.193240992754,2022-10-24,743.193240992754,552336.1934573137
2022-10-25,2022-10-26,20770.44140625,20071.9580318376,698.4833744124007,2022-10-25,698.4833744124007,487879.024330534
2022-10-26,2022-10-27,20285.8359375,20749.16422103387,-463.32828353386867,2022-10-26,463.32828353386867,214673.098322441
2022-10-27,2022-10-28,20595.3515625,20301.13841325055,294.2131492494518,2022-10-27,294.2131492494518,86561.3771912802
2022-10-28,2022-10-29,20818.4765625,20585.56729170681,232.90927079318863,2022-10-28,232.90927079318863,54246.72842141487
2022-10-29,2022-10-30,20635.603515625,20811.37623512816,-175.77271950315844,2022-10-29,175.77271950315844,30896.048921536018
2022-10-30,2022-10-31,20495.7734375,20641.44398948335,-145.67055198334856,2022-10-30,145.67055198334856,21219.909715133454
2022-10-31,2022-11-01,20485.2734375,20500.16364220192,-14.890204701918265,2022-10-31,14.890204701918265,221.7181960650288
2022-11-01,2022-11-02,20159.50390625,20485.643953401413,-326.14004715141346,2022-11-01,326.14004715141346,106367.3303559262
2022-11-02,2022-11-03,20209.98828125,20169.808914292797,40.179366957203456,2022-11-02,40.179366957203456,1614.3815290816128
2022-11-03,2022-11-04,21147.23046875,20208.396010323995,938.8344584260049,2022-11-03,938.8344584260049,881410.1403280499
2022-11-04,2022-11-05,21282.69140625,21117.468407661247,165.2229985887534,2022-11-04,165.2229985887534,27298.639262659206
2022-11-05,2022-11-06,20926.486328125,21278.47366199524,-351.9873338702382,2022-11-05,351.9873338702382,123895.08320507855
2022-11-06,2022-11-07,20602.81640625,20937.724326821222,-334.90792057122235,2022-11-06,334.90792057122235,112163.31526134018
2022-11-07,2022-11-08,18541.271484375,20613.133296567394,-2071.8618121923937,2022-11-07,2071.8618121923937,4292611.36882115
2022-11-08,2022-11-09,15880.7802734375,18606.65494185325,-2725.8746684157486,2022-11-08,2725.8746684157486,7430392.707910667
2022-11-09,2022-11-10,17586.771484375,15965.143694012742,1621.6277903622577,2022-11-09,1621.6277903622577,2629676.6904751784
2022-11-10,2022-11-11,17034.29296875,17532.492878291876,-498.19990954187597,2022-11-10,498.19990954187597,248203.1498675334
2022-11-11,2022-11-12,16799.185546875,17052.08788603999,-252.90233916498983,2022-11-11,252.90233916498983,63959.59315512355
2022-11-12,2022-11-13,16353.365234375,16806.352741448365,-452.9875070733651,2022-11-12,452.9875070733651,205197.68156454203
2022-11-13,2022-11-14,16618.19921875,16367.793724365869,250.4054943841311,2022-11-13,250.4054943841311,62702.91161776111
2022-11-14,2022-11-15,16884.61328125,16609.483320381467,275.1299608685331,2022-11-14,275.1299608685331,75696.49536752055
2022-11-15,2022-11-16,16669.439453125,16876.481207739303,-207.0417546143035,2022-11-15,207.0417546143035,42866.28815376946
2022-11-16,2022-11-17,16687.517578125,16675.970201061333,11.547377063667227,2022-11-16,11.547377063667227,133.34191705050796
2022-11-17,2022-11-18,16697.77734375,16687.223289556612,10.554054193387856,2022-11-17,10.554054193387856,111.38805991696778
2022-11-18,2022-11-19,16711.546875,16697.176571219177,14.370303780822724,2022-11-18,14.370303780822724,206.50563075312786
2022-11-19,2022-11-20,16291.83203125,16711.382513453405,-419.5504822034054,2022-11-19,419.5504822034054,176022.60711711
2022-11-20,2022-11-21,15787.2841796875,16304.888630179452,-517.6044504919519,2022-11-20,517.6044504919519,267914.36716907547
2022-11-21,2022-11-22,16189.76953125,15803.533933481009,386.2355977689913,2022-11-21,386.2355977689913,149177.93698397002
2022-11-22,2022-11-23,16610.70703125,16176.721385060406,433.98564618959426,2022-11-22,433.98564618959426,188343.5410985997
2022-11-23,2022-11-24,16604.46484375,16597.642860185308,6.821983564692346,2022-11-23,6.821983564692346,46.53945975693249
2022-11-24,2022-11-25,16521.841796875,16604.400981128834,-82.55918425383425,2022-11-24,82.55918425383425,6816.018904658553
2022-11-25,2022-11-26,16464.28125,16524.723523650096,-60.44227365009647,2022-11-25,60.44227365009647,3653.268443993146
2022-11-26,2022-11-27,16444.626953125,16465.846245257417,-21.21929213241674,2022-11-26,21.21929213241674,450.25835860084294
2022-11-27,2022-11-28,16217.322265625,16445.505738157364,-228.18347253236425,2022-11-27,228.18347253236425,52067.69713692823
2022-11-28,2022-11-29,16444.982421875,16224.285244266592,220.6971776084083,2022-11-28,220.6971776084083,48707.24420431732
2022-11-29,2022-11-30,17168.56640625,16437.9867106962,730.579695553799,2022-11-29,730.579695553799,533746.6915554815
2022-11-30,2022-12-01,16967.1328125,17145.38302404491,-178.2502115449097,2022-11-30,178.2502115449097,31773.137915805055
2022-12-01,2022-12-02,17088.66015625,16973.795689633327,114.86446661667287,2022-12-01,114.86446661667287,13193.845691132756
2022-12-02,2022-12-03,16908.236328125,17084.520680491114,-176.28435236611404,2022-12-02,176.28435236611404,31076.172889140256
2022-12-03,2022-12-04,17130.486328125,16914.252454556496,216.23387356850435,2022-12-03,216.23387356850435,46757.08807843993
2022-12-04,2022-12-05,16974.826171875,17123.130759580607,-148.30458770560654,2022-12-04,148.30458770560654,21994.250734529942
2022-12-05,2022-12-06,17089.50390625,16980.08245827027,109.42144797973015,2022-12-05,109.42144797973015,11973.05327798079
2022-12-06,2022-12-07,16848.126953125,17085.53952740289,-237.41257427788878,2022-12-06,237.41257427788878,56364.730425254056
2022-12-07,2022-12-08,17233.474609375,16856.119564356533,377.3550450184666,2022-12-07,377.3550450184666,142396.83000088896
2022-12-08,2022-12-09,17133.15234375,17220.895122113725,-87.74277836372494,2022-12-08,87.74277836372494,7698.795154985757
2022-12-09,2022-12-10,17128.724609375,17136.710437632086,-7.985828257085814,2022-12-09,7.985828257085814,63.773452951670244
2022-12-10,2022-12-11,17104.193359375,17128.48811877077,-24.29475939576878,2022-12-10,24.29475939576878,590.2353340982953
2022-12-11,2022-12-12,17206.4375,17105.34465404781,101.09284595218924,2022-12-11,101.09284595218924,10219.763502713064
2022-12-12,2022-12-13,17781.318359375,17202.821128954143,578.4972304208568,2022-12-12,578.4972304208568,334659.04560460185
2022-12-13,2022-12-14,17815.650390625,17763.4414153198,52.20897530519869,2022-12-13,52.20897530519869,2725.777102418847
2022-12-14,2022-12-15,17364.865234375,17814.237146113217,-449.371911738217,2022-12-14,449.371911738217,201935.1150592599
2022-12-15,2022-12-16,16647.484375,17379.4993162568,-732.0149412567989,2022-12-15,732.0149412567989,535845.8742231948
2022-12-16,2022-12-17,16795.091796875,16669.904235888964,125.18756098603626,2022-12-16,125.18756098603626,15671.925425632548
2022-12-17,2022-12-18,16757.9765625,16790.69854002749,-32.7219775274898,2022-12-17,32.7219775274898,1070.7278133095474
2022-12-18,2022-12-19,16439.6796875,16758.877254219165,-319.1975667191655,2022-12-18,319.1975667191655,101887.0865994361
2022-12-19,2022-12-20,16906.3046875,16450.056552780297,456.24813471970265,2022-12-19,456.24813471970265,208162.36043520793
2022-12-20,2022-12-21,16817.53515625,16891.195661966125,-73.66050571612504,2022-12-20,73.66050571612504,5425.87010235529
2022-12-21,2022-12-22,16830.341796875,16820.682819092577,9.65897778242288,2022-12-21,9.65897778242288,93.29585180133883
2022-12-22,2022-12-23,16796.953125,16829.60225292254,-32.64912792254108,2022-12-22,32.64912792254108,1065.965554102452
2022-12-23,2022-12-24,16847.755859375,16798.343424794766,49.41243458023382,2022-12-23,49.41243458023382,2441.588691145887
2022-12-24,2022-12-25,16841.986328125,16845.81366660869,-3.827338483690255,2022-12-24,3.827338483690255,14.648519868736422
2022-12-25,2022-12-26,16919.8046875,16842.4992590476,77.30542845240052,2022-12-25,77.30542845240052,5976.129268209216
2022-12-26,2022-12-27,16717.173828125,16917.007560469418,-199.8337323444175,2022-12-26,199.8337323444175,39933.5205827003
2022-12-27,2022-12-28,16552.572265625,16723.93623769352,-171.36397206852052,2022-12-27,171.36397206852052,29365.61092310068
2022-12-28,2022-12-29,16642.341796875,16557.45595042575,84.8858464492514,2022-12-28,84.8858464492514,7205.606927405887
2022-12-29,2022-12-30,16602.5859375,16639.816588219153,-37.230650719153346,2022-12-29,37.230650719153346,1386.1213529715935
2022-12-30,2022-12-31,16547.49609375,16603.534290896805,-56.03819714680503,2022-12-30,56.03819714680503,3140.2795394641876
2022-12-31,2023-01-01,16625.080078125,16549.55215016101,75.5279279639908,2022-12-31,75.5279279639908,5704.467902533785
2023-01-01,2023-01-02,16688.470703125,16622.308808705202,66.16189441979805,2023-01-01,66.16189441979805,4377.396273216504
2023-01-02,2023-01-03,16679.857421875,16686.769169137522,-6.911747262522113,2023-01-02,6.911747262522113,47.77225022098192
2023-01-03,2023-01-04,16863.23828125,16679.828548640617,183.40973260938335,2023-01-03,183.40973260938335,33639.1300158455
2023-01-04,2023-01-05,16836.736328125,16857.71449432885,-20.978166203851288,2023-01-04,20.978166203851288,440.08345727640835
2023-01-05,2023-01-06,16951.96875,16837.29783932012,114.67091067988076,2023-01-05,114.67091067988076,13149.417756153192
2023-01-06,2023-01-07,16955.078125,16948.58489347953,6.493231520471454,2023-01-06,6.493231520471454,42.16205557844403
2023-01-07,2023-01-08,17091.14453125,16954.717348569462,136.42718268053795,2023-01-07,136.42718268053795,18612.376174148874
2023-01-08,2023-01-09,17196.5546875,17087.084035675183,109.47065182481674,2023-01-08,109.47065182481674,11983.823610950252
2023-01-09,2023-01-10,17446.29296875,17192.96277236229,253.3301963877093,2023-01-09,253.3301963877093,64176.18840183536
2023-01-10,2023-01-11,17934.896484375,17438.615419712067,496.2810646629332,2023-01-10,496.2810646629332,246294.89514297448
2023-01-11,2023-01-12,18869.587890625,17919.156236281066,950.4316543439345,2023-01-11,950.4316543439345,903320.3295789482
2023-01-12,2023-01-13,19909.57421875,18840.17845702194,1069.3957617280612,2023-01-12,1069.3957617280612,1143607.2952019402
2023-01-13,2023-01-14,20976.298828125,19876.370578034544,1099.9282500904555,2023-01-13,1099.9282500904555,1209842.1553470518
2023-01-14,2023-01-15,20880.798828125,20942.7011266718,-61.90229854680001,2023-01-14,61.90229854680001,3831.894565377159
2023-01-15,2023-01-16,21169.6328125,20883.652172953214,285.9806395467858,2023-01-15,285.9806395467858,81784.92619558865
2023-01-16,2023-01-17,21161.51953125,21160.63163406073,0.8878971892700065,2023-01-16,0.8878971892700065,0.7883614187135777
2023-01-17,2023-01-18,20688.78125,21161.633852620576,-472.85260262057636,2023-01-17,472.85260262057636,223589.5838050527
2023-01-18,2023-01-19,21086.79296875,20703.930848973785,382.86211977621497,2023-01-18,382.86211977621497,146583.40275953678
2023-01-19,2023-01-20,22676.552734375,21073.978700073327,1602.5740343016732,2023-01-19,1602.5740343016732,2568243.5354179405
2023-01-20,2023-01-21,22777.625,22626.289328342395,151.33567165760542,2023-01-20,151.33567165760542,22902.485516058554
2023-01-21,2023-01-22,22720.416015625,22774.33990773477,-53.92389210977126,2023-01-21,53.92389210977126,2907.786140266251
2023-01-22,2023-01-23,22934.431640625,22722.315942299792,212.11569832520763,2023-01-22,212.11569832520763,44993.069475990495
2023-01-23,2023-01-24,22636.46875,22927.549635301024,-291.08088530102395,2023-01-23,291.08088530102395,84728.08178762786
2023-01-24,2023-01-25,23117.859375,22646.03246784314,471.8269071568611,2023-01-24,471.8269071568611,222620.63031720926
2023-01-25,2023-01-26,23032.77734375,23102.448930008028,-69.67158625802767,2023-01-25,69.67158625802767,4854.129931709791
2023-01-26,2023-01-27,23078.728515625,23035.643657889275,43.084857735724654,2023-01-26,43.084857735724654,1856.3049661076325
2023-01-27,2023-01-28,23031.08984375,23077.09942684631,-46.00958309631096,2023-01-27,46.00958309631096,2116.8817366963435
2023-01-28,2023-01-29,23774.56640625,23032.7743585342,741.7920477158004,2023-01-28,741.7920477158004,550255.4420544003
2023-01-29,2023-01-30,22840.138671875,23750.7882937512,-910.6496218762004,2023-01-29,910.6496218762004,829282.7338232668
2023-01-30,2023-01-31,23139.283203125,22870.03804119106,269.24516193394084,2023-01-30,269.24516193394084,72492.95722483403
2023-01-31,2023-02-01,23723.76953125,23129.479099086297,594.2904321637034,2023-01-31,594.2904321637034,353181.1177613213
2023-02-01,2023-02-02,23471.87109375,23705.540948928017,-233.66985517801731,2023-02-01,233.66985517801731,54601.60121891559
2023-02-02,2023-02-03,23449.322265625,23479.59210722944,-30.269841604440444,2023-02-02,30.269841604440444,916.2633107579136
2023-02-03,2023-02-04,23331.84765625,23450.290755002097,-118.44309875209728,2023-02-03,118.44309875209728,14028.76764199907
2023-02-04,2023-02-05,22955.666015625,23335.32565348147,-379.6596378564718,2023-02-04,379.6596378564718,144141.44061730732
2023-02-05,2023-02-06,22760.109375,22967.848299355854,-207.73892435585367,2023-02-05,207.73892435585367,43155.46069252709
2023-02-06,2023-02-07,23264.291015625,22766.050673454778,498.240342170222,2023-02-06,498.240342170222,248243.43856589988
2023-02-07,2023-02-08,22939.3984375,23248.532413177683,-309.13397567768334,2023-02-07,309.13397567768334,95563.81491829052
2023-02-08,2023-02-09,21819.0390625,22949.508974756456,-1130.4699122564562,2023-02-08,1130.4699122564562,1277962.2225171197
2023-02-09,2023-02-10,21651.18359375,21854.7838532969,-203.6002595468999,2023-02-09,203.6002595468999,41453.06568756501
2023-02-10,2023-02-11,21870.875,21656.24763725995,214.62736274005147,2023-02-10,214.62736274005147,46064.904836749636
2023-02-11,2023-02-12,21788.203125,21864.148545535096,-75.94542053509576,2023-02-11,75.94542053509576,5767.706900252545
2023-02-12,2023-02-13,21808.1015625,21790.600216073326,17.50134642667399,2023-02-12,17.50134642667399,306.29712674645447
2023-02-13,2023-02-14,22220.8046875,21807.68809842529,413.11658907471065,2023-02-13,413.11658907471065,170665.31616872334
2023-02-14,2023-02-15,24307.841796875,22207.4878900011,2100.353906873901,2023-02-14,2100.353906873901,4411486.53412046
2023-02-15,2023-02-16,23623.474609375,24241.827609337,-618.3529999620005,2023-02-15,618.3529999620005,382360.43256200576
2023-02-16,2023-02-17,24565.6015625,23645.130049639007,920.4715128609932,2023-02-16,920.4715128609932,847267.8059886056
2023-02-17,2023-02-18,24641.27734375,24535.705886936856,105.57145681314432,2023-02-17,105.57145681314432,11145.332493649597
2023-02-18,2023-02-19,24327.642578125,24638.936845464646,-311.29426733964647,2023-02-18,311.29426733964647,96904.12087852729
2023-02-19,2023-02-20,24829.1484375,24337.54474543526,491.6036920647384,2023-02-19,491.6036920647384,241674.19005168215
2023-02-20,2023-02-21,24436.353515625,24813.255406567023,-376.9018909420229,2023-02-20,376.9018909420229,142055.03539567252
2023-02-21,2023-02-22,24188.84375,24448.836532455796,-259.99278245579626,2023-02-21,259.99278245579626,67596.246929107
2023-02-22,2023-02-23,23947.4921875,24196.657275045192,-249.16508754519236,2023-02-22,249.16508754519236,62083.240851403374
2023-02-23,2023-02-24,23198.126953125,23955.17839509448,-757.051441969481,2023-02-23,757.051441969481,573126.8857880704
2023-02-24,2023-02-25,23175.375,23221.8747759671,-46.499775967098685,2023-02-24,46.499775967098685,2162.2291649903686
2023-02-25,2023-02-26,23561.212890625,23176.0787281118,385.13416251320086,2023-02-25,385.13416251320086,148328.32313474463
2023-02-26,2023-02-27,23522.87109375,23548.97975166385,-26.10865791385004,2023-02-26,26.10865791385004,681.6620180624442
2023-02-27,2023-02-28,23147.353515625,23524.10360489116,-376.7500892661592,2023-02-27,376.7500892661592,141940.62976205893
2023-02-28,2023-03-01,23646.55078125,23159.25734491979,487.29343633020835,2023-02-28,487.29343633020835,237454.89309050282
2023-03-01,2023-03-02,23475.466796875,23630.689403198317,-155.22260632331745,2023-03-01,155.22260632331745,24094.05751380359
2023-03-02,2023-03-03,22362.6796875,23480.951866070678,-1118.272178570678,2023-03-02,1118.272178570678,1250532.6653652105
2023-03-03,2023-03-04,22353.349609375,22397.941866439192,-44.59225706419238,2023-03-03,44.59225706419238,1988.4693900790153
2023-03-04,2023-03-05,22435.513671875,22353.62085852539,81.89281334960833,2023-03-04,81.89281334960833,6706.432878313789
2023-03-05,2023-03-06,22429.7578125,22432.929028135553,-3.1712156355533807,2023-03-05,3.1712156355533807,10.056608607178232
2023-03-06,2023-03-07,22219.76953125,22429.92362274917,-210.15409149917105,2023-03-06,210.15409149917105,44164.74217384196
2023-03-07,2023-03-08,21718.080078125,22226.452557143242,-508.3724790182423,2023-03-07,508.3724790182423,258442.5774231532
2023-03-08,2023-03-09,20363.021484375,21733.974566200228,-1370.9530818252279,2023-03-08,1370.9530818252279,1879512.35256609
2023-03-09,2023-03-10,20187.244140625,20406.03405096171,-218.789910336709,2023-03-09,218.789910336709,47869.02486514516
2023-03-10,2023-03-11,20632.41015625,20192.721935010577,439.688221239423,2023-03-10,439.688221239423,193325.7318966878
2023-03-11,2023-03-12,22163.94921875,20618.3642060848,1545.5850126652003,2023-03-11,1545.5850126652003,2388833.0313752876
2023-03-12,2023-03-13,24197.533203125,22115.275669652954,2082.257533472046,2023-03-12,2082.257533472046,4335796.435701088
2023-03-13,2023-03-14,24746.07421875,24133.14514429192,612.9290744580794,2023-03-13,612.9290744580794,375682.05031603784
2023-03-14,2023-03-15,24375.9609375,24728.652735260614,-352.69179776061355,2023-03-14,352.69179776061355,124391.50420761353
2023-03-15,2023-03-16,25052.7890625,24387.762475912015,665.0265865879846,2023-03-15,665.0265865879846,442260.3608688662
2023-03-16,2023-03-17,27423.9296875,25031.22015057961,2392.709536920389,2023-03-16,2392.709536920389,5725058.928069782
2023-03-17,2023-03-18,26965.87890625,27348.785435271962,-382.90652902196234,2023-03-17,382.90652902196234,146617.40996764688
2023-03-18,2023-03-19,28038.67578125,26980.481489698617,1058.1942915513828,2023-03-18,1058.1942915513828,1119775.158671933
2023-03-19,2023-03-20,27767.236328125,28004.51928003152,-237.28295190651988,2023-03-19,237.28295190651988,56303.19926547183
2023-03-20,2023-03-21,28175.81640625,27776.037847731062,399.77855851893764,2023-03-20,399.77855851893764,159822.89585147964
2023-03-21,2023-03-22,27307.4375,28162.640760622384,-855.2032606223838,2023-03-21,855.2032606223838,731372.616979157
2023-03-22,2023-03-23,28333.97265625,27335.242099636955,998.7305566130453,2023-03-22,998.7305566130453,997462.7247126034
2023-03-23,2023-03-24,27493.28515625,28301.078444027793,-807.793287777793,2023-03-23,807.793287777793,652529.9957788563
2023-03-24,2023-03-25,27494.70703125,27520.359637530193,-25.65260628019314,2023-03-24,25.65260628019314,658.0562089666046
2023-03-25,2023-03-26,27994.330078125,27494.213266455674,500.1168116693261,2023-03-25,500.1168116693261,250116.82531429222
2023-03-26,2023-03-27,27139.888671875,27978.911630752984,-839.0229588779839,2023-03-26,839.0229588779839,703959.5255243671
2023-03-27,2023-03-28,27268.130859375,27166.6178450745,101.5130143005008,2023-03-27,101.5130143005008,10304.89207237368
2023-03-28,2023-03-29,28348.44140625,27264.38284426445,1084.0585619855483,2023-03-28,1084.0585619855483,1175182.9658141749
2023-03-29,2023-03-30,28033.5625,28313.834121166095,-280.27162116609543,2023-03-29,280.27162116609543,78552.1816310713
2023-03-30,2023-03-31,28478.484375,28043.953617598276,434.53075740172426,2023-03-30,434.53075740172426,188816.97912811613
2023-03-31,2023-04-01,28411.03515625,28463.94327579504,-52.9081195450417,2023-03-31,52.9081195450417,2799.2691137924235
2023-04-01,2023-04-02,28199.30859375,28413.623911450923,-214.3153177009226,2023-04-01,214.3153177009226,45931.05540124739
2023-04-02,2023-04-03,27790.220703125,28205.58267784085,-415.3619747158482,2023-04-02,415.3619747158482,172525.5700398489
2023-04-03,2023-04-04,28168.08984375,27803.63403410351,364.4558096464898,2023-04-03,364.4558096464898,132828.0371850784
2023-04-04,2023-04-05,28177.984375,28155.63894774183,22.345427258169366,2023-04-04,22.345427258169366,499.3181193501385
2023-04-05,2023-04-06,28044.140625,28178.150284713483,-134.00965971348342,2023-04-05,134.00965971348342,17958.58889652362
2023-04-06,2023-04-07,27925.859375,28047.91608057657,-122.0567055765714,2023-04-06,122.0567055765714,14897.839376205837
2023-04-07,2023-04-08,27947.794921875,27930.072174939123,17.722746935876785,2023-04-07,17.722746935876785,314.09575895313
2023-04-08,2023-04-09,28333.05078125,27946.636382300087,386.41439894991345,2023-04-08,386.41439894991345,149316.08771582288
2023-04-09,2023-04-10,29652.98046875,28321.278320095862,1331.702148654138,2023-04-09,1331.702148654138,1773430.612730048
2023-04-10,2023-04-11,30235.05859375,29610.652962740623,624.4056310093765,2023-04-10,624.4056310093765,389882.3920362177
2023-04-11,2023-04-12,30139.052734375,30217.10398268053,-78.05124830553177,2023-04-11,78.05124830553177,6091.997362051777
2023-04-12,2023-04-13,30399.06640625,30141.628936473106,257.43746977689443,2023-04-12,257.43746977689443,66274.05084512943
2023-04-13,2023-04-14,30485.69921875,30391.27009398977,94.42912476023048,2023-04-13,94.42912476023048,8916.859602983173
2023-04-14,2023-04-15,30318.49609375,30482.516539849432,-164.02044609943187,2023-04-14,164.02044609943187,26902.706738656634
2023-04-15,2023-04-16,30315.35546875,30324.23897891387,-8.883510163868777,2023-04-15,8.883510163868777,78.91675283155988
2023-04-16,2023-04-17,29445.044921875,30315.011888956484,-869.9669670814837,2023-04-16,869.9669670814837,756842.5238129555
2023-04-17,2023-04-18,30397.552734375,29473.113810137813,924.4389242371872,2023-04-17,924.4389242371872,854587.3246448078
2023-04-18,2023-04-19,28822.6796875,30366.80791674341,-1544.1282292434116,2023-04-18,1544.1282292434116,2384331.988346394
2023-04-19,2023-04-20,28245.98828125,28873.25580071419,-627.2675194641888,2023-04-19,627.2675194641888,393464.54097475647
2023-04-20,2023-04-21,27276.91015625,28263.598139871276,-986.6879836212756,2023-04-20,986.6879836212756,973553.1770226187
2023-04-21,2023-04-22,27817.5,27308.320723174482,509.1792768255182,2023-04-21,509.1792768255182,259263.53594855766
2023-04-22,2023-04-23,27591.384765625,27799.621099805572,-208.23633418057216,2023-04-22,208.23633418057216,43362.37087296292
2023-04-23,2023-04-24,27525.33984375,27599.315856876437,-73.97601312643746,2023-04-23,73.97601312643746,5472.450518082848
2023-04-24,2023-04-25,28307.59765625,27526.674259332834,780.9233969171655,2023-04-24,780.9233969171655,609841.3518526448
2023-04-25,2023-04-26,28422.701171875,28283.510782087636,139.19038978736353,2023-04-25,139.19038978736353,19373.964609158193
2023-04-26,2023-04-27,29473.787109375,28418.37081795777,1055.4162914172302,2023-04-26,1055.4162914172302,1113903.5481888999
2023-04-27,2023-04-28,29340.26171875,29441.094834149044,-100.83311539904389,2023-04-27,100.83311539904389,10167.317161076902
2023-04-28,2023-04-29,29248.48828125,29343.916685003307,-95.42840375330707,2023-04-28,95.42840375330707,9106.58024290419
2023-04-29,2023-04-30,29268.806640625,29251.96867436478,16.837966260220128,2023-04-29,16.837966260220128,283.5171077803114
2023-04-30,2023-05-01,28091.568359375,29267.59366848371,-1176.0253091087106,2023-04-30,1176.0253091087106,1383035.5276642384
2023-05-01,2023-05-02,28680.537109375,28129.50679618257,551.0303131924302,2023-05-01,551.0303131924302,303634.4060569477
2023-05-02,2023-05-03,29006.30859375,28661.18517032332,345.12342342668126,2023-05-02,345.12342342668126,119110.17739775233
2023-05-03,2023-05-04,28847.7109375,28996.66001077291,-148.94907327291003,2023-05-03,148.94907327291003,22185.82642885872
2023-05-04,2023-05-05,29534.384765625,28852.086493450544,682.2982721744556,2023-05-04,682.2982721744556,465530.9322122475
2023-05-05,2023-05-06,28904.623046875,29513.223339508986,-608.6002926339861,2023-05-05,608.6002926339861,370394.31619417353
2023-05-06,2023-05-07,28454.978515625,28924.040982451377,-469.0624668263772,2023-05-06,469.0624668263772,220019.5977852462
2023-05-07,2023-05-08,27694.2734375,28469.771830285492,-775.4983927854919,2023-05-07,775.4983927854919,601397.757212881
2023-05-08,2023-05-09,27658.775390625,27717.875606659753,-59.10021603475252,2023-05-08,59.10021603475252,3492.835535354419
2023-05-09,2023-05-10,27621.755859375,27660.382857212302,-38.62699783730204,2023-05-09,38.62699783730204,1492.0449619229366
2023-05-10,2023-05-11,27000.7890625,27622.453183770525,-621.6641212705254,2023-05-10,621.6641212705254,386466.2796750545
2023-05-11,2023-05-12,26804.990234375,27020.973254802837,-215.9830204278369,2023-05-11,215.9830204278369,46648.66511313141
2023-05-12,2023-05-13,26784.078125,26810.69136363975,-26.613238639751216,2023-05-12,26.613238639751216,708.2644708963471
2023-05-13,2023-05-14,26930.638671875,26785.23538342747,145.40328844753094,2023-05-13,145.40328844753094,21142.116291355884
2023-05-14,2023-05-15,27192.693359375,26925.496119961463,267.1972394135373,2023-05-14,267.1972394135373,71394.36475021519
2023-05-15,2023-05-16,27036.650390625,27184.869598447523,-148.21920782252346,2023-05-15,148.21920782252346,21968.9335675364
2023-05-16,2023-05-17,27398.802734375,27041.13547716717,357.6672572078314,2023-05-16,357.6672572078314,127925.86687857304
2023-05-17,2023-05-18,26832.208984375,27387.756005251387,-555.5470208763873,2023-05-17,555.5470208763873,308632.49240462907
2023-05-18,2023-05-19,26890.12890625,26849.781066503034,40.3478397469662,2023-05-18,40.3478397469662,1627.9481722468656
2023-05-19,2023-05-20,27129.5859375,26888.655283914504,240.93065358549575,2023-05-19,240.93065358549575,58047.57983713415
2023-05-20,2023-05-21,26753.826171875,27121.627202249027,-367.8010303740266,2023-05-20,367.8010303740266,135277.59794419564
2023-05-21,2023-05-22,26851.27734375,26766.127877706578,85.14946604342185,2023-05-21,85.14946604342185,7250.431567479851
2023-05-22,2023-05-23,27225.7265625,26847.784868099545,377.94169440045516,2023-05-22,377.94169440045516,142839.92436628704
2023-05-23,2023-05-24,26334.818359375,27214.240534092445,-879.4221747174452,2023-05-23,879.4221747174452,773383.3613847606
2023-05-24,2023-05-25,26476.20703125,26362.73620806292,113.47082318707908,2023-05-24,113.47082318707908,12875.627714753362
2023-05-25,2023-05-26,26719.291015625,26472.008082046974,247.28293357802613,2023-05-25,247.28293357802613,61148.849238954484
2023-05-26,2023-05-27,26868.353515625,26711.298457542518,157.055058082482,2023-05-26,157.055058082482,24666.291269291793
2023-05-27,2023-05-28,28085.646484375,26863.912920027607,1221.7335643473925,2023-05-27,1221.7335643473925,1492632.9022529842
2023-05-28,2023-05-29,27745.884765625,28046.723170124453,-300.83840449945274,2023-05-28,300.83840449945274,90503.74562177634
2023-05-29,2023-05-30,27702.349609375,27757.044526780202,-54.69491740520243,2023-05-29,54.69491740520243,2991.5339899619157
2023-05-30,2023-05-31,27219.658203125,27703.335228211166,-483.6770250861664,2023-05-30,483.6770250861664,233943.46459620402
2023-05-31,2023-06-01,26819.97265625,27235.371340515343,-415.39868426534304,2023-05-31,415.39868426534304,172556.06688937815
2023-06-01,2023-06-02,27249.58984375,26832.23829168856,417.35155206143827,2023-06-01,417.35155206143827,174182.31800809142
2023-06-02,2023-06-03,27075.12890625,27236.336468050085,-161.2075618000854,2023-06-02,161.2075618000854,25987.87798152835
2023-06-03,2023-06-04,27119.06640625,27080.32101222203,38.74539402797018,2023-06-03,38.74539402797018,1501.205558382667
2023-06-04,2023-06-05,25760.09765625,27118.000022194636,-1357.9023659446357,2023-06-04,1357.9023659446357,1843898.8354380392
2023-06-05,2023-06-06,27238.783203125,25802.921252231146,1435.8619508938536,2023-06-05,1435.8619508938536,2061699.5420247035
2023-06-06,2023-06-07,26345.998046875,27192.043988076315,-846.0459412013151,2023-06-06,846.0459412013151,715793.7346232192
2023-06-07,2023-06-08,26508.216796875,26374.259285278982,133.95751159601787,2023-06-07,133.95751159601787,17944.614912997262
2023-06-08,2023-06-09,26480.375,26503.075760002095,-22.700760002095194,2023-06-08,22.700760002095194,515.324504672725
2023-06-09,2023-06-10,25851.240234375,26481.26318308295,-630.0229487079487,2023-06-09,630.0229487079487,396928.9158986585
2023-06-10,2023-06-11,25940.16796875,25871.20767117321,68.96029757678843,2023-06-10,68.96029757678843,4755.522641879213
2023-06-11,2023-06-12,25902.5,25937.29959474354,-34.79959474354109,2023-06-11,34.79959474354109,1211.011794314693
2023-06-12,2023-06-13,25918.728515625,25903.747738635728,14.980776989272272,2023-06-12,14.980776989272272,224.4236792023096
2023-06-13,2023-06-14,25124.67578125,25918.15894090341,-793.4831596534095,2023-06-13,793.4831596534095,629615.5246535582
2023-06-14,2023-06-15,25576.39453125,25149.94062564056,426.45390560943997,2023-06-14,426.45390560943997,181862.93360954514
2023-06-15,2023-06-16,26327.462890625,25561.933822168234,765.5290684567663,2023-06-15,765.5290684567663,586034.7546522843
2023-06-16,2023-06-17,26510.67578125,26303.77285215894,206.90292909105847,2023-06-16,206.90292909105847,42808.82206645957
2023-06-17,2023-06-18,26336.212890625,26504.76723924138,-168.5543486163806,2023-06-17,168.5543486163806,28410.568437492362
2023-06-18,2023-06-19,26851.029296875,26341.85759894809,509.1716979269113,2023-06-18,509.1716979269113,259255.8179697738
2023-06-19,2023-06-20,28327.48828125,26834.565872201296,1492.9224090487041,2023-06-19,1492.9224090487041,2228817.3194397865
2023-06-20,2023-06-21,30027.296875,28280.773011588753,1746.5238634112466,2023-06-20,1746.5238634112466,3050345.6054649465
2023-06-21,2023-06-22,29912.28125,29973.29385782388,-61.01260782387908,2023-06-21,61.01260782387908,3722.5383134704707
2023-06-22,2023-06-23,30695.46875,29916.108571758785,779.3601782412152,2023-06-22,779.3601782412152,607402.2874281787
2023-06-23,2023-06-24,30548.6953125,30670.420705399203,-121.72539289920314,2023-06-23,121.72539289920314,14817.071276465374
2023-06-24,2023-06-25,30480.26171875,30553.600369409294,-73.33865065929422,2023-06-24,73.33865065929422,5378.557680525996
2023-06-25,2023-06-26,30271.130859375,30482.17984651216,-211.04898713716102,2023-06-25,211.04898713716102,44541.674971621556
2023-06-26,2023-06-27,30688.1640625,30278.016458879214,410.14760362078596,2023-06-26,410.14760362078596,168221.05675587335
2023-06-27,2023-06-28,30086.24609375,30674.663574713537,-588.417480963537,2023-06-27,588.417480963537,346235.13190347434
2023-06-28,2023-06-29,30445.3515625,30105.647555681928,339.70400681807223,2023-06-28,339.70400681807223,115398.81224825287
2023-06-29,2023-06-30,30477.251953125,30433.61298190869,43.63897121631089,2023-06-29,43.63897121631089,1904.3598088180106
2023-06-30,2023-07-01,30590.078125,30476.602386263206,113.47573873679357,2023-06-30,113.47573873679357,12876.743281861034
2023-07-01,2023-07-02,30620.76953125,30586.139563704903,34.629967545097315,2023-07-01,34.629967545097315,1199.2346521744935
2023-07-02,2023-07-03,31156.439453125,30620.15689536301,536.2825577619915,2023-07-02,536.2825577619915,287598.9817597437
2023-07-03,2023-07-04,30777.58203125,31139.077683176645,-361.4956519266452,2023-07-03,361.4956519266452,130679.10636187023
2023-07-04,2023-07-05,30514.166015625,30790.005133781146,-275.83911815614556,2023-07-04,275.83911815614556,76087.21910516002
2023-07-05,2023-07-06,29909.337890625,30522.107392215057,-612.7695015900572,2023-07-05,612.7695015900572,375486.4620789271
2023-07-06,2023-07-07,30342.265625,29928.935450837336,413.33017416266375,2023-07-06,413.33017416266375,170841.83287333796
2023-07-07,2023-07-08,30292.541015625,30328.080536689256,-35.539521064256405,2023-07-07,35.539521064256405,1263.0575574767247
2023-07-08,2023-07-09,30171.234375,30294.590567997355,-123.35619299735481,2023-07-08,123.35619299735481,15216.750350800648
2023-07-09,2023-07-10,30414.470703125,30174.6159776756,239.85472544940058,2023-07-09,239.85472544940058,57530.289320407326
2023-07-10,2023-07-11,30620.951171875,30407.202850244492,213.74832163050814,2023-07-10,213.74832163050814,45688.34499985915
2023-07-11,2023-07-12,30391.646484375,30613.96631233032,-222.31982795532167,2023-07-11,222.31982795532167,49426.10590208383
2023-07-12,2023-07-13,31476.048828125,30399.368052564914,1076.6807755600857,2023-07-12,1076.6807755600857,1159241.4924606679
2023-07-13,2023-07-14,30334.068359375,31441.165600657743,-1107.0972412827432,2023-07-13,1107.0972412827432,1225664.3016558606
2023-07-14,2023-07-15,30295.806640625,30370.86322876059,-75.05658813559057,2023-07-14,75.05658813559057,5633.491422555676
2023-07-15,2023-07-16,30249.1328125,30296.394973988685,-47.2621614886848,2023-07-15,47.2621614886848,2233.71190858252
2023-07-16,2023-07-17,30145.888671875,30251.23087420282,-105.34220232782172,2023-07-16,105.34220232782172,11096.979591275729
2023-07-17,2023-07-18,29856.5625,30148.55333625187,-291.99083625186904,2023-07-17,291.99083625186904,85258.6484550658
2023-07-18,2023-07-19,29913.923828125,29866.345924171303,47.57790395369739,2023-07-18,47.57790395369739,2263.6569446272533
2023-07-19,2023-07-20,29792.015625,29911.487908906016,-119.47228390601595,2023-07-19,119.47228390601595,14273.626621719677
2023-07-20,2023-07-21,29908.744140625,29796.49859077669,112.24554984831047,2023-07-20,112.24554984831047,12599.063460749552
2023-07-21,2023-07-22,29771.802734375,29904.42251687112,-132.61978249612002,2023-07-21,132.61978249612002,17588.006709318182
2023-07-22,2023-07-23,30084.5390625,29776.76872708821,307.77033541179117,2023-07-22,307.77033541179117,94722.57935948644
2023-07-23,2023-07-24,29176.916015625,30073.987620369273,-897.0716047442729,2023-07-23,897.0716047442729,804737.464038465
2023-07-24,2023-07-25,29227.390625,29206.372673827904,21.017951172096218,2023-07-24,21.017951172096218,441.7542714726208
2023-07-25,2023-07-26,29354.97265625,29225.079837583293,129.89281866670717,2023-07-25,129.89281866670717,16872.14434118207
2023-07-26,2023-07-27,29210.689453125,29351.626642458083,-140.93718933308264,2023-07-26,140.93718933308264,19863.291337109185
2023-07-27,2023-07-28,29319.24609375,29214.58404489117,104.66204885883053,2023-07-27,104.66204885883053,10954.144471328229
2023-07-28,2023-07-29,29356.91796875,29316.46625140305,40.45171734695032,2023-07-28,40.45171734695032,1636.3414363175611
2023-07-29,2023-07-30,29275.30859375,29355.071676286483,-79.76308253648313,2023-07-29,79.76308253648313,6362.14933572182
2023-07-30,2023-07-31,29230.111328125,29278.545611936715,-48.43428381171543,2023-07-30,48.43428381171543,2345.8798483537994
2023-07-31,2023-08-01,29675.732421875,29230.900767389558,444.8316544854424,2023-07-31,444.8316544854424,197875.20083225603
2023-08-01,2023-08-02,29151.958984375,29662.219289206816,-510.26030483181603,2023-08-01,510.26030483181603,260365.57868705783
2023-08-02,2023-08-03,29178.6796875,29167.996905052834,10.682782447165664,2023-08-02,10.682782447165664,114.12184081347081
2023-08-03,2023-08-04,29074.091796875,29178.372821770146,-104.2810248951464,2023-08-03,104.2810248951464,10874.532153182143
2023-08-04,2023-08-05,29042.126953125,29076.879070626976,-34.75211750197559,2023-08-04,34.75211750197559,1207.709670871118
2023-08-05,2023-08-06,29041.85546875,29043.660446963277,-1.8049782132766268,2023-08-05,1.8049782132766268,3.257946350403284
2023-08-06,2023-08-07,29180.578125,29041.34862476987,139.2295002301289,2023-08-06,139.2295002301289,19384.853734331464
2023-08-07,2023-08-08,29765.4921875,29176.683582335874,588.8086051641258,2023-08-07,588.8086051641258,346695.57351532334
2023-08-08,2023-08-09,29561.494140625,29746.429607687558,-184.93546706255802,2023-08-08,184.93546706255802,34201.12697764648
2023-08-09,2023-08-10,29429.591796875,29568.505649057573,-138.91385218257346,2023-08-09,138.91385218257346,19297.05832820187
2023-08-10,2023-08-11,29397.71484375,29433.23384176318,-35.51899801317995,2023-08-10,35.51899801317995,1261.5992198602814
2023-08-11,2023-08-12,29415.96484375,29399.255587262956,16.709256487043604,2023-08-11,16.709256487043604,279.1992523498088
2023-08-12,2023-08-13,29282.9140625,29414.860054995646,-131.94599249564635,2023-08-12,131.94599249564635,17409.74493566116
2023-08-13,2023-08-14,29408.443359375,29287.659173310025,120.78418606497507,2023-08-13,120.78418606497507,14588.819603378519
2023-08-14,2023-08-15,29170.34765625,29403.93199879292,-233.58434254291933,2023-08-14,233.58434254291933,54561.64508120788
2023-08-15,2023-08-16,28701.779296875,29178.43717384139,-476.6578769663902,2023-08-15,476.6578769663902,227202.73167410636
2023-08-16,2023-08-17,26664.55078125,28716.111585906798,-2051.5608046567977,2023-08-16,2051.5608046567977,4208901.7352040475
2023-08-17,2023-08-18,26049.556640625,26729.728687245282,-680.1720466202823,2023-08-17,680.1720466202823,462634.0130036235
2023-08-18,2023-08-19,26096.205078125,26068.42101942611,27.784058698889567,2023-08-18,27.784058698889567,771.953917783341
2023-08-19,2023-08-20,26189.583984375,26095.326933951033,94.25705042396658,2023-08-19,94.25705042396658,8884.391554626178
2023-08-20,2023-08-21,26124.140625,26186.027087977178,-61.88646297717787,2023-08-20,61.88646297717787,3829.9342998256075
2023-08-21,2023-08-22,26031.65625,26126.811613953192,-95.15536395319214,2023-08-21,95.15536395319214,9054.543289064457
2023-08-22,2023-08-23,26431.640625,26034.000489284706,397.6401357152936,2023-08-22,397.6401357152936,158117.6775316771
2023-08-23,2023-08-24,26162.373046875,26419.519590961263,-257.146544086263,2023-08-23,257.146544086263,66124.34513550841
2023-08-24,2023-08-25,26047.66796875,26170.383268984104,-122.71530023410378,2023-08-24,122.71530023410378,15059.04491154623
2023-08-25,2023-08-26,26008.462890625,26051.820124534268,-43.35723390926796,2023-08-25,43.35723390926796,1879.8497322629755
2023-08-26,2023-08-27,26089.693359375,26009.19345147129,80.49990790371157,2023-08-26,80.49990790371157,6480.235172506045
2023-08-27,2023-08-28,26106.150390625,26087.619589542475,18.530801082524704,2023-08-27,18.530801082524704,343.39058876009875
2023-08-28,2023-08-29,27727.392578125,26105.135069432752,1622.257508692248,2023-08-28,1622.257508692248,2631719.424508379
2023-08-29,2023-08-30,27297.265625,27676.409646197848,-379.1440211978479,2023-08-29,379.1440211978479,143750.18881007415
2023-08-30,2023-08-31,25931.47265625,27310.570906022516,-1379.0982497725163,2023-08-30,1379.0982497725163,1901911.9825256178
2023-08-31,2023-09-01,25800.724609375,25975.145541446764,-174.42093207176367,2023-08-31,174.42093207176367,30422.661544782797
2023-09-01,2023-09-02,25868.798828125,25804.45598800787,64.34284011712953,2023-09-01,64.34284011712953,4140.001074338493
2023-09-02,2023-09-03,25969.56640625,25867.04182492223,102.52458132776883,2023-09-02,102.52458132776883,10511.289776434285
2023-09-03,2023-09-04,25812.416015625,25965.973085648067,-153.55707002306735,2023-09-03,153.55707002306735,23579.77375406921
2023-09-04,2023-09-05,25779.982421875,25817.803216265635,-37.820794390634546,2023-09-04,37.820794390634546,1430.4124883386535
2023-09-05,2023-09-06,25753.236328125,25780.605783103765,-27.369454978765134,2023-09-05,27.369454978765134,749.0870658346515
2023-09-06,2023-09-07,26240.1953125,25754.484604618825,485.71070788117504,2023-09-06,485.71070788117504,235914.89175043214
2023-09-07,2023-09-08,25905.654296875,26224.338375083218,-318.6840782082181,2023-09-07,318.6840782082181,101559.54170342168
2023-09-08,2023-09-09,25895.677734375,25916.70763172318,-21.029897348180384,2023-09-08,21.029897348180384,442.25658247500434
2023-09-09,2023-09-10,25832.2265625,25895.539697838376,-63.313135338376014,2023-09-09,63.313135338376014,4008.5531063755175
2023-09-10,2023-09-11,25162.654296875,25834.68988174482,-672.03558486982,2023-09-10,672.03558486982,451631.8273313211
2023-09-11,2023-09-12,25833.34375,25183.46302597266,649.8807240273418,2023-09-11,649.8807240273418,422344.95546230196
2023-09-12,2023-09-13,26228.32421875,25812.439717329198,415.8845014208018,2023-09-12,415.8845014208018,172959.91852202892
2023-09-13,2023-09-14,26539.673828125,26215.454360135485,324.21946798951467,2023-09-13,324.21946798951467,105118.26342340393
2023-09-14,2023-09-15,26608.693359375,26530.14757203547,78.54578733953167,2023-09-14,78.54578733953167,6169.440708786934
2023-09-15,2023-09-16,26568.28125,26606.173067291023,-37.89181729102347,2023-09-15,37.89181729102347,1435.7898176163053
2023-09-16,2023-09-17,26534.1875,26569.895263586623,-35.707763586622605,2023-09-16,35.707763586622605,1275.0443803581313
2023-09-17,2023-09-18,26754.28125,26534.939322758317,219.34192724168315,2023-09-17,219.34192724168315,48110.88104609583
2023-09-18,2023-09-19,27211.1171875,26747.617755038096,463.4994324619038,2023-09-18,463.4994324619038,214831.7238925069
2023-09-19,2023-09-20,27132.0078125,27196.31100354327,-64.30319104326918,2023-09-19,64.30319104326918,4134.9003783471735
2023-09-20,2023-09-21,26567.6328125,27134.85583605813,-567.2230235581301,2023-09-20,567.2230235581301,321741.958454427
2023-09-21,2023-09-22,26579.568359375,26585.211586798723,-5.643227423723147,2023-09-21,5.643227423723147,31.846015755860986
2023-09-22,2023-09-23,26579.390625,26579.478573477918,-0.08794847791796201,2023-09-22,0.08794847791796201,0.0077349347680862515
2023-09-23,2023-09-24,26256.826171875,26579.1113418559,-322.2851699808998,2023-09-23,322.2851699808998,103867.73078961749
2023-09-24,2023-09-25,26298.48046875,26267.348740763595,31.131727986405167,2023-09-24,31.131727986405167,969.1844874195227
2023-09-25,2023-09-26,26217.25,26296.853065660103,-79.60306566010331,2023-09-25,79.60306566010331,6336.648062486719
2023-09-26,2023-09-27,26352.716796875,26220.133864544005,132.5829323309954,2023-09-26,132.5829323309954,17578.233945485303
2023-09-27,2023-09-28,27021.546875,26348.10779767485,673.4390773251507,2023-09-27,673.4390773251507,453520.19086855033
2023-09-28,2023-09-29,26911.720703125,27000.628491677202,-88.90778855220196,2023-09-28,88.90778855220196,7904.594865243054
2023-09-29,2023-09-30,26967.916015625,26914.949974809027,52.96604081597252,2023-09-29,52.96604081597252,2805.4014797192667
2023-09-30,2023-10-01,27983.75,26966.377552186746,1017.3724478132535,2023-09-30,1017.3724478132535,1035046.6975695313
2023-10-01,2023-10-02,27530.78515625,27951.260773104896,-420.47561685489563,2023-10-01,420.47561685489563,176799.744369505
2023-10-02,2023-10-03,27429.978515625,27545.484739192187,-115.50622356718668,2023-10-02,115.50622356718668,13341.687682752912
2023-10-03,2023-10-04,27799.39453125,27432.826709484987,366.5678217650129,2023-10-03,366.5678217650129,134371.9679535463
2023-10-04,2023-10-05,27415.912109375,27788.00626020655,-372.0941508315518,2023-10-04,372.0941508315518,138454.05708305363
2023-10-05,2023-10-06,27946.59765625,27427.781011766645,518.816644483355,2023-10-05,518.816644483355,269170.71059296804
2023-10-06,2023-10-07,27968.83984375,27930.02049659594,38.81934715406169,2023-10-06,38.81934715406169,1506.9417134675573
2023-10-07,2023-10-08,27935.08984375,27967.9089932793,-32.819149529299466,2023-10-07,32.819149529299466,1077.0965758265174
2023-10-08,2023-10-09,27583.677734375,27936.385346325755,-352.70761195075465,2023-10-08,352.70761195075465,124402.65952800412
2023-10-09,2023-10-10,27391.01953125,27594.61020259442,-203.59067134442012,2023-10-09,203.59067134442012,41449.16145847169
2023-10-10,2023-10-11,26873.3203125,27397.329063632125,-524.0087511321253,2023-10-10,524.0087511321253,274585.17126304965
2023-10-11,2023-10-12,26756.798828125,26889.549777289983,-132.75094916498347,2023-10-11,132.75094916498347,17622.814504204023
2023-10-12,2023-10-13,26862.375,26760.660069818754,101.71493018124602,2023-10-12,101.71493018124602,10345.927021775751
2023-10-13,2023-10-14,26861.70703125,26858.853533011374,2.8534982386263437,2023-10-13,2.8534982386263437,8.142452197843646
2023-10-14,2023-10-15,27159.65234375,26861.904584607113,297.74775914288693,2023-10-14,297.74775914288693,88653.72807461061
2023-10-15,2023-10-16,28519.466796875,27150.0186812612,1369.448115613799,2023-10-15,1369.448115613799,1875388.141358185
2023-10-16,2023-10-17,28415.748046875,28476.491928332736,-60.74388145773628,2023-10-16,60.74388145773628,3689.8191345515174
2023-10-17,2023-10-18,28328.341796875,28418.957579981652,-90.61578310665209,2023-10-17,90.61578310665209,8211.220148031814
2023-10-18,2023-10-19,28719.806640625,28331.190723023876,388.61591760112424,2023-10-18,388.61591760112424,151022.33141296377
2023-10-19,2023-10-20,29682.94921875,28707.29806496554,975.6511537844599,2023-10-19,975.6511537844599,951895.1738809478
2023-10-20,2023-10-21,29918.412109375,29652.48252731031,265.9295820646912,2023-10-20,265.9295820646912,70718.54261710134
2023-10-21,2023-10-22,29993.896484375,29910.905257182705,82.9912271922949,2023-10-21,82.9912271922949,6887.543790883108
2023-10-22,2023-10-23,33086.234375,29991.55022631648,3094.6841486835183,2023-10-22,3094.6841486835183,9577069.980113033
2023-10-23,2023-10-24,33901.52734375,32988.01458735135,913.5127563986534,2023-10-23,913.5127563986534,834505.5561030655
2023-10-24,2023-10-25,34502.8203125,33875.93930862997,626.8810038700321,2023-10-24,626.8810038700321,392979.79301309923
2023-10-25,2023-10-26,34156.6484375,34483.504279615525,-326.85584211552487,2023-10-25,326.85584211552487,106834.74152504891
2023-10-26,2023-10-27,33909.80078125,34167.91149752164,-258.11071627164347,2023-10-26,258.11071627164347,66621.14185426083
2023-10-27,2023-10-28,34089.57421875,33917.33977788,172.23444087000098,2023-10-27,172.23444087000098,29664.702621801865
2023-10-28,2023-10-29,34538.48046875,34084.141165666326,454.33930308367417,2023-10-28,454.33930308367417,206424.20232655873
2023-10-29,2023-10-30,34502.36328125,34523.97183867715,-21.608557427149208,2023-10-29,21.608557427149208,466.92975408240517
2023-10-30,2023-10-31,34667.78125,34503.800443090215,163.98080690978531,2023-10-30,163.98080690978531,26889.705034784296
2023-10-31,2023-11-01,35437.25390625,34662.23931917937,775.0145870706328,2023-10-31,775.0145870706328,600647.6101722636
2023-11-01,2023-11-02,34938.2421875,35413.124985347175,-474.8827978471745,2023-11-01,474.8827978471745,225513.67169116042
2023-11-02,2023-11-03,34732.32421875,34953.85079337518,-221.52657462518255,2023-11-02,221.52657462518255,49074.02326516657
2023-11-03,2023-11-04,35082.1953125,34739.052425406524,343.142887093476,2023-11-03,343.142887093476,117747.04096284603
2023-11-04,2023-11-05,35049.35546875,35070.88213432331,-21.526665573306673,2023-11-04,21.526665573306673,463.3973307049867
2023-11-05,2023-11-06,35037.37109375,35050.6297910211,-13.258697271099663,2023-11-05,13.258697271099663,175.79305332666567
2023-11-06,2023-11-07,35443.5625,35037.51977371606,406.04272628393664,2023-11-06,406.04272628393664,164870.6955680919
2023-11-07,2023-11-08,35655.27734375,35430.89485846261,224.38248528738768,2023-11-07,224.38248528738768,50347.49970374475
2023-11-08,2023-11-09,36693.125,35648.36335116077,1044.7616488392305,2023-11-08,1044.7616488392305,1091526.9028852675
2023-11-09,2023-11-10,37313.96875,36660.38274807739,653.5860019226093,2023-11-09,653.5860019226093,427174.66190918104
2023-11-10,2023-11-11,37138.05078125,37294.137731784314,-156.08695053431438,2023-11-10,156.08695053431438,24363.136127101505
2023-11-11,2023-11-12,37054.51953125,37143.80564761112,-89.28611636112328,2023-11-11,89.28611636112328,7972.0105748520455
2023-11-12,2023-11-13,36502.35546875,37056.98922924362,-554.6337604936198,2023-11-12,554.6337604936198,307618.608279294
2023-11-13,2023-11-14,35537.640625,36520.059098079095,-982.4184730790948,2023-11-13,982.4184730790948,965146.0562470602
2023-11-14,2023-11-15,37880.58203125,35568.05199051889,2312.530040731108,2023-11-14,2312.530040731108,5347795.18928382
2023-11-15,2023-11-16,36154.76953125,37806.33301381416,-1651.563482564161,2023-11-15,1651.563482564161,2727661.9369394598
2023-11-16,2023-11-17,36596.68359375,36209.61905271408,387.06454103592114,2023-11-16,387.06454103592114,149818.95892734829
2023-11-17,2023-11-18,36585.703125,36582.4550020411,3.248122958902968,2023-11-17,3.248122958902968,10.550302756152572
2023-11-18,2023-11-19,37386.546875,36586.28427054686,800.2626044531426,2023-11-18,800.2626044531426,640420.2360861269
2023-11-19,2023-11-20,37476.95703125,37360.89066935629,116.06636189371056,2023-11-19,116.06636189371056,13471.400363241788
2023-11-20,2023-11-21,35813.8125,37474.38044311256,-1660.567943112561,2023-11-20,1660.567943112561,2757485.893693081
2023-11-21,2023-11-22,37432.33984375,35866.331334243936,1566.008509506064,2023-11-21,1566.008509506064,2452382.651845404
2023-11-22,2023-11-23,37289.62109375,37381.09824050525,-91.47714675524912,2023-11-22,91.47714675524912,8368.068378481385
2023-11-23,2023-11-24,37720.28125,37294.14244119323,426.1388088067688,2023-11-23,426.1388088067688,181594.28437125185
2023-11-24,2023-11-25,37796.79296875,37706.60648014864,90.18648860135727,2023-11-24,90.18648860135727,8133.602726242744
2023-11-25,2023-11-26,37479.12109375,37794.40114498985,-315.2800512398535,2023-11-25,315.2800512398535,99401.51070980464
2023-11-26,2023-11-27,37254.16796875,37489.1760084439,-235.00803969390108,2023-11-26,235.00803969390108,55228.778720770184
2023-11-27,2023-11-28,37831.0859375,37261.31410230757,569.7718351924268,2023-11-27,569.7718351924268,324639.94417854596
2023-11-28,2023-11-29,37858.4921875,37812.74717692902,45.7450105709795,2023-11-28,45.7450105709795,2092.6059921390265
2023-11-29,2023-11-30,37712.74609375,37857.69167728334,-144.94558353334287,2023-11-29,144.94558353334287,21009.222185821276
2023-11-30,2023-12-01,38688.75,37717.306709585515,971.4432904144851,2023-11-30,971.4432904144851,943702.0664913217
2023-12-01,2023-12-02,39476.33203125,38657.817483905514,818.5145473444863,2023-12-01,818.5145473444863,669966.0642145494
2023-12-02,2023-12-03,39978.390625,39451.35427468659,527.0363503134067,2023-12-02,527.0363503134067,277767.314551676
2023-12-03,2023-12-04,41980.09765625,39962.48931262549,2017.6083436245099,2023-12-03,2017.6083436245099,4070743.428263238
2023-12-04,2023-12-05,44080.6484375,41916.55032864631,2164.0981088536864,2023-12-04,2164.0981088536864,4683320.624744102
2023-12-05,2023-12-06,43746.4453125,44014.12014812609,-267.67483562608686,2023-12-05,267.67483562608686,71649.81762745262
2023-12-06,2023-12-07,43292.6640625,43757.068877547936,-464.4048150479357,2023-12-06,464.4048150479357,215671.83223970735
2023-12-07,2023-12-08,44166.6015625,43307.03041308372,859.5711494162824,2023-12-07,859.5711494162824,738862.560908829
2023-12-08,2023-12-09,43725.984375,44138.858399356235,-412.87402435623517,2023-12-08,412.87402435623517,170464.95998811306
2023-12-09,2023-12-10,43779.69921875,43740.041933996945,39.65728475305514,2023-12-09,39.65728475305514,1572.7002339848993
2023-12-10,2023-12-11,41243.83203125,43777.88984034786,-2534.0578090978597,2023-12-10,2534.0578090978597,6421448.979849845
2023-12-11,2023-12-12,41450.22265625,41324.448611038635,125.77404521136486,2023-12-11,125.77404521136486,15819.110448830454
2023-12-12,2023-12-13,42890.7421875,41443.35653158746,1447.3856559125416,2023-12-12,1447.3856559125416,2094925.236941378
2023-12-13,2023-12-14,43023.97265625,42845.33518308506,178.63747316494118,2023-12-13,178.63747316494118,31911.346818755082
2023-12-14,2023-12-15,41929.7578125,43019.53742440219,-1089.7796119021878,2023-12-14,1089.7796119021878,1187619.602517683
2023-12-15,2023-12-16,42240.1171875,41964.711207570115,275.4059799298848,2023-12-15,275.4059799298848,75848.4537811401
2023-12-16,2023-12-17,41364.6640625,42229.96267664182,-865.2986141418223,2023-12-16,865.2986141418223,748741.6916357583
2023-12-17,2023-12-18,42623.5390625,41392.78132718171,1230.7577353182933,2023-12-17,1230.7577353182933,1514764.603045814
2023-12-18,2023-12-19,42270.52734375,42583.1808068777,-312.6534631277027,2023-12-18,312.6534631277027,97752.18800574576
2023-12-19,2023-12-20,43652.25,42282.22466932535,1370.0253306746527,2023-12-19,1370.0253306746527,1876969.4066901912
2023-12-20,2023-12-21,43869.15234375,43607.86951629209,261.28282745790784,2023-12-20,261.28282745790784,68268.71592439884
2023-12-21,2023-12-22,43997.90234375,43862.886615565854,135.0157281841457,2023-12-21,135.0157281841457,18229.246857095117
2023-12-22,2023-12-23,43739.54296875,43993.21893093123,-253.67596218123072,2023-12-22,253.67596218123072,64351.4937885732
2023-12-23,2023-12-24,43016.1171875,43748.345103331754,-732.2279158317542,2023-12-23,732.2279158317542,536157.7207233146
2023-12-24,2023-12-25,43613.140625,43038.47058944683,574.670035553172,2023-12-24,574.670035553172,330245.649762684
2023-12-25,2023-12-26,42520.40234375,43594.73418094691,-1074.3318371969071,2023-12-25,1074.3318371969071,1154188.8964148818
2023-12-26,2023-12-27,43442.85546875,42554.60187054727,888.253598202733,2023-12-26,888.253598202733,788994.4547201021
2023-12-27,2023-12-28,42627.85546875,43413.96723646452,-786.111767714523,2023-12-27,786.111767714523,617971.7113392522
2023-12-28,2023-12-29,42099.40234375,42653.41221166445,-554.0098679144503,2023-12-28,554.0098679144503,306926.93374658667
2023-12-29,2023-12-30,42156.90234375,42116.42760788541,40.47473586459091,2023-12-29,40.47473586459091,1638.2042433084018
2023-12-30,2023-12-31,42265.1875,42154.788545343545,110.39895465645532,2023-12-30,110.39895465645532,12187.929189238077
2023-12-31,2024-01-01,44167.33203125,42262.03938269486,1905.2926485551434,2023-12-31,1905.2926485551434,3630140.076638273
2024-01-01,2024-01-02,44957.96875,44106.66465365743,851.3040963425665,2024-01-01,851.3040963425665,724718.6644496337
2024-01-02,2024-01-03,42848.17578125,44933.29761261079,-2085.1218313607897,2024-01-02,2085.1218313607897,4347733.051617374
2024-01-03,2024-01-04,44179.921875,42914.79734153178,1265.1245334682171,2024-01-03,1265.1245334682171,1600540.0851831741
2024-01-04,2024-01-05,44162.69140625,44137.825225028195,24.866181221805164,2024-01-04,24.866181221805164,618.3269685556558
2024-01-05,2024-01-06,43989.1953125,44163.16554913982,-173.97023663981963,2024-01-05,173.97023663981963,30265.64323651484
2024-01-06,2024-01-07,43943.09765625,43994.77417466163,-51.67651841163024,2024-01-06,51.67651841163024,2670.462555147559
2024-01-07,2024-01-08,46970.50390625,43944.47710359923,3026.0268026507692,2024-01-07,3026.0268026507692,9156838.210360838
2024-01-08,2024-01-09,46139.73046875,46874.46843728712,-734.7379685371197,2024-01-08,734.7379685371197,539839.8824100535
2024-01-09,2024-01-10,46627.77734375,46166.27535885305,461.5019848969532,2024-01-09,461.5019848969532,212984.08206382763
2024-01-10,2024-01-11,46368.5859375,46612.047328994035,-243.46139149403461,2024-01-10,243.46139149403461,59273.44914821159
2024-01-11,2024-01-12,42853.16796875,46377.0874939851,-3523.9195252350983,2024-01-11,3523.9195252350983,12418008.82033316
2024-01-12,2024-01-13,42842.3828125,42964.485470341155,-122.10265784115472,2024-01-12,122.10265784115472,14909.059051874103
2024-01-13,2024-01-14,41796.26953125,42842.72509826399,-1046.455567013989,2024-01-13,1046.455567013989,1095069.253734569
2024-01-14,2024-01-15,42511.96875,41829.48102848305,682.4877215169472,2024-01-14,682.4877215169472,465789.4900213941
2024-01-15,2024-01-16,43154.9453125,42489.161696768126,665.7836157318743,2024-01-15,665.7836157318743,443267.82297700807
2024-01-16,2024-01-17,42742.65234375,43134.67441875109,-392.02207500109216,2024-01-16,392.02207500109216,153681.30728816192
2024-01-17,2024-01-18,41262.05859375,42755.653658193594,-1493.5950644435943,2024-01-17,1493.5950644435943,2230826.216530265
2024-01-18,2024-01-19,41618.40625,41309.118372407385,309.2878775926147,2024-01-18,309.2878775926147,95658.9912257442
2024-01-19,2024-01-20,41665.5859375,41606.91873813991,58.66719936009031,2024-01-19,58.66719936009031,3441.840280756581
2024-01-20,2024-01-21,41545.78515625,41664.2893756071,-118.50421935709892,2024-01-20,118.50421935709892,14043.250005435419
2024-01-21,2024-01-22,39507.3671875,41549.39342989209,-2042.0262423920867,2024-01-21,2042.0262423920867,4169871.174617945
2024-01-22,2024-01-23,39845.55078125,39572.266570053245,273.28421119675477,2024-01-22,273.28421119675477,74684.26008943246
2024-01-23,2024-01-24,40077.07421875,39834.46608358248,242.6081351675166,2024-01-23,242.6081351675166,58858.70724946
2024-01-24,2024-01-25,39933.80859375,40070.095492623455,-136.28689887345536,2024-01-24,136.28689887345536,18574.118804543446
2024-01-25,2024-01-26,41816.87109375,39938.00840782154,1878.8626859284632,2024-01-25,1878.8626859284632,3530124.992574319
2024-01-26,2024-01-27,42120.0546875,41757.42015200548,362.6345354945224,2024-01-26,362.6345354945224,131503.80633332804
2024-01-27,2024-01-28,42035.59375,42110.25400387132,-74.66025387131958,2024-01-27,74.66025387131958,5574.153508129891
2024-01-28,2024-01-29,43288.24609375,42038.47322122253,1249.772872527472,2024-01-28,1249.772872527472,1561932.2329055686
2024-01-29,2024-01-30,42952.609375,43248.2739084749,-295.6645334748973,2024-01-29,295.6645334748973,87417.51635492868
2024-01-30,2024-01-31,42582.60546875,42963.56816864751,-380.96269989750726,2024-01-30,380.96269989750726,145132.5787131982
2024-01-31,2024-02-01,43075.7734375,42594.02545454087,481.74798295913206,2024-01-31,481.74798295913206,232081.1190851922
2024-02-01,2024-02-02,43185.859375,43060.40925990535,125.45011509465257,2024-02-01,125.45011509465257,15737.731377261578
2024-02-02,2024-02-03,42992.25,43182.11494990658,-189.86494990657957,2024-02-02,189.86494990657957,36048.699203027965
2024-02-03,2024-02-04,42583.58203125,42998.6523587154,-415.0703274654006,2024-02-03,415.0703274654006,172283.37674223492
2024-02-04,2024-02-05,42658.66796875,42596.28794207,62.38002668000263,2024-02-04,62.38002668000263,3891.26772859784
2024-02-05,2024-02-06,43084.671875,42656.51624258005,428.15563241994823,2024-02-05,428.15563241994823,183317.24557292584
2024-02-06,2024-02-07,44318.22265625,43070.923628906996,1247.2990273430041,2024-02-06,1247.2990273430041,1555754.863610804
2024-02-07,2024-02-08,45301.56640625,44279.31531673122,1022.2510895187806,2024-02-07,1022.2510895187806,1044997.2900223341
2024-02-08,2024-02-09,47147.19921875,45270.19506420397,1877.0041545460335,2024-02-08,1877.0041545460335,3523144.59618307
2024-02-09,2024-02-10,47771.27734375,47088.83430083937,682.4430429106287,2024-02-09,682.4430429106287,465728.5068171182
2024-02-10,2024-02-11,48293.91796875,47751.38691493288,542.5310538171179,2024-02-10,542.5310538171179,294339.9443559125
2024-02-11,2024-02-12,49958.22265625,48277.45230314114,1680.7703531088628,2024-02-11,1680.7703531088628,2824988.9798896913
2024-02-12,2024-02-13,49742.44140625,49905.3008536818,-162.85944743180153,2024-02-12,162.85944743180153,26523.199617791724
2024-02-13,2024-02-14,51826.6953125,49749.51041003007,2077.184902469933,2024-02-13,2077.184902469933,4314697.119049026
2024-02-14,2024-02-15,51938.5546875,51760.29037739425,178.26431010574743,2024-02-14,178.26431010574743,31778.164257478085
2024-02-15,2024-02-16,52160.203125,51935.40484072214,224.79828427785833,2024-02-15,224.79828427785833,50534.26861426881
2024-02-16,2024-02-17,51662.99609375,52152.77834408761,-489.7822503376083,2024-02-16,489.7822503376083,239886.65274577157
2024-02-17,2024-02-18,52122.546875,51679.18316377882,443.36371122118,2024-02-17,443.36371122118,196571.38042781787
2024-02-18,2024-02-19,51779.14453125,52107.51913963902,-328.3746083890219,2024-02-18,328.3746083890219,107829.88343464349
2024-02-19,2024-02-20,52284.875,51790.51745527672,494.3575447232797,2024-02-19,494.3575447232797,244389.3820248295
2024-02-20,2024-02-21,51839.1796875,52268.32561842431,-429.1459309243073,2024-02-20,429.1459309243073,184166.23002889036
2024-02-21,2024-02-22,51304.97265625,51853.858912137075,-548.8862558870751,2024-02-21,548.8862558870751,301276.1219017317
2024-02-22,2024-02-23,50731.94921875,51321.373069822424,-589.4238510724244,2024-02-22,589.4238510724244,347420.4762130476
2024-02-23,2024-02-24,51571.1015625,50750.65142697878,820.4501355212196,2024-02-23,820.4501355212196,673138.4248767877
2024-02-24,2024-02-25,51733.23828125,51543.90905244709,189.32922880291153,2024-02-24,189.32922880291153,35845.55687910523
2024-02-25,2024-02-26,54522.40234375,51728.70411890813,2793.6982248418717,2024-02-25,2793.6982248418717,7804749.7714846255
2024-02-26,2024-02-27,57085.37109375,54433.25804658675,2652.1130471632496,2024-02-26,2652.1130471632496,7033703.614933537
2024-02-27,2024-02-28,62504.7890625,57004.816191752114,5499.972870747886,2024-02-27,5499.972870747886,30249701.578962743
2024-02-28,2024-02-29,61198.3828125,62332.136114858535,-1133.7533023585347,2024-02-28,1133.7533023585347,1285396.550608883
2024-02-29,2024-03-01,62440.6328125,61240.891704154536,1199.7411083454645,2024-02-29,1199.7411083454645,1439378.7270540034
2024-03-01,2024-03-02,62029.84765625,62400.06544107608,-370.2177848260835,2024-03-01,370.2177848260835,137061.20820153228
2024-03-02,2024-03-03,63167.37109375,62044.106488750534,1123.2646049994655,2024-03-02,1123.2646049994655,1261723.3728446052
2024-03-03,2024-03-04,68330.4140625,63130.01963571566,5200.39442678434,2024-03-03,5200.39442678434,27044102.194129623
2024-03-04,2024-03-05,63801.19921875,68167.81283006602,-4366.613611316017,2024-03-04,4366.613611316017,19067314.43053031
2024-03-05,2024-03-06,66106.8046875,63944.11482961643,2162.689857883568,2024-03-05,2162.689857883568,4677227.421392447
2024-03-06,2024-03-07,66925.484375,66034.10423579151,891.3801392084861,2024-03-06,891.3801392084861,794558.55257534
2024-03-07,2024-03-08,68300.09375,66899.18854765545,1400.9052023445547,2024-03-07,1400.9052023445547,1962535.3859560378
2024-03-08,2024-03-09,68498.8828125,68256.82009333686,242.06271916313563,2024-03-08,242.06271916313563,58594.36000865107
2024-03-09,2024-03-10,69019.7890625,68492.32045829359,527.4686042064131,2024-03-09,527.4686042064131,278223.12842346175
2024-03-10,2024-03-11,72123.90625,69003.5158069529,3120.390443047101,2024-03-10,3120.390443047101,9736836.517059684
2024-03-11,2024-03-12,71481.2890625,72025.13698448871,-543.8479219887085,2024-03-11,543.8479219887085,295770.5622514364
2024-03-12,2024-03-13,73083.5,71502.16161222747,1581.3383877725282,2024-03-12,1581.3383877725282,2500631.096643019
2024-03-13,2024-03-14,71396.59375,73032.11472439508,-1635.5209743950836,2024-03-13,1635.5209743950836,2674928.857686244
2024-03-14,2024-03-15,69403.7734375,71450.79326593297,-2047.0198284329672,2024-03-14,2047.0198284329672,4190290.1779977344
2024-03-15,2024-03-16,65315.1171875,69466.26793129153,-4151.150743791528,2024-03-15,4151.150743791528,17232052.497680955
2024-03-16,2024-03-17,68390.625,65445.527106493544,2945.097893506456,2024-03-16,2945.097893506456,8673601.602336165
2024-03-17,2024-03-18,67548.59375,68292.05290755744,-743.459157557445,2024-03-17,743.459157557445,552731.5189560258
2024-03-18,2024-03-19,61912.7734375,67576.49815014817,-5663.724712648167,2024-03-18,5663.724712648167,32077777.620661564
2024-03-19,2024-03-20,67913.671875,62090.47366551146,5823.198209488539,2024-03-19,5823.198209488539,33909637.386990525
2024-03-20,2024-03-21,65491.390625,67723.90605998776,-2232.5154349877557,2024-03-20,2232.5154349877557,4984125.167458568
2024-03-21,2024-03-22,63778.76171875,65568.04118357821,-1789.2794648282143,2024-03-21,1789.2794648282143,3201521.003255941
2024-03-22,2024-03-23,64062.203125,63833.1862156834,229.01690931659687,2024-03-22,229.01690931659687,52448.74475292635
2024-03-23,2024-03-24,67234.171875,64053.013236453044,3181.1586385469564,2024-03-23,3181.1586385469564,10119770.283601925
2024-03-24,2024-03-25,69958.8125,67133.6796190947,2825.132880905294,2024-03-24,2825.132880905294,7981375.794772245
2024-03-25,2024-03-26,69987.8359375,69872.35974789227,115.47618960772525,2024-03-25,115.47618960772525,13334.750366319313
2024-03-26,2024-03-27,69455.34375,69987.08823828604,-531.7444882860436,2024-03-26,531.7444882860436,282752.20082258637
2024-03-27,2024-03-28,70744.953125,69472.08002131773,1272.873103682272,2024-03-27,1272.873103682272,1620205.9380777397
2024-03-28,2024-03-29,69892.828125,70704.13423476186,-811.3061097618629,2024-03-28,811.3061097618629,658217.603736928
2024-03-29,2024-03-30,69645.3046875,69919.86458657993,-274.55989907993353,2024-03-29,274.55989907993353,75383.13818278328
2024-03-30,2024-03-31,71333.6484375,69653.1102023034,1680.5382351965964,2024-03-30,1680.5382351965964,2824208.7599576907
2024-03-31,2024-04-01,69702.1484375,71280.07856036624,-1577.930122866237,2024-03-31,1577.930122866237,2489863.472648658
2024-04-01,2024-04-02,65446.97265625,69754.05215786454,-4307.079501614542,2024-04-01,4307.079501614542,18550933.83322817
2024-04-02,2024-04-03,65980.8125,65581.82821528037,398.9842847196269,2024-04-02,398.9842847196269,159188.4594532323
2024-04-03,2024-04-04,68508.84375,65963.75189483292,2545.0918551670766,2024-04-03,2545.0918551670766,6477492.551237792
2024-04-04,2024-04-05,67837.640625,68428.73776262756,-591.0971376275556,2024-04-04,591.0971376275556,349395.82611148944
2024-04-05,2024-04-06,68896.109375,67859.00421018347,1037.1051648165303,2024-04-05,1037.1051648165303,1075587.1228891225
2024-04-06,2024-04-07,69362.5546875,68862.39646307254,500.1582244274614,2024-04-06,500.1582244274614,250158.24946243083
2024-04-07,2024-04-08,71631.359375,69347.93966729319,2283.4197077068093,2024-04-07,2283.4197077068093,5214005.56154385
2024-04-08,2024-04-09,69139.015625,71559.17536488587,-2420.159739885872,2024-04-08,2420.159739885872,5857173.166564452
2024-04-09,2024-04-10,70587.8828125,69218.48056265147,1369.4022498485283,2024-04-09,1369.4022498485283,1875262.5218902112
2024-04-10,2024-04-11,70060.609375,70541.34623521852,-480.7368602185161,2024-04-10,480.7368602185161,231107.92877275706
2024-04-11,2024-04-12,67195.8671875,70077.99951374874,-2882.132326248742,2024-04-11,2882.132326248742,8306686.746007986
2024-04-12,2024-04-13,63821.47265625,67286.1317231196,-3464.659066869601,2024-04-12,3464.659066869601,12003862.449641732
2024-04-13,2024-04-14,65738.7265625,63929.047596770106,1809.6789657298941,2024-04-13,1809.6789657298941,3274937.9590052194
2024-04-14,2024-04-15,63426.2109375,65677.14209693282,-2250.9311594328174,2024-04-14,2250.9311594328174,5066691.084505567
2024-04-15,2024-04-16,63811.86328125,63500.493151893854,311.3701293561462,2024-04-15,311.3701293561462,96951.35745526322
2024-04-16,2024-04-17,61276.69140625,63798.57602627872,-2521.8846200287226,2024-04-16,2521.8846200287226,6359902.036737414
2024-04-17,2024-04-18,63512.75390625,61358.241981199855,2154.511925050145,2024-04-17,2154.511925050145,4641921.63518328
2024-04-18,2024-04-19,63843.5703125,63440.503981622875,403.06633087712544,2024-04-18,403.06633087712544,162462.46708674837
2024-04-19,2024-04-20,64994.44140625,63834.49521887922,1159.946187370777,2024-04-19,1159.946187370777,1345475.1575960014
2024-04-20,2024-04-21,64926.64453125,64956.51861910547,-29.874087855467224,2024-04-20,29.874087855467224,892.4611251961743
2024-04-21,2024-04-22,66837.6796875,64930.260267694735,1907.4194198052646,2024-04-21,1907.4194198052646,3638248.843050252
2024-04-22,2024-04-23,66407.2734375,66775.555245497,-368.28180799700203,2024-04-22,368.28180799700203,135631.49010154066
2024-04-23,2024-04-24,64276.8984375,66422.53061717877,-2145.632179678767,2024-04-23,2145.632179678767,4603737.450473056
2024-04-24,2024-04-25,64481.70703125,64342.9242030303,138.7828282197006,2024-04-24,138.7828282197006,19260.673408658928
2024-04-25,2024-04-26,63755.3203125,64476.62220340275,-721.3018909027523,2024-04-25,721.3018909027523,520276.41781988606
2024-04-26,2024-04-27,63419.140625,63776.99699332764,-357.856368327637,2024-04-26,357.856368327637,128061.18035264542
2024-04-27,2024-04-28,63113.23046875,63431.12357562541,-317.89310687541,2024-04-27,317.89310687541,101056.02739890086
2024-04-28,2024-04-29,63841.12109375,63121.619924533195,719.5011692168046,2024-04-28,719.5011692168046,517681.9325043488
2024-04-29,2024-04-30,60636.85546875,63819.29462532923,-3182.439156579232,2024-04-29,3182.439156579232,10127918.985328734
2024-04-30,2024-05-01,58254.01171875,60737.37645105333,-2483.364732303329,2024-04-30,2483.364732303329,6167100.3936479855
2024-05-01,2024-05-02,59123.43359375,58330.595838830755,792.8377549192446,2024-05-01,792.8377549192446,628591.7056253882
2024-05-02,2024-05-03,62889.8359375,59094.71341519439,3795.12252230561,2024-05-02,3795.12252230561,14402954.959311295
2024-05-03,2024-05-04,63891.47265625,62771.43546271976,1120.0371935302392,2024-05-03,1120.0371935302392,1254483.3148910943
2024-05-04,2024-05-05,64031.1328125,63858.81770946024,172.31510303975665,2024-05-04,172.31510303975665,29692.49473560195
2024-05-05,2024-05-06,63161.94921875,64027.625973677044,-865.6767549270444,2024-05-05,865.6767549270444,749396.244021018
2024-05-06,2024-05-07,62334.81640625,63188.638975391594,-853.8225691415937,2024-05-06,853.8225691415937,729012.9795755516
2024-05-07,2024-05-08,61187.94140625,62361.900422832055,-1173.9590165820555,2024-05-07,1173.9590165820555,1378179.7726143068
2024-05-08,2024-05-09,63049.9609375,61223.47021976734,1826.4907177326604,2024-05-08,1826.4907177326604,3336068.341963569
2024-05-09,2024-05-10,60792.77734375,62991.62378280059,-2198.8464390505906,2024-05-09,2198.8464390505906,4834925.662525463
2024-05-10,2024-05-11,60793.7109375,60863.821385052644,-70.11044755264447,2024-05-10,70.11044755264447,4915.474856032111
2024-05-11,2024-05-12,61448.39453125,60794.10721188214,654.2873193678606,2024-05-11,654.2873193678606,428091.8962855808
2024-05-12,2024-05-13,62901.44921875,61427.188418827755,1474.2607999222455,2024-05-12,1474.2607999222455,2173444.9061873793
2024-05-13,2024-05-14,61552.7890625,62855.78720151396,-1302.9981390139583,2024-05-13,1302.9981390139583,1697804.1502738385
2024-05-14,2024-05-15,66267.4921875,61595.26092576677,4672.231261733228,2024-05-14,4672.231261733228,21829744.96311727
2024-05-15,2024-05-16,65231.58203125,66118.04012655557,-886.4580953055702,2024-05-15,886.4580953055702,785807.9547327793
2024-05-16,2024-05-17,67051.875,65264.62732800752,1787.2476719924816,2024-05-16,1787.2476719924816,3194254.241042545
2024-05-17,2024-05-18,66940.8046875,66993.84391127192,-53.03922377192066,2024-05-17,53.03922377192066,2813.159258327874
2024-05-18,2024-05-19,66278.3671875,66944.7172408975,-666.350053397502,2024-05-18,666.350053397502,444022.3936628538
2024-05-19,2024-05-20,71448.1953125,66299.00739084181,5149.187921658187,2024-05-19,5149.187921658187,26514136.252550565
2024-05-20,2024-05-21,70136.53125,71284.39478188782,-1147.8635318878223,2024-05-20,1147.8635318878223,1317590.6878379856
2024-05-21,2024-05-22,69122.3359375,70178.26867919593,-1055.9327416959277,2024-05-21,1055.9327416959277,1114993.9549854787
2024-05-22,2024-05-23,67929.5625,69154.33416757564,-1224.7716675756383,2024-05-22,1224.7716675756383,1500065.6376960098
2024-05-23,2024-05-24,68526.1015625,67967.54639476858,558.5551677314215,2024-05-23,558.5551677314215,311983.87539947644
2024-05-24,2024-05-25,69265.9453125,68506.9507403595,758.9945721404947,2024-05-24,758.9945721404947,576072.7605387326
2024-05-25,2024-05-26,68518.09375,69242.71477458619,-724.6210245861876,2024-05-25,724.6210245861876,525075.6292723363
2024-05-26,2024-05-27,69394.5546875,68541.64196687673,852.9127206232661,2024-05-26,852.9127206232661,727460.1090009816
2024-05-27,2024-05-28,68296.21875,69366.85996056495,-1070.6412105649506,2024-05-27,1070.6412105649506,1146272.601759983
2024-05-28,2024-05-29,67578.09375,68331.0308206968,-752.9370706968039,2024-05-28,752.9370706968039,566914.2324294838
2024-05-29,2024-05-30,68364.9921875,67600.8605807629,764.1316067370935,2024-05-29,764.1316067370935,583897.1124146122
2024-05-30,2024-05-31,67491.4140625,68339.98278707701,-848.5687245770096,2024-05-30,848.5687245770096,720068.8803302527
2024-05-31,2024-06-01,67706.9375,67519.23948944893,187.69801055107382,2024-05-31,187.69801055107382,35230.54316483102
2024-06-01,2024-06-02,67751.6015625,67699.9336788159,51.66788368410198,2024-06-01,51.66788368410198,2669.570204393892
2024-06-02,2024-06-03,68804.78125,67750.3607162685,1054.420533731507,2024-06-02,1054.420533731507,1111802.6619546362
2024-06-03,2024-06-04,70567.765625,68771.17313039642,1796.5924946035811,2024-06-03,1796.5924946035811,3227744.591665919
2024-06-04,2024-06-05,71082.8203125,70512.049754301,570.7705581990012,2024-06-04,570.7705581990012,325779.03010679944
2024-06-05,2024-06-06,70757.1640625,71066.35959926661,-309.1955367666087,2024-06-05,309.1955367666087,95601.87995639128
2024-06-06,2024-06-07,69342.5859375,70767.65264119796,-1425.0667036979576,2024-06-06,1425.0667036979576,2030815.1099885623
2024-06-07,2024-06-08,69305.7734375,69387.32176694322,-81.5483294432197,2024-06-07,81.5483294432197,6650.130034979893
2024-06-08,2024-06-09,69647.9921875,69306.99898237294,340.9932051270589,2024-06-08,340.9932051270589,116276.36594282447
2024-06-09,2024-06-10,69512.28125,69637.06815588757,-124.78690588756581,2024-06-09,124.78690588756581,15571.771880992206
2024-06-10,2024-06-11,67332.03125,69516.6763644991,-2184.6451144991006,2024-06-10,2184.6451144991006,4772674.276304788
2024-06-11,2024-06-12,68241.1875,67401.15368744615,840.0338125538547,2024-06-11,840.0338125538547,705656.8062337646
2024-06-12,2024-06-13,66756.3984375,68212.24053987341,-1455.8421023734118,2024-06-12,1455.8421023734118,2119476.2270430354
2024-06-13,2024-06-14,66011.09375,66803.69420232814,-792.6004523281445,2024-06-13,792.6004523281445,628215.4770307792
2024-06-14,2024-06-15,66191.0,66034.47978055484,156.52021944515582,2024-06-14,156.52021944515582,24498.579095159734
2024-06-15,2024-06-16,66639.046875,66185.50028314537,453.54659185462515,2024-06-15,453.54659185462515,205704.51098294594
2024-06-16,2024-06-17,66490.296875,66624.62728603238,-134.33041103238065,2024-06-16,134.33041103238065,18044.659328128335
2024-06-17,2024-06-18,65140.74609375,66495.2487956815,-1354.502701931502,2024-06-17,1354.502701931502,1834677.5695397395
2024-06-18,2024-06-19,64960.296875,65183.352988206134,-223.0561132061339,2024-06-18,223.0561132061339,49754.02963862762
2024-06-19,2024-06-20,64828.65625,64966.15166320143,-137.4954132014318,2024-06-19,137.4954132014318,18904.988651432468
2024-06-20,2024-06-21,64096.19921875,64832.696409656375,-736.4971909063752,2024-06-20,736.4971909063752,542428.1122129817
2024-06-21,2024-06-22,64252.578125,64119.580305257216,132.9978197427845,2024-06-21,132.9978197427845,17688.420056334195
2024-06-22,2024-06-23,63180.796875,64247.42798572938,-1066.6311107293805,2024-06-22,1066.6311107293805,1137701.926375792
2024-06-23,2024-06-24,60277.4140625,63215.0201471483,-2937.6060846483015,2024-06-23,2937.6060846483015,8629529.508562723
2024-06-24,2024-06-25,61804.640625,60369.30974627258,1435.3308787274218,2024-06-24,1435.3308787274218,2060174.7314284327
2024-06-25,2024-06-26,60811.27734375,61756.19471263324,-944.9173688832379,2024-06-25,944.9173688832379,892868.8340172211
2024-06-26,2024-06-27,61604.80078125,60842.899480766595,761.9013004834051,2024-06-26,761.9013004834051,580493.5916783039
2024-06-27,2024-06-28,60320.13671875,61579.44286107068,-1259.3061423206818,2024-06-27,1259.3061423206818,1585851.9600865974
2024-06-28,2024-06-29,60887.37890625,60361.15058086227,526.2283253877322,2024-06-28,526.2283253877322,276916.2504403769
2024-06-29,2024-06-30,62678.29296875,60869.03934987417,1809.2536188758313,2024-06-29,1809.2536188758313,3273398.6574152918
2024-06-30,2024-07-01,62851.98046875,62621.80792388017,230.1725448698271,2024-06-30,230.1725448698271,52979.40041185257
2024-07-01,2024-07-02,62029.015625,62846.243623703274,-817.2279987032744,2024-07-01,817.2279987032744,667861.601864559
2024-07-02,2024-07-03,60173.921875,62055.37760139555,-1881.4557263955503,2024-07-02,1881.4557263955503,3539875.6503866077
2024-07-03,2024-07-04,56977.703125,60232.51882796087,-3254.81570296087,2024-07-03,3254.81570296087,10593825.260240663
2024-07-04,2024-07-05,56662.375,57079.32128819359,-416.9462881935906,2024-07-04,416.9462881935906,173844.2072384127
2024-07-05,2024-07-06,58303.5390625,56671.98231375135,1631.5567487486478,2024-07-05,1631.5567487486478,2661977.4243872585
2024-07-06,2024-07-07,55849.109375,58251.808452419195,-2402.6990774191945,2024-07-06,2402.6990774191945,5772962.856631048
2024-07-07,2024-07-08,56705.09765625,55926.79824012994,778.2994161200622,2024-07-07,778.2994161200622,605749.9811328298
2024-07-08,2024-07-09,58009.2265625,56677.95299074102,1331.2735717589821,2024-07-08,1331.2735717589821,1772289.3228639178
2024-07-09,2024-07-10,57742.49609375,57967.861711715566,-225.36561796556634,2024-07-09,225.36561796556634,50789.6617610016
2024-07-10,2024-07-11,57344.9140625,57751.032533949256,-406.1184714492556,2024-07-10,406.1184714492556,164932.21285227983
2024-07-11,2024-07-12,57899.46484375,57357.447312470926,542.0175312790743,2024-07-11,542.0175312790743,293783.0042138623
2024-07-12,2024-07-13,59231.953125,57881.914572536276,1350.038552463724,2024-07-12,1350.038552463724,1822604.0931383474
2024-07-13,2024-07-14,60787.79296875,59189.639233301874,1598.153735448126,2024-07-13,1598.153735448126,2554095.362126799
2024-07-14,2024-07-15,64870.15234375,60738.51646153413,4131.635882215873,2024-07-14,4131.635882215873,17070415.063213732
2024-07-15,2024-07-16,65097.1484375,64740.55459945247,356.59383804752724,2024-07-15,356.59383804752724,127159.16533346608
2024-07-16,2024-07-17,64118.79296875,65090.265931583584,-971.4729628335845,2024-07-16,971.4729628335845,943759.717516663
2024-07-17,2024-07-18,63974.06640625,64149.55202840641,-175.4856221564114,2024-07-17,175.4856221564114,30795.20358362279
2024-07-18,2024-07-19,66710.15625,63978.87977030112,2731.2764796988777,2024-07-18,2731.2764796988777,7459871.2085562935
2024-07-19,2024-07-20,67163.6484375,66623.06226588483,540.5861716151703,2024-07-19,540.5861716151703,292233.4089415464
2024-07-20,2024-07-21,68154.5234375,67149.70016220355,1004.8232752964541,2024-07-20,1004.8232752964541,1009669.8145774936
2024-07-21,2024-07-22,67585.25,68122.65774853801,-537.4077485380112,2024-07-21,537.4077485380112,288807.0881886943
2024-07-22,2024-07-23,65927.671875,67603.80710503581,-1676.1352300358121,2024-07-22,1676.1352300358121,2809429.309367205
2024-07-23,2024-07-24,65372.1328125,65979.77222925394,-607.6394167539402,2024-07-23,607.6394167539402,369225.6607930686
2024-07-24,2024-07-25,65777.2265625,65390.153494551654,387.07306794834585,2024-07-24,387.07306794834585,149825.55993094476
2024-07-25,2024-07-26,67912.0625,65763.94109006911,2148.1214099308854,2024-07-25,2148.1214099308854,4614425.591803455
2024-07-26,2024-07-27,67813.3359375,67844.73806120743,-31.40212370743393,2024-07-26,31.40212370743393,986.0933733369841
2024-07-27,2024-07-28,68255.8671875,67816.19727749641,439.6699100035912,2024-07-27,439.6699100035912,193309.629762566
2024-07-28,2024-07-29,66819.9140625,68242.07951000013,-1422.165447500127,2024-07-28,1422.165447500127,2022554.5600632362
2024-07-29,2024-07-30,66201.015625,66865.28029263037,-664.2646676303702,2024-07-29,664.2646676303702,441247.54866208625
2024-07-30,2024-07-31,64619.25,66220.76730259482,-1601.517302594817,2024-07-30,1601.517302594817,2564857.670510579
2024-07-31,2024-08-01,65357.5,64669.31603951994,688.1839604800625,2024-07-31,688.1839604800625,473597.16346202424
2024-08-01,2024-08-02,61415.06640625,65334.082940103435,-3919.0165338534352,2024-08-01,3919.0165338534352,15358690.592616593
2024-08-02,2024-08-03,60680.09375,61540.2713155261,-860.1775655261008,2024-08-02,860.1775655261008,739905.4442344095
2024-08-03,2024-08-04,58116.9765625,60703.06606355622,-2586.0895010562235,2024-08-03,2586.0895010562235,6687858.907473227
2024-08-04,2024-08-05,53991.45703125,58198.64859401717,-4207.19156276717,2024-08-04,4207.19156276717,17700460.84581926
2024-08-05,2024-08-06,56034.31640625,54121.931030127555,1912.3853761224455,2024-08-05,1912.3853761224455,3657217.826806987
2024-08-06,2024-08-07,55027.4609375,55969.61992203846,-942.1589845384588,2024-08-06,942.1589845384588,887663.5521465398
2024-08-07,2024-08-08,61710.13671875,55059.43510815764,6650.701610592361,2024-08-07,6650.701610592361,44231831.91313583
2024-08-08,2024-08-09,60880.11328125,61497.882925755206,-617.7696445052061,2024-08-08,617.7696445052061,381639.3336720887
2024-08-09,2024-08-10,60945.8125,60907.10154105291,38.71095894709288,2024-08-09,38.71095894709288,1498.53834260351
2024-08-10,2024-08-11,58719.484375,60943.0294026741,-2223.545027674103,2024-08-10,2223.545027674103,4944152.490094228
2024-08-11,2024-08-12,59354.515625,58790.861194979276,563.6544300207242,2024-08-11,563.6544300207242,317706.31648198754
2024-08-12,2024-08-13,60609.56640625,59333.485277472326,1276.0811287776742,2024-08-12,1276.0811287776742,1628383.047222503
2024-08-13,2024-08-14,58737.26953125,60570.632190929566,-1833.3626596795657,2024-08-13,1833.3626596795657,3361218.641907331
2024-08-14,2024-08-15,57560.09765625,58795.91316274604,-1235.8155064960374,2024-08-14,1235.8155064960374,1527239.9660960576
2024-08-15,2024-08-16,58894.10546875,57598.107109862925,1295.9983588870746,2024-08-15,1295.9983588870746,1679611.7462379904
2024-08-16,2024-08-17,59478.97265625,58851.02755023671,627.9451060132924,2024-08-16,627.9451060132924,394315.056166045
2024-08-17,2024-08-18,58483.96484375,59461.23070169364,-977.2658579436393,2024-08-17,977.2658579436393,955048.5571023173
2024-08-18,2024-08-19,59493.453125,58514.78518036256,978.6679446374401,2024-08-18,978.6679446374401,957790.9458608715
2024-08-19,2024-08-20,59012.79296875,59462.08299610819,-449.29002735819086,2024-08-19,449.29002735819086,201861.52868352388
2024-08-20,2024-08-21,61175.19140625,59027.46397199673,2147.727434253269,2024-08-20,2147.727434253269,4612733.13184413
2024-08-21,2024-08-22,60381.9140625,61107.08222334205,-725.1681608420477,2024-08-21,725.1681608420477,525868.861499038
2024-08-22,2024-08-23,64094.35546875,60406.73912075543,3687.616347994568,2024-08-22,3687.616347994568,13598514.329996794
2024-08-23,2024-08-24,64178.9921875,63976.783123073525,202.20906442647538,2024-08-23,202.20906442647538,40888.50573623047
2024-08-24,2024-08-25,64333.54296875,64176.321068483856,157.22190026614408,2024-08-24,157.22190026614408,24718.725923297356
2024-08-25,2024-08-26,62880.66015625,64328.62741072706,-1447.9672544770583,2024-08-25,1447.9672544770583,2096609.17003783
2024-08-26,2024-08-27,59504.1328125,62926.80802248768,-3422.675209987683,2024-08-26,3422.675209987683,11714705.59306423
2024-08-27,2024-08-28,59027.625,59611.19156447897,-583.5665644789697,2024-08-27,583.5665644789697,340549.93517778744
2024-08-28,2024-08-29,59388.1796875,59042.615436074746,345.56425142525404,2024-08-28,345.56425142525404,119414.6518630962
2024-08-29,2024-08-30,59119.4765625,59376.8300157076,-257.353453207601,2024-08-29,257.353453207601,66230.79987787687
2024-08-30,2024-08-31,58969.8984375,59127.94070786807,-158.04227036806697,2024-08-30,158.04227036806697,24977.35922309318
2024-08-31,2024-09-01,57325.48828125,58974.69124752329,-1649.2029662732893,2024-08-31,1649.2029662732893,2719870.4239646164
2024-09-01,2024-09-02,59112.48046875,57377.63969671497,1734.8407720350297,2024-09-01,1734.8407720350297,3009672.504315098
2024-09-02,2024-09-03,57431.0234375,59055.6671223309,-1624.6436848309022,2024-09-02,1624.6436848309022,2639467.102660932
2024-09-03,2024-09-04,57971.5390625,57484.63158234443,486.9074801555689,2024-09-03,486.9074801555689,237078.89423144574
2024-09-04,2024-09-05,56160.48828125,57954.018714784215,-1793.5304335342153,2024-09-04,1793.5304335342153,3216751.4160134303
2024-09-05,2024-09-06,53948.75390625,56218.38608335714,-2269.632177107138,2024-09-05,2269.632177107138,5151230.219360087
2024-09-06,2024-09-07,54139.6875,54018.428733888904,121.25876611109561,2024-09-06,121.25876611109561,14703.68835878539
2024-09-07,2024-09-08,54841.56640625,54133.98243594739,707.5839703026068,2024-09-07,707.5839703026068,500675.0750292003
2024-09-08,2024-09-09,57019.53515625,54818.94587151505,2200.5892847349533,2024-09-08,2200.5892847349533,4842593.200090293
2024-09-09,2024-09-10,57648.7109375,56950.77925051838,697.9316869816175,2024-09-09,697.9316869816175,487108.6396930066
2024-09-10,2024-09-11,57343.171875,57628.527567442514,-285.3556924425138,2024-09-10,285.3556924425138,81427.87120934654
2024-09-11,2024-09-12,58127.01171875,57353.12950422616,773.8822145238373,2024-09-11,773.8822145238373,598893.6819563186
2024-09-12,2024-09-13,60571.30078125,58101.84676242498,2469.4540188250176,2024-09-12,2469.4540188250176,6098203.15109103
2024-09-13,2024-09-14,60005.12109375,60494.03933470757,-488.9182409575733,2024-09-13,488.9182409575733,239041.0463410477
2024-09-14,2024-09-15,59182.8359375,60022.959727828915,-840.1237903289148,2024-09-14,840.1237903289148,705807.9830766224
2024-09-15,2024-09-16,58192.5078125,59209.03075292639,-1016.5229404263882,2024-09-15,1016.5229404263882,1033318.8884131104
2024-09-16,2024-09-17,60308.5390625,58223.79398176839,2084.7450807316127,2024-09-16,2084.7450807316127,4346162.051634658
2024-09-17,2024-09-18,61649.6796875,60241.43101168839,1408.2486758116065,2024-09-17,1408.2486758116065,1983164.3329251432
2024-09-18,2024-09-19,62940.45703125,61607.20259445484,1333.2544367951632,2024-09-18,1333.2544367951632,1777567.3932339877
2024-09-19,2024-09-20,63192.9765625,62899.486255998716,293.49030650128407,2024-09-19,293.49030650128407,86136.56001021767
2024-09-20,2024-09-21,63394.83984375,63185.05611413813,209.78372961186687,2024-09-20,209.78372961186687,44009.21320986487
2024-09-21,2024-09-22,63648.7109375,63388.35618655548,260.35475094451976,2024-09-21,260.35475094451976,67784.59633938292
2024-09-22,2024-09-23,63329.80078125,63640.7415101217,-310.9407288716975,2024-09-22,310.9407288716975,96684.1368712625
2024-09-23,2024-09-24,64301.96875,63339.85687681586,962.1118731841416,2024-09-23,962.1118731841416,925659.2565218977
2024-09-24,2024-09-25,63143.14453125,64271.145996961044,-1128.0014657110441,2024-09-24,1128.0014657110441,1272387.306646264
2024-09-25,2024-09-26,65181.01953125,63179.97332315425,2001.0462080957514,2024-09-25,2001.0462080957514,4004185.926934385
2024-09-26,2024-09-27,65790.6640625,65116.18801367191,674.4760488280881,2024-09-26,674.4760488280881,454917.9404427495
2024-09-27,2024-09-28,65887.6484375,65771.60678066431,116.04165683568863,2024-09-27,116.04165683568863,13465.666121171722
2024-09-28,2024-09-29,65635.3046875,65884.32472859937,-249.02004109937116,2024-09-28,249.02004109937116,62010.9808691325
2024-09-29,2024-09-30,63329.5,65643.56597596404,-2314.0659759640403,2024-09-29,2314.0659759640403,5354901.3411144065
2024-09-30,2024-10-01,60837.0078125,63402.43757761544,-2565.429765115441,2024-09-30,2565.429765115441,6581429.879740267
2024-10-01,2024-10-02,60632.78515625,60916.21601570973,-283.43085945973144,2024-10-01,283.43085945973144,80333.05209408203
2024-10-02,2024-10-03,60759.40234375,60638.98977652167,120.4125672283335,2024-10-02,120.4125672283335,14499.186346517936
2024-10-03,2024-10-04,62067.4765625,60755.64171604812,1311.8348464518785,2024-10-03,1311.8348464518785,1720910.6643654238
2024-10-04,2024-10-05,62089.94921875,62025.70153148758,64.24768726241746,2024-10-04,64.24768726241746,4127.765318569398
2024-10-05,2024-10-06,62818.953125,62089.58601795802,729.3671070419805,2024-10-05,729.3671070419805,531976.3768347878
